Date,Open,High,Low,Close,Volume,Adj_Close
2021-10-04,138.2686644790599,138.70759357948737,134.86462732153362,135.71319580078125,98322000,135.71319580078125
2021-10-05,136.0545166576062,138.73678711480215,135.9277136552574,137.63461303710938,80861100,137.63461303710938
2021-10-06,136.035013031244,138.64900052233625,134.96209883237336,138.50270080566406,83221100,138.50270080566406
2021-10-07,139.53659409609236,140.66802820004892,139.20497147758243,139.76092529296875,61732700,139.76092529296875
2021-10-08,140.48268240335435,140.6289820985626,139.04888585839274,139.38050842285156,58773200,139.38050842285156
2021-10-11,138.76606124094116,141.2434974770439,138.31738395190774,139.29275512695312,64452200,139.29275512695312
2021-10-12,139.70242001460875,139.72193160685052,137.56635459515326,138.0247802734375,73035900,138.0247802734375
2021-10-13,137.76143421982243,137.9174823014052,135.77166862906188,137.43955993652344,78762700,137.43955993652344
2021-10-14,138.6099736345154,140.33638447460456,138.02474508035556,140.21932983398438,69907100,140.21932983398438
2021-10-15,140.2291266309253,141.33128600610704,139.97552058470157,141.27276611328125,67940300,141.27276611328125
2021-10-18,139.9170017643,143.2235096811566,139.63415065247935,142.94065856933594,85589200,142.94065856933594
2021-10-19,143.38930715549284,145.49611240776287,142.94064476173952,145.09620666503906,76378900,145.09620666503906
2021-10-20,145.037656955219,146.0617994269622,144.47194001956103,145.5838623046875,58418800,145.5838623046875
2021-10-21,145.14498028007083,145.95454013073487,144.2281290062348,145.79847717285156,61421000,145.79847717285156
2021-10-22,146.0033099939033,146.481232332848,144.97916730862042,145.02793884277344,58883400,145.02793884277344
2021-10-25,145.0181495258691,145.69115788039105,143.98425867288518,144.97914123535156,50720600,144.97914123535156
2021-10-26,145.65214337099943,147.12494812357627,145.34001752826615,145.64239501953125,60893400,145.64239501953125
2021-10-27,145.68145499107032,146.0423376021523,144.83288673993832,145.18402099609375,56094900,145.18402099609375
2021-10-28,146.1300923838208,149.39757634919977,146.0325493292803,148.81236267089844,100077900,148.81236267089844
2021-10-29,143.59413644564216,146.2471470636249,142.804088225394,146.110595703125,124953200,146.110595703125
2021-11-01,145.3205654883688,146.01307072992742,144.1598713388164,145.2913055419922,74588300,145.2913055419922
2021-11-02,144.9986747309846,147.8370082711022,144.98891149464504,146.32518005371094,69122000,146.32518005371094
2021-11-03,146.686042864982,148.22713081802038,146.13008913879244,147.7589569091797,54511500,147.7589569091797
2021-11-04,147.8467296178319,148.67578599123124,146.92987854832478,147.24200439453125,60394600,147.24200439453125
2021-11-05,148.36531545380285,148.6681193629179,146.57777973692555,147.76947021484375,65463900,147.76947021484375
2021-11-08,147.8964665160418,148.0527572213007,146.67547332752292,146.948974609375,55020900,146.948974609375
2021-11-09,146.7145337755314,147.91598686060686,146.57778313905698,147.3103790283203,56787900,147.3103790283203
2021-11-10,146.53871644786318,146.64616444006643,144.41907415140022,144.48744201660156,65187100,144.48744201660156
2021-11-11,145.50333134171993,145.96241109507744,144.25302053135974,144.43861389160156,41000000,144.43861389160156
2021-11-12,144.9856329096499,146.9099196974308,144.0576809080353,146.5094451904297,63804000,146.5094451904297
2021-11-15,146.88062009926887,148.35558969382197,145.96243066007273,146.5192108154297,59222800,146.5192108154297
2021-11-16,146.4605718791386,147.97460635745318,145.87448920859703,147.4959716796875,59256200,147.4959716796875
2021-11-17,147.49599850722544,151.40317727562876,147.48623592599793,149.92822265625,88807000,149.92822265625
2021-11-18,150.1431040324191,154.98799688592075,149.4984160214015,154.20655822753906,137827700,154.20655822753906
2021-11-19,153.99168810581827,157.2834965855034,152.897682743032,156.82440185546875,117305600,156.82440185546875
2021-11-22,157.92810495680857,161.8548224569828,157.2638919463219,157.28343200683594,117467900,157.28343200683594
2021-11-23,157.3811499145866,158.04537802988585,155.36895531169498,157.6644287109375,96041900,157.6644287109375
2021-11-24,157.01974088138022,158.3774848564214,155.9354982175197,158.18212890625,69463600,158.18212890625
2021-11-26,155.86710492688786,156.72667394842426,152.73158803573577,153.171142578125,76959800,153.171142578125
2021-11-29,155.67170894176155,157.44948179191016,155.10516643692404,156.5215301513672,88748200,156.5215301513672
2021-11-30,156.2774094838687,161.67908367603815,156.20902669183067,161.4641876220703,174048100,161.4641876220703
2021-12-01,163.59359305485575,166.34816161455686,160.71205130315363,160.9464874267578,152052500,160.9464874267578
2021-12-02,155.05640108044867,160.38969196905754,154.13821164787007,159.95989990234375,136739200,159.95989990234375
2021-12-03,160.2138776845153,161.13206712633752,156.0136573148525,158.08445739746094,118023100,158.08445739746094
2021-12-06,160.47762170823455,163.98432659887726,160.46785912528537,161.48373413085938,107497000,161.48373413085938
2021-12-07,165.15644279486372,167.598429443289,164.4336093812365,167.20770263671875,120405400,167.20770263671875
2021-12-08,168.13564062689133,171.87676531869016,166.73881675330688,171.01718139648438,116998900,171.01718139648438
2021-12-09,170.85113086564078,172.64842918211983,169.88409893762693,170.50924682617188,108923700,170.50924682617188
2021-12-10,171.14418244016858,175.46161263264923,170.63624509261138,175.28578186035156,115402700,175.28578186035156
2021-12-13,176.91704079075095,177.9036129181879,171.45676231906222,171.66189575195312,153237000,171.66189575195312
2021-12-14,171.18327152968024,173.6154957034132,168.21382219359762,170.2846221923828,139380400,170.2846221923828
2021-12-15,171.04652519555987,175.33465344975855,168.31149697974806,175.13929748535156,131063300,175.13929748535156
2021-12-16,175.11975249855263,176.93659123544322,166.78769490587976,168.2626495361328,150185800,168.2626495361328
2021-12-17,165.98668171971096,169.44454258569772,165.75226057944147,167.16860961914062,195432700,167.16860961914062
2021-12-20,164.375008447403,166.62163920449956,163.5740445559153,165.81089782714844,107499100,165.81089782714844
2021-12-21,167.57886880713295,169.1808112556796,165.19548774606798,168.97569274902344,91185900,168.97569274902344
2021-12-22,169.02456703895956,171.77913555211592,168.15522025592128,171.56423950195312,92135300,171.56423950195312
2021-12-23,171.76936224404878,172.7461569911751,171.2028195021509,172.1893768310547,68356600,172.1893768310547
2021-12-27,172.98058061033834,176.233308952318,172.9610554465104,176.14540100097656,74919600,176.14540100097656
2021-12-28,175.97935346537145,177.1222015844957,174.38717318344425,175.12953186035156,79144300,175.12953186035156
2021-12-29,175.16862553735774,176.43846184720914,174.0062372592178,175.21746826171875,62348900,175.21746826171875
2021-12-30,175.30536819408863,176.37984846199373,173.95738656793606,174.06483459472656,59773000,174.06483459472656
2021-12-31,173.9573089469543,175.07085395286333,173.14656781651271,173.4493865966797,64062300,173.4493865966797
2022-01-03,173.70336783595081,178.63618304508262,173.58615726537937,177.78636169433594,104487900,177.78636169433594
2022-01-04,178.3920304132724,178.69483440178558,174.9634712930882,175.53001403808594,99310400,175.53001403808594
2022-01-05,175.44210103848545,175.9891036993743,170.58743006603996,170.86093139648438,94537600,170.86093139648438
2022-01-06,168.69245085589924,171.23212317548703,167.65705080251047,168.00869750976562,96904000,168.00869750976562
2022-01-07,168.8780063916408,170.09899955917385,167.06116796216358,168.17471313476562,86709100,168.17471313476562
2022-01-10,165.1564429133354,168.4970788622131,164.2675561955421,168.19427490234375,106765600,168.19427490234375
2022-01-11,168.32123396506768,171.11485190283432,166.8560422275084,171.01718139648438,76138300,171.01718139648438
2022-01-12,172.0330771442787,173.06847713761263,170.76325596284155,171.45677185058594,74805200,171.45677185058594
2022-01-13,171.70096415486904,172.52146809219963,167.80354809549323,168.19427490234375,84505800,168.19427490234375
2022-01-14,167.36399798657283,169.74737940608347,167.11979931497876,169.05386352539062,80440800,169.05386352539062
2022-01-18,167.53005178287384,168.53614912039677,165.47879187832885,165.8597412109375,90956700,165.8597412109375
2022-01-19,166.0550783276264,167.11001826086033,162.08929472408371,162.37255859375,94815000,162.37255859375
2022-01-20,163.10517370877471,165.74251639966073,160.3701455866801,160.69248962402344,91420500,160.69248962402344
2022-01-21,160.60458738914824,162.4702688967568,158.53378733529433,158.6412353515625,122848900,158.6412353515625
2022-01-24,156.30667494751387,158.53376542721094,151.11012055841888,157.86953735351562,162294600,157.86953735351562
2022-01-25,155.29079647095608,158.98307875093712,153.3762874615523,156.07223510742188,115798400,156.07223510742188
2022-01-26,159.70591419723806,160.575260779249,154.15772812433738,155.9843292236328,108275300,155.9843292236328
2022-01-27,158.68028043462846,160.03802433796415,154.60704872462142,155.52523803710938,121954600,155.52523803710938
2022-01-28,161.86461017131842,166.39693569163202,159.0221348271603,166.3773956298828,179935700,166.3773956298828
2022-01-31,166.2113952349244,170.93907816240107,165.57646971606974,170.72418212890625,115541600,170.72418212890625
2022-02-01,169.97200754131524,170.78274877423786,168.31145985308757,170.55809020996094,86213900,170.55809020996094
2022-02-02,170.6948191793541,171.7986016064984,169.3077729379628,171.759521484375,84914300,171.759521484375
2022-02-03,170.43110878285196,172.15027672857178,168.12587305039293,168.8877716064453,89418100,168.8877716064453
2022-02-04,167.9097269846018,170.27659447810953,166.9316879925936,168.60414123535156,82465400,168.60414123535156
2022-02-07,169.0638417050099,170.12990075671365,167.19578341710826,167.89019775390625,77251200,167.89019775390625
2022-02-08,167.9586729996618,171.499185164809,167.66525824555538,170.9906005859375,74829200,170.9906005859375
2022-02-09,172.18382283840776,172.7706374679008,171.05906868207904,172.4087677001953,71285000,172.4087677001953
2022-02-10,170.31571564595043,171.62628436106874,167.78259814649985,168.34007263183594,90865900,168.34007263183594
2022-02-11,168.54545914237346,169.27898837706067,164.34966356269592,164.93649291992188,98670700,164.93649291992188
2022-02-14,163.6944461519794,165.85591974684536,162.90223664246952,165.17129516601562,86185500,165.17129516601562
2022-02-15,167.21532291468824,169.1518358853044,166.51113366652052,168.99534606933594,62527400,168.99534606933594
2022-02-16,168.0760262456703,169.53329496166765,166.31555287107355,168.76065063476562,61177400,168.76065063476562
2022-02-17,167.27407386221338,168.13475329165453,164.77029543878083,165.17129516601562,69589300,165.17129516601562
2022-02-18,166.0905932914819,166.7947676550334,162.54030687860808,163.6259307861328,82772700,163.6259307861328
2022-02-22,161.35688974047144,163.02934320107533,158.58903724171788,160.71139526367188,91162800,160.71139526367188
2022-02-23,161.90460945584556,162.50121399005073,156.24176881453315,156.55474853515625,90009200,156.55474853515625
2022-02-24,149.22922517438823,159.27369208830245,148.66196063900136,159.16610717773438,141147500,159.16610717773438
2022-02-25,160.24192254485857,161.4938113988268,157.3371452242796,161.22975158691406,91974200,161.22975158691406
2022-02-28,159.47907699118204,161.7872502076219,158.8629074909049,161.49383544921875,95056600,161.49383544921875
2022-03-01,161.08305614073245,162.9413396082361,158.4130132555384,159.61599731445312,83474400,159.61599731445312
2022-03-02,160.77986315221446,163.68464076398826,159.37148431939156,162.90220642089844,79724800,162.90220642089844
2022-03-03,164.77023477279693,165.2005743290728,161.9143626273284,162.5794219970703,76678400,162.5794219970703
2022-03-04,160.87765818976635,161.91437725608384,158.54014531943216,159.58663940429688,83737200,159.58663940429688
2022-03-07,159.7724722055909,161.3960207362876,155.54733601828758,155.8016357421875,96418800,155.8016357421875
2022-03-08,155.33216629168248,159.30300237550088,152.37848423515257,153.9824676513672,131148300,153.9824676513672
2022-03-09,157.9337564869507,159.8213797915154,155.90922322313332,159.37147521972656,91454900,159.37147521972656
2022-03-10,156.68187121650197,156.86770104560523,152.55454474714313,155.0387725830078,105342000,155.0387725830078
2022-03-11,155.43974670100266,155.78206635482195,151.1070406596988,151.3319854736328,96970100,151.3319854736328
2022-03-14,148.12404550887342,150.7354085874783,146.80370143921206,147.31227111816406,108732100,147.31227111816406
2022-03-15,147.58611061794517,152.15356685525754,147.07754097449947,151.68409729003906,92964300,151.68409729003906
2022-03-16,153.60103819497576,156.48625045296393,151.06792059745445,156.0852508544922,102300200,156.0852508544922
2022-03-17,155.12679794973494,157.46431103838808,154.16832371335292,157.0926513671875,75615400,157.0926513671875
2022-03-18,156.98506332691767,160.86788006337628,156.25153394230247,160.3788604736328,123511700,160.3788604736328
2022-03-21,159.9191797677464,162.69682236043158,159.4301601813594,161.7481231689453,95811400,161.7481231689453
2022-03-22,161.8752272476192,165.69936326568208,161.28841281006214,165.112548828125,81532000,165.112548828125
2022-03-23,164.30079784879288,168.84867380689857,163.9682532045546,166.4720458984375,98062700,166.4720458984375
2022-03-24,167.30339150441574,170.31575418142768,166.47206709718986,170.24729919433594,90131400,170.24729919433594
2022-03-25,170.06146151483682,171.43071043053845,168.95627243907444,170.8830108642578,80546200,170.8830108642578
2022-03-28,168.38900077447545,171.87081780430975,168.22273590773543,171.74368286132812,90371900,171.74368286132812
2022-03-29,172.80972386459516,175.0787667230212,172.467404224187,175.02987670898438,100589400,175.02987670898438
2022-03-30,174.62891251824163,175.66563174403498,172.81953392128133,173.8660430908203,92633200,173.8660430908203
2022-03-31,173.93446796182153,174.120297776475,170.5700111087268,170.77540588378906,103049300,170.77540588378906
2022-04-01,170.20811440384213,171.03945346679663,168.16401661450388,170.48196411132812,78751300,170.48196411132812
2022-04-04,170.7363394709608,174.5702519989907,170.6091895776602,174.52134704589844,76468400,174.52134704589844
2022-04-05,173.6019328264619,174.38436705774205,170.589570736433,171.21551513671875,73401800,171.21551513671875
2022-04-06,168.57481703992445,169.81693085468368,166.39379406221198,168.05645751953125,89058800,168.05645751953125
2022-04-07,167.4011755212215,169.55285855113002,166.11994669119974,168.35964965820312,77594700,168.35964965820312
2022-04-08,168.0075484323814,168.0075484323814,165.48420586824818,166.3546600341797,76575500,166.3546600341797
2022-04-11,165.00501879739264,165.31798361672782,161.8655060412837,162.11001586914062,72246700,162.11001586914062
2022-04-12,164.33013728303388,166.13950070260202,162.9804385205217,163.97804260253906,79265200,163.97804260253906
2022-04-13,163.7139749230824,167.28381189911025,163.10759541750994,166.65786743164062,70618900,166.65786743164062
2022-04-14,166.8730302686766,167.5087646523774,161.41557017548345,161.6600799560547,75329400,161.6600799560547
2022-04-18,160.3201467390001,162.94129894819648,159.97784205250275,161.4449005126953,69023900,161.4449005126953
2022-04-19,161.3960167105301,164.13452917950872,160.31039271090148,163.72373962402344,67723800,163.72373962402344
2022-04-20,165.0538631380032,165.1712379709988,162.45229063171516,163.55746459960938,67929800,163.55746459960938
2022-04-21,165.200581424204,167.7630389892028,162.26646424033356,162.7652587890625,87227800,162.7652587890625
2022-04-22,162.80440987833427,164.18343379206294,157.95332893712188,158.23695373535156,84882400,158.23695373535156
2022-04-25,157.58162052522974,159.5866032261211,154.98004843066343,159.302978515625,96046400,159.302978515625
2022-04-26,158.6868628689345,158.7748828167284,153.2783071958642,153.35655212402344,95623200,153.35655212402344
2022-04-27,152.48608239761126,156.28086402556207,151.96772285920957,153.131591796875,88063200,153.131591796875
2022-04-28,155.7527492675287,160.90702025080918,155.4397695467575,160.0463409423828,130216800,160.0463409423828
2022-04-29,158.2858839707605,162.55013611076737,153.79668696009873,154.18789672851562,131747600,154.18789672851562
2022-05-02,153.26850950984627,154.75511815394006,149.9040527150275,154.49105834960938,123055300,154.49105834960938
2022-05-03,154.67688255687574,157.18067526746918,152.88708408047324,155.97767639160156,88966500,155.97767639160156
2022-05-04,156.163485086847,162.82392827829534,155.7624855158091,162.37403869628906,108256500,162.37403869628906
2022-05-05,160.25171284753384,160.47665766238154,151.5471558846843,153.3271942138672,130525300,153.3271942138672
2022-05-06,152.8080631040653,156.16767394547392,151.0156200226824,154.052001953125,116124600,154.052001953125
2022-05-09,151.7502087551316,152.63174611813972,148.38082388612466,148.93911743164062,131577900,148.93911743164062
2022-05-10,152.32811702969943,153.52307898712107,149.7912627423493,151.33883666992188,115366700,151.33883666992188
2022-05-11,150.34957266016625,152.25954795565056,142.81739949520818,143.4932403564453,142689800,143.4932403564453
2022-05-12,139.83985189657713,143.19944882474022,135.95132933498297,139.6341552734375,182602000,139.6341552734375
2022-05-13,141.62241482375455,145.06038475011871,140.17279469669467,144.0906982421875,113990900,144.0906982421875
2022-05-16,142.56278284412517,144.49235241019304,141.2208901087805,142.552978515625,86643800,142.552978515625
2022-05-17,145.80479629477273,146.6961230315545,143.66953086740642,146.177001953125,78336300,146.177001953125
2022-05-18,143.8360642275501,144.33559163369299,137.02869370903522,137.92982482910156,109742900,137.92982482910156
2022-05-19,137.00912503429328,138.7525913397019,133.7964445425997,134.5310516357422,136095600,134.5310516357422
2022-05-20,136.2353274341848,137.81228455615957,129.88832647827988,134.76611328125,137426100,134.76611328125
2022-05-23,134.9620011760451,140.31973647724712,134.82487512400195,140.17282104492188,117726300,140.17282104492188
2022-05-24,137.92003986063096,139.05623582746938,134.51146690573626,137.47927856445312,104132700,137.47927856445312
2022-05-25,135.5888849437953,138.87992561613757,135.50073567160547,137.63600158691406,92482700,137.63600158691406
2022-05-26,134.57020484609697,141.37755994588284,134.32533585009304,140.8290557861328,90601500,140.8290557861328
2022-05-27,142.4060284868712,146.60797434750936,142.27869181225157,146.5688018798828,90978500,146.5688018798828
2022-05-31,146.01050754614022,147.5678709384086,143.82626511004062,145.78521728515625,103718400,145.78521728515625
2022-06-01,146.823446577346,148.62569377792533,144.64900865939228,145.6578826904297,74286600,145.6578826904297
2022-06-02,144.7959487531145,148.16534881431244,143.84585577263883,148.10658264160156,72348100,148.10658264160156
2022-06-03,143.88503314588232,144.93307974702813,141.49512401563555,142.396240234375,88570300,142.396240234375
2022-06-06,144.01238876362018,145.5207905259265,141.9260996131152,143.14065551757812,71598400,143.14065551757812
2022-06-07,141.38736672807937,145.94192415465892,141.1424977278199,145.6578826904297,67808200,145.6578826904297
2022-06-08,145.5305491597089,146.79406665216868,144.43354079753493,144.92327880859375,53950200,144.92327880859375
2022-06-09,144.06135517233236,144.91349464755012,139.60473566244548,139.7124786376953,69473000,139.7124786376953
2022-06-10,137.40092646925825,137.87107088214006,134.24701176433422,134.31558227539062,91437900,134.31558227539062
2022-06-13,130.14299644685158,132.4251777606438,128.7423526705115,129.17332458496094,122207100,129.17332458496094
2022-06-14,130.39766413988795,131.1420606306549,128.7815195311164,130.03524780273438,84784300,130.03524780273438
2022-06-15,131.5338191539686,134.52122379977993,129.44754553707168,132.65042114257812,91533000,132.65042114257812
2022-06-16,129.36921686332983,129.67285209068328,126.39160087860697,127.39067077636719,108123900,127.39067077636719
2022-06-17,127.40045357119396,130.3486710219844,127.14578023984714,128.85986328125,134520300,128.85986328125
2022-06-21,130.68170729877417,134.24699991857628,130.58376865027734,133.0814208984375,81000500,133.0814208984375
2022-06-22,132.0235786011109,134.93262385029735,131.16164978530637,132.5720977783203,73409200,132.5720977783203
2022-06-23,134.0119221215175,135.74558399228505,132.84634321517927,135.43215942382812,72433800,135.43215942382812
2022-06-24,137.02873655581266,138.99749360130787,136.90141479225005,138.75262451171875,89116800,138.75262451171875
2022-06-27,139.77127334833523,140.54506804098577,138.07678343315314,138.75262451171875,70207900,138.75262451171875
2022-06-28,139.21296287932694,140.47648065381134,134.50168455265504,134.6192169189453,67083400,134.6192169189453
2022-06-29,134.63878986432783,137.78289974267364,133.8649953839291,136.37245178222656,66242400,136.37245178222656
2022-06-30,134.4331227102609,135.53013138802967,131.0245493574635,133.91400146484375,98964500,133.91400146484375
2022-07-01,133.2478979449589,136.18632571299105,132.87570725736074,136.07858276367188,71051600,136.07858276367188
2022-07-05,134.94243962271915,138.70362462604172,134.11966825992553,138.65464782714844,73353800,138.65464782714844
2022-07-06,138.44895512148898,141.16209320483665,138.18449238511542,139.98672485351562,74064300,139.98672485351562
2022-07-07,140.34913434840425,143.5422362397496,140.3393449670909,143.34634399414062,66253700,143.34634399414062
2022-07-08,142.2786895406023,144.52169812610057,142.02403114104803,144.02215576171875,64547800,144.02215576171875
2022-07-11,142.6802818681296,143.63037488194183,140.82907263468897,141.89669799804688,63141600,141.89669799804688
2022-07-12,142.76844044820817,145.40323372369386,142.07302074051665,142.86639404296875,77588800,142.86639404296875
2022-07-13,140.05530730128564,143.44428658574307,139.20315284375937,142.50399780273438,71185600,142.50399780273438
2022-07-14,141.1229362743088,145.89298070687983,140.30996921418316,145.42283630371094,78140700,145.42283630371094
2022-07-15,146.70592606919652,147.7637620290884,145.15835206929646,147.08792114257812,76259900,147.08792114257812
2022-07-18,147.64625063740658,148.4592176926782,143.68915834296686,144.05157470703125,81420900,144.05157470703125
2022-07-19,144.88407602594606,148.1261389238732,143.8948107289909,147.90086364746094,82982400,147.90086364746094
2022-07-20,148.01844006316782,150.56508418725386,147.28383290571463,149.89903259277344,64823400,149.89903259277344
2022-07-21,151.32906041419434,152.3771070356204,148.821603940378,152.16162109375,65086600,152.16162109375
2022-07-22,152.20079694797485,153.07253011561605,150.2614383736218,150.92747497558594,66675400,150.92747497558594
2022-07-25,150.84910958984113,151.85796878260385,149.15462011252404,149.8108673095703,53623900,149.8108673095703
2022-07-26,149.13502930916428,149.94799628582763,147.70500253719806,148.48858642578125,55138700,148.48858642578125
2022-07-27,149.4484808165071,154.10099277980115,149.0371026048061,153.5720672607422,78620700,153.5720672607422
2022-07-28,153.75817384315252,154.40463173955777,151.2409277129022,154.12059020996094,81378700,154.12059020996094
2022-07-29,157.93072824104914,160.2716754702952,156.22643448443253,159.17465209960938,101786900,159.17465209960938
2022-08-01,157.70546755749734,160.2325181068246,157.58793518866128,158.19520568847656,67829400,158.19520568847656
2022-08-02,156.81414688340993,159.07673453265352,156.35379186998745,156.72598266601562,59907000,156.72598266601562
2022-08-03,157.53893055181024,163.1709180629882,157.45078129075776,162.72036743164062,82507500,162.72036743164062
2022-08-04,162.6028441618955,163.7586338892835,161.05526991931026,162.40695190429688,55474100,162.40695190429688
2022-08-05,160.0823306929475,162.67173843719075,159.8763484441019,162.1813201904297,56697000,162.1813201904297
2022-08-08,163.1817496180112,164.5941564506096,161.0533363928563,161.7104949951172,60276900,161.7104949951172
2022-08-09,160.87685067478762,162.64235984823435,160.12160217379457,161.7595977783203,63135500,161.7595977783203
2022-08-10,164.46669306704544,166.09488560468589,163.70164162721542,165.99681091308594,70170500,165.99681091308594
2022-08-11,166.80107516257124,167.713261012407,164.9669154508603,165.26116943359375,57149200,165.26116943359375
2022-08-12,166.5657255890837,168.8706832695546,166.1537609304427,168.80203247070312,68039400,168.80203247070312
2022-08-15,168.2330984181666,170.0672580774187,168.06635799154176,169.87109375,54091700,169.87109375
2022-08-16,169.46896318920653,170.38114909928223,168.3704308785935,169.71417236328125,56377100,169.71417236328125
2022-08-17,169.45915949271176,172.7743773350279,169.26299514755854,171.20504760742188,79542000,171.20504760742188
2022-08-18,170.42036968678258,171.54832585930868,169.80243780169835,170.8126983642578,62290100,170.8126983642578
2022-08-19,169.71416649279175,170.41056710828244,168.02712623620275,168.2331085205078,70346300,168.2331085205078
2022-08-22,166.43816395511286,166.6049043800519,163.9370276482697,164.35879516601562,69026800,164.35879516601562
2022-08-23,163.87819481513557,165.47696339789675,163.4564272588674,164.0253143310547,54147100,164.0253143310547
2022-08-24,164.11359750144874,164.88845187937156,163.06409508904346,164.31956481933594,53841500,164.31956481933594
2022-08-25,165.54559127859812,166.87952958176348,165.12383874706296,166.77163696289062,51218200,166.77163696289062
2022-08-26,167.30132415112922,167.77212157949262,160.42564926256463,160.4844970703125,78961000,160.4844970703125
2022-08-29,158.06179612101135,159.7782599974509,156.75729674532928,158.2873992919922,73314000,158.2873992919922
2022-08-30,159.02304111055471,159.44479366035216,154.69754815714236,155.86474609375,77906200,155.86474609375
2022-08-31,157.23793525223348,157.50276536238007,154.1286845852179,154.2071533203125,87991100,154.2071533203125
2022-09-01,153.63828680423725,155.38417523650494,151.7060369719439,154.93299865722656,74229900,154.93299865722656
2022-09-02,156.6886409081276,157.2869518100939,152.0002433352291,152.8241424560547,76957800,152.8241424560547
2022-09-06,153.4715206737186,154.07963464254792,150.7447958267751,151.56869506835938,73714800,151.56869506835938
2022-09-07,151.85317527366345,153.66771454965397,150.66635604545868,152.97132873535156,87449600,152.97132873535156
2022-09-08,151.67660447799875,153.36364499716552,149.75415773532657,151.50006103515625,84923800,151.50006103515625
2022-09-09,152.49067960307377,154.79565178409123,151.78447599724632,154.35426330566406,68028800,154.35426330566406
2022-09-12,156.53173198406338,161.11223777090294,156.24729591423596,160.2981414794922,104956000,160.2981414794922
2022-09-13,156.83579030622826,157.46352522744408,150.43092752735453,150.8919219970703,122656600,150.8919219970703
2022-09-14,151.82371618505977,154.08946168271527,150.66633598686377,152.33375549316406,87965400,152.33375549316406
2022-09-15,151.68639505914092,152.2651001071562,148.4790697119515,149.45008850097656,90481100,149.45008850097656
2022-09-16,148.31229368839013,148.4496101996778,145.52670665510445,147.8120574951172,162278800,147.8120574951172
2022-09-19,146.448684995869,151.59807625432504,146.24271772670144,151.5196075439453,81474200,151.5196075439453
2022-09-20,150.46035140561636,155.05067517637016,150.14649142825516,153.89328002929688,107689800,153.89328002929688
2022-09-21,154.32483969180942,155.69802002410492,150.6565200858437,150.7742156982422,101696800,150.7742156982422
2022-09-22,149.45987128233378,151.50981598394938,148.01804042401267,149.81297302246094,86652500,149.81297302246094
2022-09-23,148.29268659863374,148.5673196468233,145.71308157487604,147.5472412109375,96029900,147.5472412109375
2022-09-26,146.79200808789446,150.82324708343862,146.77238716545008,147.8807373046875,93339400,147.8807373046875
2022-09-27,149.81300689014782,151.75505941669135,147.07646404392761,148.85177612304688,84442700,148.85177612304688
2022-09-28,144.81069908771693,147.75320856386915,142.06435391669942,146.96853637695312,146691400,146.96853637695312
2022-09-29,143.3002421615135,143.9083561021041,137.98409428837317,139.74960327148438,128138200,139.74960327148438
2022-09-30,138.5725835278908,140.35771319334796,135.35544091221504,135.55160522460938,124925300,135.55160522460938
2022-10-03,135.56144631438175,140.32831325471835,135.05140704196927,139.72018432617188,114311700,139.72018432617188
2022-10-04,142.25075989142124,143.41795807791704,141.4955113649154,143.30026245117188,87830100,143.30026245117188
2022-10-05,141.30916116839794,144.55572849466822,140.26946161653336,143.59449768066406,79471000,143.59449768066406
2022-10-06,143.0157891213956,144.71263233032042,142.43709909152813,142.64306640625,68402200,142.64306640625
2022-10-07,139.80845770678545,140.3577388347644,136.7776758724346,137.40541076660156,85925600,137.40541076660156
2022-10-10,137.72911071777344,139.17094210590585,135.91457149826957,137.72911071777344,74899000,137.72911071777344
2022-10-11,137.21903351996755,138.64125855443186,135.57123522583825,136.31666564941406,77033700,136.31666564941406
2022-10-12,136.4638036366148,137.67022848780448,135.51239091855444,135.68893432617188,70433700,135.68893432617188
2022-10-13,132.40312487373902,140.83830981626429,131.79499606499104,140.24981689453125,113224000,140.24981689453125
2022-10-14,141.54456588685852,141.75054821414383,135.5418490498613,135.72821044921875,88598000,135.72821044921875
2022-10-17,138.36663643162046,140.16155437004147,137.5819641011487,139.6809539794922,85250900,139.6809539794922
2022-10-18,142.70194639396894,143.88875049899616,137.91545818930572,140.9952850341797,99136600,140.9952850341797
2022-10-19,138.97473585531196,142.17225768233465,138.78837451258266,141.1031494140625,61758300,141.1031494140625
2022-10-20,140.27923092891302,143.09422670420207,139.9163112713326,140.6421356201172,64522000,140.6421356201172
2022-10-21,140.1321395849877,145.0167173026428,139.9163543059083,144.4478302001953,86548600,144.4478302001953
2022-10-24,144.3693587197694,147.3510957532076,143.2021606323234,146.58604431152344,75981900,146.58604431152344
2022-10-25,147.2137417287175,149.56775822916157,146.49773529844836,149.42062377929688,74732300,149.42062377929688
2022-10-26,148.06709300971718,149.07735346461445,145.20303709712394,146.48794555664062,88194300,146.48794555664062
2022-10-27,145.23248644302674,146.1937021462339,141.36798774070627,142.025146484375,109180200,142.025146484375
2022-10-28,145.35999154749908,154.48177557471033,144.98728378991743,152.75550842285156,164762400,152.75550842285156
2022-10-31,150.22494584357278,151.28425122815005,149.00870300208484,150.4014892578125,97943200,150.4014892578125
2022-11-01,152.10817643552318,152.47108127109797,146.27220032701106,147.7630615234375,80379300,147.7630615234375
2022-11-02,146.0956258102425,149.25392123210702,142.2213237765035,142.25074768066406,93604600,142.25074768066406
2022-11-03,139.33763513663766,140.06345955714755,136.09106861510674,136.2185821533203,97918500,136.2185821533203
2022-11-04,139.59828641105477,140.1681172493776,132.0234984378513,135.95335388183594,140814800,135.95335388183594
2022-11-07,134.70562941235488,136.70984922405512,133.29087896117363,136.48388671875,83374600,136.48388671875
2022-11-08,137.94771058910516,138.94981261597127,135.07891882338652,137.0536651611328,89908500,137.0536651611328
2022-11-09,136.07121539704306,136.12034157773797,132.22977893126608,132.50486755371094,74917800,132.50486755371094
2022-11-10,138.7631733571785,144.29443359375,137.05368118428237,144.29443359375,118854000,144.29443359375
2022-11-11,143.26286485614494,147.37937519314977,141.83828048896822,147.07481384277344,93979700,147.07481384277344
2022-11-14,146.3576203774582,147.64464544159856,144.84461786588682,145.67971801757812,73374100,145.67971801757812
2022-11-15,149.55060713210176,150.89657743758315,145.95478683657723,147.40882873535156,89868300,147.40882873535156
2022-11-16,146.51480463978803,147.2418181251695,144.70706018330316,146.18075561523438,64218300,146.18075561523438
2022-11-17,143.8621718356149,148.8236171893066,143.5870831617381,148.0769500732422,80389400,148.0769500732422
2022-11-18,149.63908030699184,150.02224064395415,147.34011828521793,148.636962890625,74829600,148.636962890625
2022-11-21,147.5267343973142,147.7330433535175,145.12952086958856,145.4144287109375,58724100,145.4144287109375
2022-11-22,145.53233313834016,147.78216811313607,144.35336486366882,147.54637145996094,51804100,147.54637145996094
2022-11-23,146.82922050043365,149.16748927839564,146.72114887646376,148.4208221435547,58301400,148.4208221435547
2022-11-25,145.70921560778717,146.26922721502757,144.54008119228595,145.51272583007812,35195900,145.51272583007812
2022-11-28,142.59478278627932,144.06847835661756,140.86565204725017,141.69091796875,69246000,141.69091796875
2022-11-29,141.75966328460675,142.27054854346483,137.88876937413374,138.6943817138672,83763800,138.6943817138672
2022-11-30,138.92038744793726,146.1120302873751,138.08530213977906,145.4341278076172,111380900,145.4341278076172
2022-12-01,145.61094536816785,146.51481013470644,144.03899751867118,145.7091827392578,71250400,145.7091827392578
2022-12-02,143.40040769964443,145.4046270438478,143.09583136119605,145.21795654296875,65447400,145.21795654296875
2022-12-05,145.17869354013385,148.27344880391388,143.2137657558394,144.05868530273438,68826400,144.05868530273438
2022-12-06,144.49095300364328,144.71691547188212,139.43125562304482,140.40390014648438,64727200,140.40390014648438
2022-12-07,139.69649373678863,140.85579352307042,137.54489617657669,138.46841430664062,69721100,138.46841430664062
2022-12-08,139.86352962985669,141.00319109284194,138.62563079391435,140.1484375,62128300,140.1484375
2022-12-09,139.8439047836886,143.01727390300547,138.42915440090607,139.6670684814453,76097000,139.6670684814453
2022-12-12,140.19757351667832,141.96601125722427,138.58633357333804,141.95619201660156,70462700,141.95619201660156
2022-12-13,146.87833415604433,147.34009332894186,141.71058010364294,142.91900634765625,93886200,142.91900634765625
2022-12-14,142.8010797480732,144.08810457077118,138.68455516840615,140.6986083984375,82291200,140.6986083984375
2022-12-15,138.63546667684503,139.3133690938159,133.64454880056923,134.10630798339844,98931900,134.10630798339844
2022-12-16,134.2929782040358,135.23613504981998,131.38487878191776,132.1511993408203,160156900,132.1511993408203
2022-12-19,132.74069295008061,132.82911109974094,129.01716151047765,130.04873657226562,79592600,130.04873657226562
2022-12-20,129.08591954394805,130.91330283228723,127.6122238272619,129.97996520996094,77432800,129.97996520996094
2022-12-21,130.64803543949063,134.41087369361549,130.42207295695286,133.07472229003906,85928000,133.07472229003906
2022-12-22,131.99402745433673,132.20033647277774,128.01504576681836,129.91119384765625,77852100,129.91119384765625
2022-12-23,128.62415014924704,130.0978457490201,127.3665977700706,129.54766845703125,63814900,129.54766845703125
2022-12-27,129.07608787315525,129.10556058535423,126.46273078933113,127.749755859375,69007800,127.749755859375
2022-12-28,127.39607559848972,128.73222692892008,123.66271775984323,123.8297348022461,85438400,123.8297348022461
2022-12-29,125.74552617249073,128.19185867326428,125.4900910087302,127.33712005615234,75703700,127.33712005615234
2022-12-30,126.15819306959533,127.67118088033511,125.19537514897438,127.65152740478516,77034200,127.65152740478516
2023-01-03,127.9953746812147,128.6044974020352,121.99252063798394,122.87673950195312,112117500,122.87673950195312
2023-01-04,124.66482384759799,126.40378887161263,122.88656686996354,124.14411926269531,89113600,124.14411926269531
2023-01-05,124.90061292758642,125.52938912334946,122.57217865426507,122.8276138305664,80962700,122.8276138305664
2023-01-06,123.80022238356457,128.00515728694438,122.69986061270168,127.34690856933594,87754700,127.34690856933594
2023-01-09,128.1820484933381,131.07049435820306,127.61221771125115,127.8676528930664,70790800,127.8676528930664
2023-01-10,127.97572556898378,128.95818934117645,125.87325369613974,128.43748474121094,63896200,128.43748474121094
2023-01-11,128.94835439070522,131.1687168485226,128.17221470136022,131.14907836914062,69458900,131.14907836914062
2023-01-12,131.53227009080283,131.90559617413024,129.13505580606935,131.0705108642578,71379600,131.0705108642578
2023-01-13,129.71469801537842,132.55401787873402,129.35119119619432,132.39682006835938,57809700,132.39682006835938
2023-01-17,132.4655864864573,134.88243886666353,131.77786487384603,133.55612182617188,63646600,133.55612182617188
2023-01-18,134.4207108763407,136.17931456809228,132.66209219338052,132.8389434814453,69672800,132.8389434814453
2023-01-19,131.72873868777404,133.86068318245066,131.4241773301355,132.8978729248047,58280400,132.8978729248047
2023-01-20,132.9076780568954,135.59963378756996,131.8662690124696,135.45225524902344,80223600,135.45225524902344
2023-01-23,135.6978953680963,140.80671912517695,135.4817521326256,138.63546752929688,81760300,138.63546752929688
2023-01-24,137.84947751147084,140.64950501564115,137.83965827143598,140.03054809570312,66435100,140.03054809570312
2023-01-25,138.41930821894437,139.93229570032543,136.37578195167205,139.37229919433594,65799300,139.37229919433594
2023-01-26,140.65933109437518,141.72039372676826,139.41159795380088,141.43548583984375,54105100,141.43548583984375
2023-01-27,140.64952711543583,144.64814715401417,140.57092820918845,143.37094116210938,70555800,143.37094116210938
2023-01-30,142.41796049282078,142.99761054282715,140.34496125408572,140.49232482910156,64015300,140.49232482910156
2023-01-31,140.19756045993424,141.8088002532181,139.78492752410364,141.75967407226562,65874500,141.75967407226562
2023-02-01,141.44531098955775,144.03901475780756,138.84178798038548,142.87969970703125,77663600,142.87969970703125
2023-02-02,146.28881248443847,148.5288281161462,145.57161831064525,148.17515563964844,118339000,148.17515563964844
2023-02-03,145.4341369902227,154.62018089842738,145.2376471989092,151.79067993164062,154357300,151.79067993164062
2023-02-06,149.8945101165513,150.41521473457135,148.13589150827315,149.06922912597656,69858300,149.06922912597656
2023-02-07,147.99832954313612,152.50783427872634,147.99832954313612,151.93800354003906,83322600,151.93800354003906
2023-02-08,151.18150996746658,151.86923151834947,148.5190269025848,149.25587463378906,64120100,149.25587463378906
2023-02-09,151.08329292122983,151.62365104865805,147.78221371418798,148.2243194580078,56007100,148.2243194580078
2023-02-10,147.0632167115801,148.91305820143486,146.82706002572684,148.58834838867188,57450700,148.58834838867188
2023-02-13,148.52933886882354,151.78625678187208,148.49982115470684,151.38284301757812,62199000,151.38284301757812
2023-02-14,149.68055772689488,151.3041068890254,148.4407688328002,150.7432403564453,61707600,150.7432403564453
2023-02-15,150.65466519061528,153.00633755961738,150.428357769875,152.8390655517578,65573800,152.8390655517578
2023-02-16,151.04831237083192,153.8230981335769,150.8908895372368,151.2451171875,68167900,151.2451171875
2023-02-17,149.90689371085574,150.54646418705764,148.43094798353164,150.1036834716797,59144100,150.1036834716797
2023-02-21,147.79135689260553,148.87372305726493,146.03006833094608,146.09893798828125,58867200,146.09893798828125
2023-02-22,146.48269724609548,147.54538003263738,144.80012742797703,146.52206420898438,51011300,146.52206420898438
2023-02-23,147.6831183102613,147.92910925221886,144.8788305804024,147.00418090820312,48394200,147.00418090820312
2023-02-24,144.75092512234477,144.8296440334222,143.38321594733068,144.3573455810547,55469600,144.3573455810547
2023-02-27,145.341334334401,146.77791341877497,145.0854940760689,145.54795837402344,44998500,145.54795837402344
2023-02-28,144.69189970203135,146.68934528974674,144.47542643511753,145.04612731933594,50547000,145.04612731933594
2023-03-01,144.47542675230628,144.8690063216874,142.6846051791963,142.97979736328125,55479000,142.97979736328125
2023-03-02,142.0647116163666,144.35734928778834,141.59239813777418,143.57017517089844,52238100,143.57017517089844
2023-03-03,145.66596048460295,148.68673585516615,144.96735475689312,148.60801696777344,70732300,148.60801696777344
2023-03-06,151.32380747304748,153.7935665673354,150.9991125857975,151.36317443847656,87558000,151.36317443847656
2023-03-07,151.23522972088062,151.55993956940895,148.7064506179963,149.16891479492188,56182000,149.16891479492188
2023-03-08,150.35949790258118,151.00891757952724,149.39521763366128,150.4185333251953,47204800,150.4185333251953
2023-03-09,151.09746808583355,152.0617483379844,147.8208670608722,148.1750946044922,53833600,148.1750946044922
2023-03-10,147.80122193638456,148.5195113692859,145.24290982690115,146.11863708496094,68572400,146.11863708496094
2023-03-13,145.43970497520198,150.68423448355665,145.33146834316847,148.0570526123047,84457100,148.0570526123047
2023-03-14,148.85406081281639,150.94005952145656,147.69299059245188,150.14305114746094,73695900,150.14305114746094
2023-03-15,148.76545316386273,150.79241569691393,147.5158152376651,150.53659057617188,77167900,150.53659057617188
2023-03-16,149.71992520737962,153.95097226183628,149.20825986230471,153.3507537841797,76161100,153.3507537841797
2023-03-17,153.5770563789343,154.22647602550626,151.80591871287191,152.51437377929688,98944600,152.51437377929688
2023-03-20,152.5832927983786,155.28919358755078,151.6780327765039,154.87591552734375,73641400,154.87591552734375
2023-03-21,154.7971931327365,156.84382463636302,154.02968755125636,156.7257537841797,73938300,156.7257537841797
2023-03-22,156.74542384346483,159.53987720924363,155.27931249330243,155.2989959716797,75701800,155.2989959716797
2023-03-23,156.28297554136526,158.9593583364734,155.15140813839363,156.38136291503906,67622100,156.38136291503906
2023-03-24,156.31252740651905,157.76878997628896,155.31872913493615,157.68023681640625,59196500,157.68023681640625
2023-03-27,157.37515888196728,158.19185056660328,155.33834678641222,155.7417755126953,52390300,155.7417755126953
2023-03-28,155.43676283008696,155.94842821050446,153.47866946121147,155.12188720703125,45992200,155.12188720703125
2023-03-29,156.81427543614188,158.4673421052655,156.79460697412472,158.19183349609375,51305700,158.19183349609375
2023-03-30,158.93967116064357,159.86459953343115,158.68384597812414,159.75636291503906,49501700,159.75636291503906
2023-03-31,159.8350878653574,162.35403288236776,159.31358823359025,162.25563049316406,68749800,162.25563049316406
2023-04-03,161.63573905142377,163.62333513475417,161.58653785817188,163.50526428222656,56976200,163.50526428222656
2023-04-04,163.92836877990578,164.16451047380076,162.46225736922722,162.9739227294922,46278300,162.9739227294922
2023-04-05,162.09822184489292,162.40324825832465,159.20536551321473,161.13392639160156,51511700,161.13392639160156
2023-04-06,159.82525040692016,162.31469290771022,159.40215313314846,162.01950073242188,45390100,162.01950073242188
2023-04-10,158.8314525568901,159.43167114257812,157.51294452082058,159.43167114257812,47716900,159.43167114257812
2023-04-11,159.74655214369014,159.75638637804428,157.93604707794614,158.22140502929688,47644200,158.22140502929688
2023-04-12,158.6346273017189,159.46115319792995,157.2177171858746,157.5325927734375,50133100,157.5325927734375
2023-04-13,159.0380889195549,163.14121655398105,158.83144989570576,162.90505981445312,68445600,162.90505981445312
2023-04-14,161.9506011686896,163.65286938363687,161.19295983913122,162.5606689453125,49386500,162.5606689453125
2023-04-17,162.44261368211053,162.73780588588528,161.39961424099232,162.5803680419922,41516200,162.5803680419922
2023-04-18,163.4363685512365,164.72535853269454,162.99357289670127,163.80043029785156,49923000,163.80043029785156
2023-04-19,163.1412083770297,165.46336364998885,162.8853681685066,164.94186401367188,47720200,164.94186401367188
2023-04-20,163.42655222639002,165.17800667808302,162.90505258707114,163.97756958007812,52456400,163.97756958007812
2023-04-21,162.4032359760057,163.78077935638615,161.85221862385353,162.37371826171875,58337300,162.37371826171875
2023-04-24,162.35398590520944,162.94437004141076,161.2617857631016,162.67869567871094,41949600,162.67869567871094
2023-04-25,162.5410259961242,163.64306094235457,161.10443185770245,161.143798828125,48714100,161.143798828125
2023-04-26,160.44515464932056,162.62955575633885,160.18932943478703,161.13392639160156,45498800,161.13392639160156
2023-04-27,162.5409858833323,165.85693915334915,162.5409858833323,165.7093505859375,64902300,165.7093505859375
2023-04-28,165.78806481489534,167.12625617335198,165.1878463008649,166.95896911621094,55275900,166.95896911621094
2023-05-01,166.56539597816914,167.71663185783257,165.9356597273935,166.87042236328125,52472900,166.87042236328125
2023-05-02,167.3623966257795,167.6182368189597,164.85328597063295,165.83724975585938,48425700,165.83724975585938
2023-05-03,166.78186884038578,168.17909567440717,164.47939708632646,164.76473999023438,65136000,164.76473999023438
2023-05-04,162.2457710884036,164.3612870012041,161.67507035057545,163.13133239746094,81235400,163.13133239746094
2023-05-05,168.23812815446027,171.504895212846,168.02165491497223,170.78660583496094,113453200,170.78660583496094
2023-05-08,169.7140348247824,171.0620751449253,169.3499731030825,170.71768188476562,55962800,170.71768188476562
2023-05-09,170.27492954930042,170.75706217667226,168.84818511789587,169.0154571533203,45326900,169.0154571533203
2023-05-10,170.24541483030967,171.23921282792068,169.14336520388548,170.77674865722656,53724500,170.77674865722656
2023-05-11,171.0621017201797,171.7902252766967,169.4090348343318,170.9636993408203,49514700,170.9636993408203
2023-05-12,171.0720544011138,171.50559963616618,168.49050872766975,170.0374755859375,45533100,170.0374755859375
2023-05-15,170.61886136031444,170.66813061172948,168.95365989259247,169.54486083984375,37266700,169.54486083984375
2023-05-16,169.4660330445526,170.5991506527755,169.2788189100942,169.54486083984375,42110300,169.54486083984375
2023-05-17,169.1901019966857,170.3921842356942,167.91902478069315,170.1557159423828,57951600,170.1557159423828
2023-05-18,170.46120584790356,172.66833901247392,170.04737119858373,172.4811248779297,65496700,172.4811248779297
2023-05-19,173.80146880445517,173.80146880445517,172.37275062180032,172.5895233154297,55809500,172.5895233154297
2023-05-22,171.42681253611994,172.14611049896482,170.90459157041087,171.64358520507812,43570900,171.64358520507812
2023-05-23,170.58929510312979,170.83562631420236,168.7664381272472,169.04232788085938,50747300,169.04232788085938
2023-05-24,168.57922839342694,169.8897122746601,168.0176010356781,169.31822204589844,45143500,169.31822204589844
2023-05-25,169.8798495430277,171.3479738482291,169.17041449607095,170.4513397216797,56058300,170.4513397216797
2023-05-26,170.7764937271046,173.1905363695113,170.56956891324683,172.8555145263672,54835000,172.8555145263672
2023-05-30,174.36308277683443,176.36329091292328,173.978806707213,174.69808959960938,55964400,174.69808959960938
2023-05-31,174.72764675708407,176.71800704198733,174.16600441023556,174.64881896972656,99625300,174.64881896972656
2023-06-01,175.09221783191245,177.47670209655325,174.33351350934285,177.4471435546875,68901800,177.4471435546875
2023-06-02,178.37333767160567,179.11233123154489,176.62930866038764,178.2945098876953,61996900,178.2945098876953
2023-06-05,179.949884959394,182.2358308287415,175.4272324012079,176.94464111328125,121946500,176.94464111328125
2023-06-06,177.328904296753,177.4766970018392,174.82617090162998,176.58006286621094,64848400,176.58006286621094
2023-06-07,175.82137635899298,178.55073052308683,174.71781728969785,175.21047973632812,61944600,175.21047973632812
2023-06-08,175.2892595209165,178.1861165677113,174.85572927872582,177.9200897216797,50214900,177.9200897216797
2023-06-09,178.83643579626113,179.55571862854532,177.97920810525306,178.3043670654297,48900000,178.3043670654297
2023-06-12,178.60984190485868,181.19138823156914,178.31424143935143,181.0928497314453,54274900,181.0928497314453
2023-06-13,180.1173628493618,181.44754220802452,179.76264534674598,180.619873046875,54929100,180.619873046875
2023-06-14,180.67902853230473,181.68406417583662,179.3488488908818,181.25051879882812,57462900,181.25051879882812
2023-06-15,181.26036948430115,183.78279874291368,181.08300318978328,183.2802734375,65433200,183.2802734375
2023-06-16,183.98968846409701,184.245882524342,181.56579797087073,182.2062530517578,101256200,182.2062530517578
2023-06-20,181.70376647980103,183.3689679486228,181.70376647980103,182.29495239257812,49799100,182.29495239257812
2023-06-21,182.1865534203878,182.68907870149724,179.91045548906328,181.26036071777344,49515700,181.26036071777344
2023-06-22,181.04359886716716,184.30502181445038,180.9746189088309,184.25575256347656,51245300,184.25575256347656
2023-06-23,182.82699253474095,184.8074896764934,182.2949088021226,183.94039916992188,53117000,183.94039916992188
2023-06-26,184.0882365039062,185.29033397781694,182.51171079012911,182.55113220214844,48088700,182.55113220214844
2023-06-27,183.16204815111053,185.6253604426876,182.94527546666254,185.30020141601562,50730800,185.30020141601562
2023-06-28,185.1720661878379,187.11315707618536,184.84692226306757,186.4727020263672,51216800,186.4727020263672
2023-06-29,186.30522898461155,187.2807060224463,186.16728410364277,186.8077392578125,46347300,186.8077392578125
2023-06-30,188.81780236383452,191.62596911406445,188.45322195229386,191.1234588623047,85213200,191.1234588623047
2023-07-03,190.93624105216273,191.0347795474039,188.9458807202263,189.6356201171875,31458200,189.6356201171875
2023-07-05,188.7587001877792,190.14799688410469,187.82262949557398,188.522216796875,46920300,188.522216796875
2023-07-06,187.05407174607458,189.20208780415717,186.42346442381324,188.9951629638672,45094300,188.9951629638672
2023-07-07,188.60099643398274,189.8425000907618,187.4481683880748,187.88169860839844,46815000,187.88169860839844
2023-07-10,186.4825877482977,187.20188576037833,184.29516523716504,185.84213256835938,59922200,185.84213256835938
2023-07-11,186.3840531601648,186.52199803845542,183.86162393721375,185.3199005126953,46638100,185.3199005126953
2023-07-12,186.89640150427806,188.88676181703667,185.70416691161034,186.98509216308594,60750200,186.98509216308594
2023-07-13,187.7043680387378,188.38424453327508,186.99493300399138,187.7437744140625,41342300,187.7437744140625
2023-07-14,187.4383607296714,188.37441642370476,186.847174781534,187.89161682128906,41616200,187.89161682128906
2023-07-17,189.08378756993932,191.46828636847997,188.99511196297206,191.14312744140625,50520200,191.14312744140625
2023-07-18,190.51254970289233,191.4781637647375,189.5961898515042,190.886962890625,48288200,190.886962890625
2023-07-19,190.26624291356026,195.32094939257118,189.8228346836756,192.2368927001953,80507300,192.2368927001953
2023-07-20,192.22700448393437,193.58675746858663,189.6750169550875,190.2957763671875,59581200,190.2957763671875
2023-07-21,191.25156585425083,192.10879369152832,188.42367321559357,189.12326049804688,71951700,189.12326049804688
2023-07-24,190.57168949200457,192.04967681854123,189.42870901778204,189.92137145996094,45377800,189.92137145996094
2023-07-25,190.49285737606127,191.58656857428397,190.08887057427083,190.77859497070312,37283200,190.77859497070312
2023-07-26,190.82786945588313,192.76896069007793,190.48301476563847,191.64569091796875,47471900,191.64569091796875
2023-07-27,193.14338839624878,194.30606454519102,189.72430983845956,190.3844757080078,47460200,190.3844757080078
2023-07-28,191.81321143511212,193.74445500503793,191.29099040018204,192.95619201660156,48291400,192.95619201660156
2023-07-31,193.18277106210203,193.6064685292723,192.394508242959,193.56704711914062,38824100,193.56704711914062
2023-08-01,193.36016991822595,193.8429695122176,192.41425136889904,192.73941040039062,35175100,192.73941040039062
2023-08-02,192.17776662675897,192.31571151477112,189.03459274742033,189.75387573242188,50389300,189.75387573242188
2023-08-03,188.7586713954234,189.54691917513858,187.89158079590146,188.36453247070312,61235200,188.36453247070312
2023-08-04,182.79747042079737,184.6301752435833,179.25029494609427,179.31927490234375,115956800,179.31927490234375
2023-08-07,179.4572213905704,180.44254624962392,174.74736976708382,176.22535705566406,97576100,176.22535705566406
2023-08-08,177.05302113799038,177.62451134366992,174.97398514494694,177.16140747070312,67823000,177.16140747070312
2023-08-09,178.2156906972674,178.27480777933516,174.41233639065635,175.5750274658203,60378500,175.5750274658203
2023-08-10,176.8460961883882,178.09746293161143,174.99369573264087,175.35826110839844,54686900,175.35826110839844
2023-08-11,174.95373578240464,176.2363757071569,174.1940069392339,175.41744995117188,52036700,175.41744995117188
2023-08-14,175.59504844195268,177.2920967961584,174.9438523177461,177.06517028808594,43675600,177.06517028808594
2023-08-15,176.49291042563854,177.08489459113486,174.68732936330193,175.0819854736328,43622600,175.0819854736328
2023-08-16,174.766254405872,176.1574269074876,174.14465676238186,174.21372985839844,46964900,174.21372985839844
2023-08-17,174.77612136953763,175.14117901733323,171.16495931429398,171.6780242919922,66062900,171.6780242919922
2023-08-18,170.00075151281027,172.76339001893962,169.66529224450343,172.16152954101562,61172200,172.16152954101562
2023-08-21,172.7337706675176,173.77962299820936,171.42151715942626,173.4934844970703,46311900,173.4934844970703
2023-08-22,174.69718434668556,175.30890581271296,173.89799596554266,174.8649139404297,42038900,174.8649139404297
2023-08-23,176.13773826499084,179.1273031269572,175.95027131734813,178.70303344726562,52722800,178.70303344726562
2023-08-24,178.25900483655056,178.6832744289853,173.66118769058747,174.02626037597656,54945800,174.02626037597656
2023-08-25,175.0129348306344,176.7593040006282,173.4737548580186,176.2265167236328,51449600,176.2265167236328
2023-08-28,177.68677460091166,178.1801023209798,176.1673318473753,177.7854461669922,43820700,177.7854461669922
2023-08-29,177.3019791564373,182.43258442181371,177.10465107991652,181.66299438476562,53003900,181.66299438476562
2023-08-30,182.47203136515444,185.34320186637345,182.27470331859433,185.14585876464844,60813900,185.14585876464844
2023-08-31,185.33333184264131,186.59624944883035,184.9781353249528,185.36293029785156,60794500,185.36293029785156
2023-09-01,186.96136115669725,187.3856158066575,185.7675013452281,186.9317626953125,45766500,186.9317626953125
2023-09-05,185.76745412260553,187.44476508042712,185.10639689444145,187.1685028076172,45280000,187.1685028076172
2023-09-06,185.88584392275033,186.3298508313997,179.048330235654,180.4691162109375,81755800,180.4691162109375
2023-09-07,172.84229174782251,175.8318715643951,171.22417743783686,175.19053649902344,112488800,175.19053649902344
2023-09-08,175.96997548136457,177.83475336123297,175.4174358773743,175.80223083496094,65551300,175.80223083496094
2023-09-11,177.66705421097663,177.8939807491613,174.9734739911946,176.96652221679688,58953100,176.96652221679688
2023-09-12,177.09479044187466,177.72624932161176,172.4871113411862,173.94735717773438,90370200,173.94735717773438
2023-09-13,174.15451849429098,174.93398459835862,171.6582818339781,171.88522338867188,84267900,171.88522338867188
2023-09-14,171.67803539320033,173.75001770449512,171.26364194197464,173.3948211669922,60895800,173.3948211669922
2023-09-15,174.12492983939754,174.14466716160445,171.50043808217407,172.67454528808594,109259500,172.67454528808594
2023-09-18,174.12494029407293,176.98624997924455,173.8190795297471,175.59506225585938,67257600,175.59506225585938
2023-09-19,175.1510553991506,177.23289871202428,174.7662604292434,176.6803741455078,51826900,176.6803741455078
2023-09-20,176.86782730089922,177.30195805066697,173.0593371622532,173.1481475830078,58436200,173.1481475830078
2023-09-21,172.2206842726111,173.94733103404198,171.5398897121348,171.60894775390625,63149100,171.60894775390625
2023-09-22,172.33909518451154,174.7169382879251,171.7273736602944,172.45748901367188,56725400,172.45748901367188
2023-09-25,171.87535356826675,174.6083930174941,171.82601779128095,173.7302703857422,46172700,173.7302703857422
2023-09-26,172.48708745695123,172.86200623492672,169.36925308333926,169.66525268554688,64588900,169.66525268554688
2023-09-27,170.31646332448594,170.7308568174817,166.79411110643792,168.1556854248047,66921800,168.1556854248047
2023-09-28,167.08022534636603,169.7343308371659,165.38317681816312,168.41221618652344,56294400,168.41221618652344
2023-09-29,169.7244661753788,170.76045735672912,168.06687727418498,168.92527770996094,51861100,168.92527770996094
2023-10-02,168.93512915166482,171.9740294168616,168.6489906711008,171.43136596679688,52164500,171.43136596679688
2023-10-03,169.96124934298015,171.31297744317223,168.54047825044546,170.09938049316406,49594600,170.09938049316406
2023-10-04,168.80687858022958,171.88525384459265,168.68848474300435,171.34259033203125,53020300,171.34259033203125
2023-10-05,171.47083294671847,173.10868450108188,170.3756448658088,172.57589721679688,48527900,172.57589721679688
2023-10-06,171.48072926712837,175.61481822954005,170.8689926183437,175.12149047851562,57266700,175.12149047851562
2023-10-09,174.45052401213385,176.6606373398207,173.45400756283908,176.6014404296875,42390800,176.6014404296875
2023-10-10,175.7233522345748,177.32172934204314,175.57534487507363,176.0094757080078,43698000,176.0094757080078
2023-10-11,175.82198018511957,177.4499705441094,175.22999600880442,177.400634765625,47551100,177.400634765625
2023-10-12,177.6670640281674,179.90676118500224,176.6507950071692,178.29852294921875,56743100,178.29852294921875
2023-10-13,178.9990143278533,179.50220314362676,175.7627859383901,176.46331787109375,51427100,176.46331787109375
2023-10-16,174.39134016768617,176.69024903281087,174.15453745424634,176.33505249023438,52517000,176.33505249023438
2023-10-17,174.29265257502803,176.03903666999224,172.46734930467605,174.78598022460938,57549400,174.78598022460938
2023-10-18,173.23695950912395,175.21027033840411,172.77323025982977,173.4934844970703,54764400,173.4934844970703
2023-10-19,173.69079235758196,175.46677490830675,172.85214438582656,173.11854553222656,59302900,173.11854553222656
2023-10-20,172.97056355030566,173.0790962513972,170.3361953203569,170.572998046875,64244000,170.572998046875
2023-10-23,168.62928473640696,171.68790756499885,167.6623515662161,170.69139099121094,55980100,170.69139099121094
2023-10-24,170.74069333750268,171.3524147723922,169.16203892177992,171.12548828125,43816600,171.12548828125
2023-10-25,169.58633193718455,170.75057806188605,168.3727349771656,168.81674194335938,57157000,168.81674194335938
2023-10-26,168.0964746462511,169.0930062294273,163.459197305812,164.6629180908203,70625300,164.6629180908203
2023-10-27,164.6826577744484,166.70530437202822,164.60372353518264,165.9751739501953,58499100,165.9751739501953
2023-10-30,166.76449089816728,168.8857938712959,166.61648356307745,168.0175323486328,51131000,168.0175323486328
2023-10-31,167.09013127959398,168.61943540994406,165.65946862061676,168.49118041992188,44846000,168.49118041992188
2023-11-01,168.71803982318505,171.9049319155105,167.84977842632566,171.64840698242188,56934900,171.64840698242188
2023-11-02,173.17777741023195,175.4076134182441,173.11858048911532,175.20042419433594,77334800,175.20042419433594
2023-11-03,171.91485064572058,174.46042350768224,171.0367278993792,174.2926788330078,79829200,174.2926788330078
2023-11-06,174.02628274488598,177.0355696443862,173.85855313497558,176.83824157714844,63841300,176.83824157714844
2023-11-07,176.78889227095914,180.00539823599848,176.58170308551922,179.3936767578125,70530000,179.3936767578125
2023-11-08,179.91662978825056,181.00194176498167,179.16676200069597,180.4494171142578,49340300,180.4494171142578
2023-11-09,180.51847829944086,181.6629871195562,179.3838155582821,179.97581481933594,53763500,179.97581481933594
2023-11-10,181.75413731292954,184.3228271167955,181.31943456996746,184.1548614501953,66133400,184.1548614501953
2023-11-13,183.58186108306094,183.7893232540613,181.9912524470517,182.5741424560547,43627500,182.5741424560547
2023-11-14,185.43917491856425,185.84424013993512,184.05604376632093,185.18231201171875,60108400,185.18231201171875
2023-11-15,185.5874067506803,187.21752694473682,185.51824264456812,185.74546813964844,53790500,185.74546813964844
2023-11-16,187.286705162902,188.65996251273407,186.37777296409004,187.42501831054688,54412900,187.42501831054688
2023-11-17,187.95846486721982,188.08690385906573,186.29870747259162,187.40521240234375,50922700,187.40521240234375
2023-11-20,187.60281994734135,189.598493753426,187.59294582194016,189.14402770996094,46505100,189.14402770996094
2023-11-21,189.10451024981845,189.21318592585277,187.45462685911554,188.34378051757812,38134500,188.34378051757812
2023-11-22,189.18356183514956,190.60620477415247,188.53150773289747,189.00572204589844,39617700,189.00572204589844
2023-11-24,188.57102324664504,188.60066069963858,186.97054048498805,187.68186950683594,24048300,187.68186950683594
2023-11-27,187.63246733233092,188.37343380166539,186.6247487130357,187.5040283203125,40552600,187.5040283203125
2023-11-28,187.49414676130317,188.77849160556613,187.11871894105684,188.10667419433594,38415400,188.10667419433594
2023-11-29,188.60066651864972,189.77633577367203,186.6939199672285,187.08909606933594,43014200,187.08909606933594
2023-11-30,187.55341843722022,188.02764780463457,185.92329832735996,187.66209411621094,48794400,187.66209411621094
2023-12-01,188.0375111237308,189.2526917735191,186.95075439627809,188.93655395507812,45704800,188.93655395507812
2023-12-04,187.69170901814908,187.76087311237956,185.19218377665425,187.14833068847656,43389500,187.14833068847656
2023-12-05,187.91895861640964,192.0584780958342,187.88930609245244,191.0902862548828,66628400,191.0902862548828
2023-12-06,192.10787423934497,192.41413792119363,189.79606282635905,190.0035400390625,41089700,190.0035400390625
2023-12-07,191.29777821822415,192.6512720749557,191.2582515665674,191.93006896972656,47477700,191.93006896972656
2023-12-08,191.86090014217592,193.62934842275146,191.33728508312288,193.35272216796875,53406400,193.35272216796875
2023-12-11,190.78404615931,191.15947399253523,189.11439931154695,190.8531951904297,60943700,190.8531951904297
2023-12-12,190.75438957156285,192.3746354774224,189.41076991243543,192.36476135253906,52696900,192.36476135253906
2023-12-13,192.74016578029781,195.6151188726379,192.50306619330016,195.5756072998047,70404200,195.5756072998047
2023-12-14,195.63490356313392,197.21562292408947,193.79730618821,195.72381591796875,66831600,195.72381591796875
2023-12-15,195.1507962246044,196.01031245444227,194.62718115642724,195.19032287597656,128538400,195.19032287597656
2023-12-18,193.72813612536964,194.26164038796966,192.0486152607036,193.53054809570312,55751900,193.53054809570312
2023-12-19,193.79731295132126,194.5777909959987,193.53056080250687,194.5679168701172,40714100,194.5679168701172
2023-12-20,194.5283970820936,195.2990010280865,192.48333740234375,192.48333740234375,52242800,192.48333740234375
2023-12-21,193.73805393325773,194.7062459740887,191.1693639432951,192.33514404296875,46482500,192.33514404296875
2023-12-22,192.82909873139974,193.0563392932213,190.64572606781581,191.2681427001953,37149600,191.2681427001953
2023-12-26,191.27801448490152,191.55464074590694,190.5074106042434,190.72476196289062,28919300,190.72476196289062
2023-12-27,190.17150836602553,191.16933772508392,188.78836199381533,190.82354736328125,48087700,190.82354736328125
2023-12-28,191.80161980345068,192.3153607227681,190.8433020640508,191.2483673095703,34049900,191.2483673095703
2023-12-29,191.56452296375952,192.0585006042798,189.4206618129017,190.21102905273438,42672100,190.21102905273438
2024-01-02,184.89582930034302,186.17030008579113,181.6751004330507,183.40402221679688,82488700,183.40402221679688
2024-01-03,182.00107849721155,183.64108748001073,181.22058557437447,182.0307159423828,58414500,182.0307159423828
2024-01-04,179.956063262062,180.88474371487789,178.70137080560033,179.71896362304688,71983600,179.71896362304688
2024-01-05,179.79798286255345,180.55869755734878,177.99989705667167,178.9977264404297,62379700,178.9977264404297
2024-01-08,179.89679059145493,183.36452360523833,179.3139005382843,183.3249969482422,59144500,183.3249969482422
2024-01-09,181.70474272826013,182.9199235647891,180.52907347198328,182.91004943847656,42841800,182.91004943847656
2024-01-10,182.129538572139,184.15483457675245,181.70471001714742,183.94737243652344,46792900,183.94737243652344
2024-01-11,184.29316874581366,184.7970355796361,181.4083411771675,183.3546142578125,49128400,183.3546142578125
2024-01-12,183.81894667336306,184.49076406507768,182.95943045197853,183.68063354492188,40477800,183.68063354492188
2024-01-16,179.96593271976667,182.04062970854807,178.7507369031224,181.41822814941406,65603000,181.41822814941406
2024-01-17,179.08663943068214,180.72663357001974,178.12832170152117,180.47964477539062,47317400,180.47964477539062
2024-01-18,183.84860201119264,186.86186875433015,183.59173905481111,186.35801696777344,78005800,186.35801696777344
2024-01-19,187.0495950335435,189.638033320768,186.54574321370293,189.2527313232422,68903000,189.2527313232422
2024-01-22,189.98382677043816,192.9773304317233,189.94430011236668,191.55467224121094,60133900,191.55467224121094
2024-01-23,192.67104017695664,193.39224330006388,191.49537099853464,192.8291015625,42355600,192.8291015625
2024-01-24,193.06623524024957,194.0146790217886,191.99924163914412,192.15731811523438,53631300,192.15731811523438
2024-01-25,192.86862433386716,193.90598035718745,190.78403816176663,191.83126831054688,54822100,191.83126831054688
2024-01-26,191.93004847085402,192.41413683944202,189.6281111952244,190.10232543945312,44594000,190.10232543945312
2024-01-29,189.69728055859,189.88499446653958,187.29655655692048,189.420654296875,47145600,189.420654296875
2024-01-30,188.64019550498801,189.48983770252025,185.21198926058483,185.77511596679688,55859400,185.77511596679688
2024-01-31,184.78715652135838,184.84644650359252,182.12956937209933,182.178955078125,55467800,182.178955078125
2024-02-01,181.77390231724044,184.69824158324056,181.6059517240919,184.6093292236328,64885400,184.6093292236328
2024-02-02,177.69360884630905,185.0736348136651,177.09095561888776,183.61146545410156,102551700,183.61146545410156
2024-02-05,185.88377376602236,186.97053056814926,183.60159955655655,185.41943359375,69668800,185.41943359375
2024-02-06,184.6093449305071,187.02983262300086,184.52043256333454,187.01995849609375,43490800,187.01995849609375
2024-02-07,188.3437817688575,188.74884702540382,186.33823388644547,187.12860107421875,53439000,187.12860107421875
2024-02-08,187.1088621926835,187.25704946443747,185.0934399218184,186.0517578125,40962000,186.0517578125
2024-02-09,186.61554504333301,187.94110561883974,185.97256084406592,186.8134002685547,45155200,186.8134002685547
2024-02-12,186.38806813077576,186.63537211912902,184.7756412965565,185.1317596435547,41781900,185.1317596435547
2024-02-13,183.76664838776776,184.2019058140478,181.53101071537256,183.0445098876953,56529500,183.0445098876953
2024-02-14,183.32148884677065,183.52921572281525,180.4725423642709,182.16409301757812,54630500,182.16409301757812
2024-02-15,181.57055805003552,182.5004232912058,179.39428636951658,181.87721252441406,65434500,181.87721252441406
2024-02-16,181.44196326564102,182.85654973235168,179.7108355866275,180.34393310546875,49752500,180.34393310546875
2024-02-20,179.82956623009554,180.46266385305907,178.0588762686663,179.60205078125,53665600,179.60205078125
2024-02-21,179.97795967071906,180.91771184255438,178.71176441081158,180.35386657714844,41371400,180.35386657714844
2024-02-22,181.50134277124772,182.96539328132977,180.49235334512917,182.38174438476562,52292200,182.38174438476562
2024-02-23,183.01485026342843,183.04452553646294,180.26483093781445,180.5517120361328,45119700,180.5517120361328
2024-02-26,180.27471486922383,180.78909628027105,178.7018500832812,179.20635986328125,40867400,179.20635986328125
2024-02-27,179.1470080612827,181.93658908973126,177.62360710096542,180.66050720214844,54318900,180.66050720214844
2024-02-28,180.54178846123017,181.14521076395337,178.1874648834917,179.4635467529297,48953900,179.4635467529297
2024-02-29,179.31514716008485,180.6011306821249,177.59390628342499,178.80075073242188,136682600,178.80075073242188
2024-03-01,177.61370457626955,178.5831318593588,175.46710804516843,177.72251892089844,73563100,177.72251892089844
2024-03-04,174.25038035125658,174.99229230011673,171.9158301484072,173.2117156982422,81510100,173.2117156982422
2024-03-05,168.91849794898403,170.1846930657021,167.7907924514621,168.285400390625,95132400,168.285400390625
2024-03-06,169.21525418377138,169.39332087872134,166.8609157238647,167.29617309570312,68587700,167.29617309570312
2024-03-07,167.32588185679398,168.88884496206234,166.67301076258389,167.17750549316406,71765100,167.17750549316406
2024-03-08,167.17747009753631,171.82678133583968,167.11811956465033,168.88880920410156,76267000,168.88880920410156
2024-03-11,171.07500788792643,172.49948126334272,170.1946063009313,170.88705444335938,60139500,170.88705444335938
2024-03-12,171.28273835287425,172.1532532324886,169.16581679091567,171.36187744140625,59825400,171.36187744140625
2024-03-13,170.90682879160028,171.32229764254458,168.91849524765144,169.28451538085938,52488700,169.28451538085938
2024-03-14,171.04531257693264,172.43020869953008,170.1945863604126,171.13433837890625,72913500,171.13433837890625
2024-03-15,169.32406299160928,170.7584228515625,168.45354827638914,170.7584228515625,121752700,170.7584228515625
2024-03-18,173.67664359575858,175.79356502758816,171.64874797271588,171.84658813476562,75604200,171.84658813476562
2024-03-19,172.45988088096897,174.70540499850514,171.1640105835326,174.18112182617188,55215200,174.18112182617188
2024-03-20,173.82501083363408,176.74319458007812,173.20180001631465,176.74319458007812,53423100,176.74319458007812
2024-03-21,175.14068113790177,175.57593855649498,168.99764365136926,169.5219268798828,106181300,169.5219268798828
2024-03-22,169.90772263085663,171.18381963278856,168.22605856941686,170.422119140625,71160100,170.422119140625
2024-03-25,168.73058907262046,170.08581023240077,167.62265683136332,169.007568359375,54288300,169.007568359375
2024-03-26,168.16671829054096,169.57140318495337,167.75124938607289,167.87985229492188,57388400,167.87985229492188
2024-03-27,168.57230438056465,171.7279058767874,168.27553655784754,171.44102478027344,60273300,171.44102478027344
2024-03-28,169.89782982249778,170.37264922530974,168.67119667981044,169.6307373046875,65672700,169.6307373046875
2024-04-01,169.34385933496506,169.40320986933065,167.65229363436822,168.1963653564453,46240500,168.1963653564453
2024-04-02,167.25662806803024,167.51381877100314,166.41578850586058,167.0192108154297,49329500,167.0192108154297
2024-04-03,166.9697540235435,168.83937157047524,166.7620271262386,167.8204803466797,47691700,167.8204803466797
2024-04-04,168.45358430225178,170.0660111961713,166.99945068359375,166.99945068359375,53704400,166.99945068359375
2024-04-05,167.76110742740823,168.55248310289795,167.12800990586356,167.751220703125,42104800,167.751220703125
2024-04-08,167.20715459942008,167.37531948329715,166.425680716199,166.63340759277344,37425500,166.63340759277344
2024-04-09,166.8806999592474,168.24582257310013,166.5344834909376,167.84024047851562,42373800,167.84024047851562
2024-04-10,166.97966188332379,167.26652787853376,165.30788444762385,165.9706573486328,49709300,165.9706573486328
2024-04-11,166.52458559261675,173.56781241373886,166.34653399230652,173.15232849121094,91070300,173.15232849121094
2024-04-12,172.3807444342083,176.43653535919364,172.33129571828837,174.64605712890625,101670900,174.64605712890625
2024-04-15,173.46888692512982,174.72519524382946,170.6397290741028,170.8276824951172,73531800,170.8276824951172
2024-04-16,169.8978582518174,171.88617709786888,166.45539059048195,167.5534210205078,73711200,167.5534210205078
2024-04-17,167.780901063059,168.80967890645843,166.18826293945312,166.18826293945312,50901200,166.18826293945312
2024-04-18,166.21794611620325,166.8213684176903,164.75391081370103,165.23861694335938,43122900,165.23861694335938
2024-04-19,164.41758473594675,164.60552308162337,162.31054999578998,163.2206268310547,68149400,163.2206268310547
2024-04-22,163.73503344203667,165.4562595890904,162.993121456103,164.05157470703125,48116400,164.05157470703125
2024-04-23,163.56685559955991,165.24851961582092,163.14148491226467,165.10012817382812,49537800,165.10012817382812
2024-04-24,164.7439994721628,167.4742448528629,164.41757152765254,167.197265625,48251800,167.197265625
2024-04-25,167.70177351115603,168.77012851479734,166.33665071301928,168.05789184570312,50558300,168.05789184570312
2024-04-26,168.04799015720317,169.49223681731962,167.35552700029277,167.4742431640625,44838400,167.4742431640625
2024-04-29,171.50034913417457,174.1316669492416,171.2332717193323,171.6289520263672,68169400,171.6289520263672
2024-04-30,171.46078102452523,173.10288291918897,168.16669051085722,168.49313354492188,65934800,168.49313354492188
2024-05-01,167.75122238913238,170.84747276952126,167.28628974114312,167.4742431640625,50383100,167.4742431640625
2024-05-02,170.649650682897,171.54984088638673,169.04712555589578,171.16404724121094,94214900,171.16404724121094
2024-05-03,184.63716076188317,184.98339240032777,180.69019857365393,181.40243530273438,163224100,181.40243530273438
2024-05-06,180.383540128798,182.2135806366563,178.47434543693257,179.7504425048828,78569700,179.7504425048828
2024-05-07,181.47164781905605,182.9060078076493,179.36462828599997,180.43296813964844,77305800,180.43296813964844
2024-05-08,180.878116710922,181.09574539643793,179.49320552179933,180.76930236816406,45057100,180.76930236816406
2024-05-09,180.59124108896245,182.6686003878229,180.14609698041687,182.57957458496094,48983000,182.57957458496094
2024-05-10,183.15413237021016,183.34234077179326,180.41029812888445,181.3216094970703,50759500,181.3216094970703
2024-05-13,183.68900761377958,185.3333368917867,182.87674310968822,184.5210723876953,72044800,184.5210723876953
2024-05-14,185.7394637127145,186.52201273815805,184.53098214319476,185.66021728515625,52393600,185.66021728515625
2024-05-15,186.13569714479723,188.84981551266446,185.60078753373725,187.92860412597656,70400000,187.92860412597656
2024-05-16,188.67154158974972,189.29559782793692,187.86919220620172,188.0474853515625,52845200,188.0474853515625
2024-05-17,187.72057759120682,189.00830557822601,187.39369174809892,188.07717895507812,41282900,188.07717895507812
2024-05-20,187.54226949481966,190.10781001398533,187.22528381236822,189.23611450195312,44361300,189.23611450195312
2024-05-21,189.28564024416437,190.91015403566988,189.11724727296848,190.53375244140625,42309400,190.53375244140625
2024-05-22,190.45453220558076,190.99934196064652,188.47341681604038,189.0974578857422,34648500,189.0974578857422
2024-05-23,189.1766947549615,189.19651013997458,184.86777806929078,185.11541748046875,51005900,185.11541748046875
2024-05-24,187.03710655742805,188.78048261582597,186.26445766907554,188.18614196777344,36327000,188.18614196777344
2024-05-28,189.70168159973719,191.1776178733189,187.31444925751387,188.196044921875,52280100,188.196044921875
2024-05-29,187.81963788738682,190.43470949642946,187.72057607583483,188.4932098388672,53068000,188.4932098388672
2024-05-30,188.9587703074631,190.36536034504638,188.83000809203267,189.4837646484375,49889100,189.4837646484375
2024-05-31,189.63235836586054,190.7516933437122,188.11680637508078,190.43470764160156,75158300,190.43470764160156
2024-06-03,191.07854113305333,193.14881785405223,190.7021395503604,192.1978759765625,50080500,192.1978759765625
2024-06-04,192.80211709386347,193.47570407411885,191.207318865485,192.51486206054688,47471400,192.51486206054688
2024-06-05,193.55494454203196,195.04078090785526,193.02995023528447,194.0205078125,54156800,194.0205078125
2024-06-06,193.8422276391208,194.64457691185422,192.33657578915964,192.64364624023438,41181800,192.64364624023438
2024-06-07,192.8120444256859,195.08042995429523,192.3068654552658,195.03089904785156,53103900,195.03089904785156
2024-06-10,195.04080033594326,195.43703247512377,190.33565137548777,191.29649353027344,97010200,191.29649353027344
2024-06-11,191.82148694435384,205.2039307530545,191.80168667352532,205.1940155029297,172373300,205.1940155029297
2024-06-12,205.41193016487838,218.1207863262847,204.94636687125956,211.05812072753906,198134300,211.05812072753906
2024-06-13,212.71235034689784,214.70336573665497,209.60200000148347,212.21707153320312,97862700,212.21707153320312
2024-06-14,211.8307711431916,213.13829945342002,209.30484597389386,210.48361206054688,70122700,210.48361206054688
2024-06-17,211.35528688913016,216.88260054537645,210.71143044440285,214.62413024902344,93728300,214.62413024902344
2024-06-18,215.5354139875743,216.56560230529576,210.9887584540523,212.26657104492188,79943300,212.26657104492188
2024-06-20,211.91000456307782,212.21709015086526,206.8779846754286,207.70013427734375,86172500,207.70013427734375
2024-06-21,208.40343403997312,209.8892705909824,205.15440599094305,205.53082275390625,241805100,205.53082275390625
2024-06-24,205.75861973380415,210.69159220230495,204.63928484253907,206.17465209960938,80727000,206.17465209960938
2024-06-25,207.1751175381149,209.38407188516823,206.64022308060072,207.09588623046875,55549700,207.09588623046875
2024-06-26,209.5029437835443,212.83121810497767,208.6510635966682,211.23641967773438,66213200,211.23641967773438
2024-06-27,212.6628097453943,213.70289822966825,210.3449086305272,212.07838439941406,49772700,212.07838439941406
2024-06-28,213.7326216506115,214.0297919592074,208.31427026634478,208.63124084472656,82542700,208.63124084472656
2024-07-01,210.0873668962765,215.4561875080808,209.91897391071575,214.703369140625,60402900,214.703369140625
2024-07-02,214.10903193760322,218.29910171758146,213.068958487467,218.1901397705078,58046200,218.1901397705078
2024-07-03,217.92268618597842,219.4580535888672,216.9618440422543,219.4580535888672,37369800,219.4580535888672
2024-07-05,219.55710192478037,224.3117817727132,219.55710192478037,224.20281982421875,60412400,224.20281982421875
2024-07-08,224.9457357840812,225.69856928044194,221.14199799041046,225.66885375976562,59085900,225.66885375976562
2024-07-09,225.777772763212,227.23389355571192,224.23250541967136,226.52069091796875,48076100,226.52069091796875
2024-07-10,227.1348758928893,230.87918266211804,227.08534498663496,230.78012084960938,62627700,230.78012084960938
2024-07-11,229.2051413563895,230.19569903805672,223.63821202212716,225.4212188720703,64710600,225.4212188720703
2024-07-12,226.7584454352943,230.44332094014862,226.5207061684713,228.36314392089844,53046500,228.36314392089844
2024-07-15,234.24706826366577,234.9899864993383,230.88907844301437,232.18670654296875,62631300,232.18670654296875
2024-07-16,232.781045805997,234.03905824310993,230.1362587163494,232.60275268554688,43234300,232.60275268554688
2024-07-17,227.28343626123907,229.27446669281912,224.49997184852458,226.7188262939453,57345900,226.7188262939453
2024-07-18,228.10559381010606,228.2640866473074,220.1712331922365,222.0631866455078,66034600,222.0631866455078
2024-07-19,222.6971801635164,224.65848009632384,221.1717129043359,222.19198608398438,49151500,222.19198608398438
2024-07-22,224.86649525231948,225.62922890399747,220.98351093014816,221.84530639648438,48201800,221.84530639648438
2024-07-23,222.25140445670337,224.7971447504236,220.57735968997056,222.88536071777344,39960300,222.88536071777344
2024-07-24,221.88490694575157,222.67735606492835,215.0797809310421,216.47645568847656,61777600,216.47645568847656
2024-07-25,216.86276105080302,218.7646448818125,212.59346035218633,215.43637084960938,51391200,215.43637084960938
2024-07-26,216.6349499920164,217.41749898154802,213.9703475571551,215.90194702148438,41601300,215.90194702148438
2024-07-29,214.91139345300462,217.22929471632008,213.71281205128278,216.17930603027344,36311800,216.17930603027344
2024-07-30,217.1203256536185,218.24956072806748,214.07930652606245,216.7340087890625,41643800,216.7340087890625
2024-07-31,219.34907597117163,221.70660788092644,218.5467267386139,219.9830322265625,50036300,219.9830322265625
2024-08-01,222.2514024343897,222.36036437427163,214.97081319041698,216.29815673828125,62501000,216.29815673828125
2024-08-02,217.0807092384795,223.46981835778237,215.6543188775265,217.7840118408203,105568600,217.7840118408203
2024-08-05,197.21012147966275,211.4840610296135,194.14930192882554,207.29400634765625,119548600,207.29400634765625
2024-08-06,203.3614702980554,208.00718767754023,199.1714160471065,205.2732391357422,69660500,205.2732391357422
2024-08-07,204.94639470682978,211.62275945732517,204.4412156900116,207.83883666992188,63516400,207.83883666992188
2024-08-08,211.0977289070064,212.1774330540979,206.85814362500793,211.29583740234375,47161100,211.29583740234375
2024-08-09,210.09730322074367,214.73310620037486,209.9685258775167,214.19821166992188,42201600,214.19821166992188
2024-08-12,214.27753840147545,217.68898821235913,213.81143620679725,215.7254180908203,38028100,215.7254180908203
2024-08-13,217.19314118814535,220.04925425523973,217.19314118814535,219.4344024658203,44155300,219.4344024658203
2024-08-14,218.7402072098891,221.17979111862692,217.8774142480331,219.8806610107422,41960600,219.8806610107422
2024-08-15,222.73677426147512,223.48055242779947,220.9120269929499,222.85577392578125,46414000,222.85577392578125
2024-08-16,222.06239369045758,224.94825642777528,221.79462933024135,224.1747283935547,44340200,224.1747283935547
2024-08-19,223.84744910734045,224.1152134494971,221.18967426906008,224.0160369873047,40687800,224.0160369873047
2024-08-20,223.8970689622142,225.28544883578485,223.57971634413767,224.63092041015625,30299000,224.63092041015625
2024-08-21,224.64085012661386,226.08872985229075,223.1830436738614,224.52183532714844,34765500,224.52183532714844
2024-08-22,225.90029338876204,226.4457337259973,222.04256465043304,222.66734313964844,43695300,222.66734313964844
2024-08-23,223.78797197411373,226.32673228874265,222.46900358067504,224.9581756591797,38677300,224.9581756591797
2024-08-26,224.87885041051024,225.39454085782168,222.0326640536948,225.2953643798828,30602200,225.2953643798828
2024-08-27,224.1251322421701,226.95149505120298,223.0243400581704,226.13829040527344,35934600,226.13829040527344
2024-08-28,226.02922904592305,227.95313769677003,223.80780609600177,224.61109924316406,38052200,224.61109924316406
2024-08-29,228.1911537968638,230.98775191089825,226.9812734022471,227.8837127685547,51906300,227.8837127685547
2024-08-30,228.28039594132485,228.4886453526855,225.59287085733376,227.1002655029297,52990800,227.1002655029297
2024-09-03,226.65398476754012,227.10024860517055,219.33520335446548,220.92193603515625,50190600,220.92193603515625
2024-09-04,219.82116129878526,219.94016096302124,215.67582978550038,219.01788330078125,43840200,219.01788330078125
2024-09-05,219.79142381839864,223.60947620664672,219.68233574260833,220.5352020263672,36615400,220.5352020263672
2024-09-06,222.09215251756703,223.37145940933704,217.94683622588397,218.98812866210938,48423000,218.98812866210938
2024-09-09,218.98812757352732,219.4343914347755,214.91222272734436,219.07737731933594,67180000,219.07737731933594
2024-09-10,217.10389659918582,219.64265710486697,214.9320618304677,218.28402709960938,51591000,218.28402709960938
2024-09-11,219.62283934479092,221.23930705217748,216.08244775598524,220.81288146972656,44587100,220.81288146972656
2024-09-12,220.65417167969628,221.69546405563682,217.99641184157417,220.92193603515625,37455600,220.92193603515625
2024-09-13,221.72521710949164,222.18139254741286,220.06907298412548,220.6541748046875,36766600,220.6541748046875
2024-09-16,214.7436126542421,215.41797935337752,212.14535259122513,214.52545166015625,59357400,214.52545166015625
2024-09-17,213.96018092212807,215.1006346980314,212.72055067344832,214.99154663085938,45519300,214.99154663085938
2024-09-18,215.7452565018275,220.86245391858552,215.7353297749969,218.8592071533203,59894900,218.8592071533203
2024-09-19,223.12354184254357,227.91347512552952,222.76652771175563,226.97134399414062,66781300,226.97134399414062
2024-09-20,228.06222073119503,231.15633305592988,225.7317097608303,226.30690002441406,318679900,226.30690002441406
2024-09-23,225.4540253555904,227.54652178723228,223.9367191660146,224.59124755859375,54146000,224.59124755859375
2024-09-24,226.75316007712865,227.44736512534206,223.85738561877668,225.48377990722656,43556100,225.48377990722656
2024-09-25,223.06400902085235,225.40443143928672,222.16156973744518,224.4920654296875,42308700,224.4920654296875
2024-09-26,225.4143769570366,226.60441901953834,223.54005654723983,225.63255310058594,36636700,225.63255310058594
2024-09-27,226.56473891662026,227.61594290444046,225.41435845997736,225.90028381347656,34026000,225.90028381347656
2024-09-30,228.13162655878588,231.06707763671875,227.74486252768645,231.06707763671875,54541900,231.06707763671875
2024-10-01,227.615942887257,227.74485413807125,221.88389405688537,224.33340454101562,63285000,224.33340454101562
2024-10-02,224.01605029183685,225.48376819979168,221.16986421787885,224.89866638183594,32880600,224.89866638183594
2024-10-03,223.2722952944607,224.92843958391967,221.46740141968138,223.7978973388672,34044200,223.7978973388672
2024-10-04,226.00936828631617,226.1085447535635,222.27065455992025,224.9185028076172,37245100,224.9185028076172
2024-10-07,222.63759275105315,223.81772316941647,219.49389225502094,219.8509063720703,39505400,219.8509063720703
2024-10-08,222.4392426471427,224.10529834651464,221.39795026893304,223.8970489501953,31855700,223.8970489501953
2024-10-09,223.36153007501719,227.84403724277382,222.96485445261254,227.63577270507812,33591100,227.63577270507812
2024-10-10,225.8903660776275,227.59609839600836,225.2854259515482,227.13990783691406,28183500,227.13990783691406
2024-10-11,227.39777482080956,227.5068628874906,225.4540279414576,225.66229248046875,31759200,225.66229248046875
2024-10-14,226.80274288926017,229.8076053434174,226.70358155060512,229.3811798095703,39882100,229.3811798095703
2024-10-15,231.672004479983,235.51982138099225,230.44228590022638,231.91001892089844,64751400,231.91001892089844
2024-10-16,229.67867825777722,230.1943535005289,227.93326933706737,229.857177734375,34082200,229.857177734375
2024-10-17,231.49350124327563,231.91003031839952,228.60765355789445,230.22412109375,32993800,230.22412109375
2024-10-18,234.2206797118992,234.2206797118992,232.0686835146529,233.05047607421875,46431500,233.05047607421875
2024-10-21,232.5050454306036,234.88514457730523,232.5050454306036,234.51820373535156,36254500,234.51820373535156
2024-10-22,231.94972262812325,234.26039550788073,230.67043071443962,233.90338134765625,38846600,233.90338134765625
2024-10-23,232.13813805749322,233.18934216580075,225.8705597881939,228.84567260742188,52287000,228.84567260742188
2024-10-24,228.0721096303277,228.9051525928802,226.5151420282862,228.6572265625,31109500,228.6572265625
2024-10-25,227.83413589840254,231.28526239164006,227.6655479946858,229.4902801513672,38802300,229.4902801513672
2024-10-28,231.38445260776976,232.78274415861915,230.62083606612686,231.46377563476562,36087100,231.46377563476562
2024-10-29,231.1662428522856,232.38603471678388,230.39271482775456,231.73150634765625,35417200,231.73150634765625
2024-10-30,230.68031899274527,231.53318522639518,227.64570650368097,228.19114685058594,47070900,228.19114685058594
2024-10-31,227.43742665071557,227.92336713292326,223.5003599556127,224.035888671875,64370100,224.035888671875
2024-11-01,219.13689753624155,223.48056715614828,218.44270756169647,221.06080627441406,65276700,221.06080627441406
2024-11-04,219.15668564471403,220.94174084677013,217.88730565861934,220.168212890625,44944500,220.168212890625
2024-11-05,219.9599923572388,222.09215031274817,219.3054639601429,221.59629821777344,28111300,221.59629821777344
2024-11-06,220.76325691115125,224.19455985797964,219.3550388628842,220.87234497070312,54561100,220.87234497070312
2024-11-07,222.7665171269793,225.9895557457087,222.7070172967094,225.59286499023438,42137700,225.59286499023438
2024-11-08,225.53329235935942,227.01256271730918,224.77877343219782,225.32481384277344,38328800,225.32481384277344
2024-11-11,223.3789433198207,224.07389700260043,219.90415975706793,222.61448669433594,42005600,222.61448669433594
2024-11-12,222.93218846295187,223.96468891324545,221.75075962779928,222.61448669433594,40398300,222.61448669433594
2024-11-13,222.3960891659536,225.01706838141624,221.1550949323282,223.4980926513672,48566200,223.4980926513672
2024-11-14,223.398802697962,227.22105551450989,223.3789425502784,226.57574462890625,44923900,226.57574462890625
2024-11-15,224.76884409236825,225.28510187679902,222.65420045885568,223.37893676757812,47923700,223.37893676757812
2024-11-18,223.6271499370396,228.08480645929455,223.5477244921184,226.377197265625,44633700,226.377197265625
2024-11-19,225.34464764897942,228.5017442258817,225.02696106605572,226.63528442382812,36211800,226.63528442382812
2024-11-20,226.4168677573381,228.2733899080337,224.2625040209905,227.35009765625,35169600,227.35009765625
2024-11-21,227.230987838277,228.50176458087773,224.0838286281757,226.8735809326172,42108300,226.8735809326172
2024-11-22,226.41689485035167,229.05773399756174,226.41689485035167,228.21385192871094,38168300,228.21385192871094
2024-11-25,229.79241557012372,231.56951255942457,228.08480637706975,231.19224548339844,90152800,231.19224548339844
2024-11-26,231.6489234928732,233.87279036398945,231.6489234928732,233.366455078125,45986200,233.366455078125
2024-11-27,232.78070364946953,233.99191506726265,232.12545514826604,233.2373809814453,33498400,233.2373809814453
2024-11-29,233.11825362062933,236.0966394139658,232.28430923421996,235.62010192871094,28481400,235.62010192871094
2024-12-02,235.56052304560976,239.05515126765505,235.45131496686756,237.86380004882812,48137100,237.86380004882812
2024-12-03,238.0822139315433,241.01095673492534,237.17876666593097,240.90174865722656,38861000,240.90174865722656
2024-12-04,241.12019505186365,242.35126670496282,239.5118714775545,241.25918579101562,44383900,241.25918579101562
2024-12-05,242.23215395066566,242.77817929899135,240.38555390946996,241.2889862060547,40033900,241.2889862060547
2024-12-06,241.15989600483465,242.86750503393802,240.33587413565135,241.09039306640625,36870600,241.09039306640625
2024-12-09,240.08769312504634,245.4587194212017,240.00826768189094,244.9722442626953,44649200,244.9722442626953
2024-12-10,245.11121388943334,246.4217108653419,243.57237825215392,245.98487854003906,36914800,245.98487854003906
2024-12-11,246.17352158557497,248.9930565140259,244.48575750906295,244.714111328125,45205800,244.714111328125
2024-12-12,245.11122473397327,246.9479020514793,243.9099357862414,246.17352294921875,32777500,246.17352294921875
2024-12-13,246.0345058191798,247.49390077927876,244.46588763578848,246.34226989746094,33155300,246.34226989746094
2024-12-16,246.2033097230519,249.56888515433104,245.86574781090837,249.2313232421875,51694800,249.2313232421875
2024-12-17,248.2782345553336,252.0012166921119,247.98039295462073,251.6537322998047,51356400,251.6537322998047
2024-12-18,250.34325221557475,252.44797328398425,245.95509905753715,246.2628631591797,56774100,246.2628631591797
2024-12-19,245.71681628677703,250.18439476471843,245.30976661195103,247.9903106689453,60882300,247.9903106689453
2024-12-20,246.2529371403228,253.16279902630112,243.919877297432,252.65647888183594,147495300,252.65647888183594
2024-12-23,252.93446477293034,253.80811434244586,251.6239676953758,253.4308624267578,40858800,253.4308624267578
2024-12-24,253.64927033575188,256.34965954757746,253.45069916161225,256.3397521972656,23234700,256.3397521972656
2024-12-26,256.32980188696064,258.2260444048055,255.77383898408218,257.15380859375,27237100,257.15380859375
2024-12-27,255.972417613419,256.83617503774866,251.23679459279407,253.74856567382812,42355300,253.74856567382812
2024-12-30,250.41273247360002,251.67358663649517,248.94339979921563,250.38294982910156,35557500,250.38294982910156
2024-12-31,250.6212497119267,251.4551941340452,247.63292614272083,248.6157989501953,39480700,248.6157989501953
2025-01-02,247.13651085819407,247.30529937932678,240.07775127221439,242.09312438964844,55740700,242.09312438964844
2025-01-03,241.60665893554688,242.42074318433572,240.14724866814672,241.60665893554688,40244100,241.60665893554688
2025-01-06,242.5498168429892,245.54806288478193,241.4478134561986,243.23484802246094,45045600,243.23484802246094
2025-01-07,241.22939201717418,243.78088314896328,239.61114601786818,240.46495056152344,40856000,240.46495056152344
2025-01-08,240.17702168463396,241.95413364050106,238.32049944087447,240.95140075683594,37628900,240.95140075683594
2025-01-10,238.28079154222544,238.4297199246896,231.32130202918376,235.14356994628906,61710900,235.14356994628906
2025-01-13,231.84748509521594,232.9792711307645,228.06493742769467,232.71121215820312,49630700,232.71121215820312
2025-01-14,233.05868390458076,234.41880854341963,230.7951119565212,231.59927368164062,39435300,231.59927368164062
2025-01-15,232.94947976770305,237.2383625727966,232.74098609709984,236.1562042236328,39832000,236.1562042236328
2025-01-16,235.6399687194268,236.29520209930612,226.3871093224655,226.61544799804688,71759100,226.61544799804688
2025-01-17,230.44764042021458,230.6164138035219,226.833866130533,228.32305908203125,68488300,228.32305908203125
2025-01-21,222.38613659782595,222.8031087860845,217.79942737812888,221.0359344482422,98070400,221.0359344482422
2025-01-22,218.20644519467228,222.50525012711904,218.20644519467228,222.21734619140625,64126500,222.21734619140625
2025-01-23,223.1208199792776,225.394314538592,220.69839703644928,222.04859924316406,60234800,222.04859924316406
2025-01-24,223.16054806888465,224.0044302156618,219.814832429481,221.17495727539062,54697900,221.17495727539062
2025-01-27,222.4059977899183,230.47741293083342,222.36627749626697,228.20391845703125,94863400,228.20391845703125
2025-01-28,229.18679454547646,238.4594987479956,229.147074251248,236.54339599609375,75707600,236.54339599609375
2025-01-29,232.43322998057818,238.13188043636077,232.32402189200354,237.63548278808594,45486100,237.63548278808594
2025-01-30,236.95044029141235,239.05516137192973,235.50096771104396,235.8782196044922,55658300,235.8782196044922
2025-01-31,245.40906406001392,245.40906406001392,231.75812916176676,234.2996826171875,100959800,234.2996826171875
2025-02-03,228.3330095070948,230.1597493274262,224.07390894412586,226.3672637939453,73063300,226.3672637939453
2025-02-04,225.61272492539547,231.45036595591674,225.01704170433482,231.12274169921875,45067300,231.12274169921875
2025-02-05,226.88350440739822,230.99367626573292,226.625383087866,230.7951202392578,39620300,230.7951202392578
2025-02-06,229.62363097431557,232.11555701043588,228.7698263631288,231.53973388671875,29925300,231.53973388671875
2025-02-07,230.92416830424466,232.3140755170278,225.6226304523949,225.98997497558594,39707200,225.98997497558594
2025-02-10,228.16660736242451,229.1803610121675,225.81108525741098,226.25833129882812,33115600,226.25833129882812
2025-02-11,226.8049592810601,233.7919821040532,226.7353950927951,231.19793701171875,53718400,231.19793701171875
2025-02-12,229.7866449882993,235.5114431570428,229.2698195612854,235.42198181152344,45243300,235.42198181152344
2025-02-13,235.46174477414044,240.85854326211725,234.12993999243653,240.05349731445312,53614100,240.05349731445312
2025-02-14,239.77520922194773,244.0489258287467,239.5168040933544,243.104736328125,40896200,243.104736328125
2025-02-18,242.6574585849239,243.6811607859394,240.36158248040348,242.9755096435547,48822500,242.9755096435547
2025-02-19,243.16436963880025,244.50610783818917,241.67353930691675,243.37307739257812,32204200,243.37307739257812
2025-02-20,243.44265077076676,245.2713989598738,242.7966152101895,244.32720947265625,32316900,244.32720947265625
2025-02-21,244.44645306890683,247.1697083342209,243.72091995824803,244.0489044189453,53197400,244.0489044189453
2025-02-24,243.43269920852308,247.33868242018207,242.92582237394555,245.58944702148438,51326400,245.58944702148438
2025-02-25,246.48392314447185,248.4716967182176,243.41281661275679,245.52978515625,48013300,245.52978515625
2025-02-26,242.83637220684057,243.48239258336395,237.66816369812489,238.89064025878906,44433600,238.89064025878906
2025-02-27,237.94645181292123,240.9778097055873,235.61081167459415,235.84934997558594,41153600,235.84934997558594
2025-02-28,235.5014815283524,240.61005923211764,228.7927454203557,240.36158752441406,56833400,240.36158752441406
2025-03-03,240.31186830369816,242.53818006191796,234.66659889731284,236.57485961914062,47184000,236.57485961914062
2025-03-04,236.25684921580154,238.60242278275774,233.24535811530478,234.4877166748047,53798100,234.4877166748047
2025-03-05,233.98082285378285,235.1039197629907,227.82866128733946,234.2988739013672,47227600,234.2988739013672
2025-03-06,233.00684447444675,236.4059358119138,231.73467047090975,233.8914031982422,45170400,233.8914031982422
2025-03-07,233.67272217403436,239.8944479764648,233.3248557337566,237.6085205078125,46273600,237.6085205078125
2025-03-10,234.10008031193473,234.71630041445476,222.84929009717774,226.08935546875,72071200,226.08935546875
2025-03-11,222.4418047589131,224.4593937721428,216.1206840338927,219.48995971679688,76137400,219.48995971679688
2025-03-12,218.79423505763873,220.39439337943787,213.59621144659917,215.65354919433594,62547500,215.65354919433594
2025-03-13,214.6298526174969,215.5144112677834,207.14588618522245,208.39817810058594,61368300,208.39817810058594
2025-03-14,209.95857893569573,212.64207016591416,208.29878985935505,212.1848907470703,60107600,212.1848907470703
2025-03-17,212.00600336087763,213.9043309003415,208.68642489319868,212.69178771972656,48073400,212.69178771972656
2025-03-18,212.85080057479257,213.83473880015984,210.19712464056028,211.38978576660156,42432400,211.38978576660156
2025-03-19,212.91045595477615,217.42269587202972,212.44332789190165,213.92422485351562,54385400,213.92422485351562
2025-03-20,212.6818553101102,216.16045933121794,210.92267131595005,212.7911834716797,48862900,212.7911834716797
2025-03-21,210.26669685360034,217.5021918152461,209.9884097524224,216.93568420410156,94127800,216.93568420410156
2025-03-24,219.64898417718916,220.1260455978378,217.24377992596973,219.38063049316406,44299500,219.38063049316406
2025-03-25,219.42039321145907,222.7300380772677,218.73460889257407,222.38217163085938,34493600,222.38217163085938
2025-03-26,222.1436424317859,223.64442126802376,219.12223310716143,220.17575073242188,34466100,220.17575073242188
2025-03-27,220.0365840783956,223.61458239748316,219.21165626689742,222.48155212402344,37094800,222.48155212402344
2025-03-28,220.31487416588553,222.44179120535847,216.34926057176412,216.5679168701172,39818600,216.5679168701172
2025-03-31,215.683368745432,224.24073468961828,214.90813825561798,220.77207946777344,65299300,220.77207946777344
2025-04-01,218.46626491168394,222.31260214779184,217.5618242432653,221.8256072998047,36412700,221.8256072998047
2025-04-02,219.9670353213626,223.8133724100327,219.66886624627372,222.5213165283203,35905900,222.5213165283203
2025-04-03,204.28351646204925,206.22160814156834,200.01974813123203,201.94789123535156,103419000,201.94789123535156
2025-04-04,192.70471987275084,198.65810753704542,186.19475800144227,187.22840881347656,125910900,187.22840881347656
2025-04-07,176.1167553732534,192.96313526897592,173.55252535537636,180.35072326660156,160466300,180.35072326660156
2025-04-08,185.55865310846366,189.17640027021665,168.17558356470508,171.36595153808594,120859500,171.36595153808594
2025-04-09,170.8988481608281,199.38365014436008,170.8392173737498,197.63441467285156,184395900,197.63441467285156
2025-04-10,187.9141974958541,193.5892830219747,181.88129692496375,189.2559356689453,121880000,189.2559356689453
2025-04-11,184.96233608452022,198.32016168749274,184.92257212057936,196.93865966796875,87435900,196.93865966796875
2025-04-14,210.14743595954587,211.63826622013798,199.9302804535287,201.28196716308594,101352900,201.28196716308594
2025-04-15,200.62597928160577,202.26588634734406,198.5785750100267,200.90426635742188,51343900,200.90426635742188
2025-04-16,197.1473909296092,199.47308245703653,191.19400339685228,193.0823974609375,59732400,193.0823974609375
2025-04-17,195.99447418061752,197.61451451967758,193.2314700862815,195.77581787109375,52164700,195.77581787109375
2025-04-21,192.08851517151226,192.6152739871965,188.64966000796989,191.97918701171875,46742500,191.97918701171875
2025-04-22,194.92107095045932,200.35763286451953,194.7719939992729,198.51895141601562,52976400,198.51895141601562
2025-04-23,204.7406939661261,206.72846769395255,201.56025903470575,203.34925842285156,52929200,203.34925842285156
2025-04-24,203.63746952607698,207.55338601533765,201.69939326414854,207.09619140625,47311000,207.09619140625
2025-04-25,205.1083963732819,208.46773832051537,204.93943745171498,208.0006103515625,38222300,208.0006103515625
2025-04-28,208.71623364812058,210.2070638884643,206.1917677806294,208.85537719726562,38743100,208.85537719726562
2025-04-29,207.41425458581946,210.94255602883885,207.096203506044,209.91885375976562,36827600,209.91885375976562
2025-04-30,208.02050829648644,212.2743425468257,205.40658118436113,211.20094299316406,52286500,211.20094299316406
2025-05-01,207.80185982414434,213.2483553954001,207.62295230903422,212.0159454345703,57365700,212.0159454345703
2025-05-02,204.83013207172814,205.72463931330321,200.92416412992952,204.09466552734375,101010600,204.09466552734375
2025-05-05,201.85841873478097,202.85230555244996,196.99831280299983,197.6741485595703,69018500,197.6741485595703
2025-05-06,196.9983091053983,199.42338015596502,195.81558138809015,197.2964630126953,51216500,197.2964630126953
2025-05-07,197.9524407308952,198.2207944248892,192.0686324392914,195.05029296875,68536700,195.05029296875
2025-05-08,196.51130456752412,198.82706269335065,193.48988012199126,196.28271484375,50478900,196.28271484375
2025-05-09,197.7834732241415,199.31405222350435,196.3323918231404,197.31634521484375,36453900,197.31634521484375
2025-05-12,209.95526516858178,210.2538252478288,205.75556156059073,209.776123046875,63775800,209.776123046875
2025-05-13,209.4178625594749,212.3735786127325,207.99474788922345,211.9058380126953,51909300,211.9058380126953
2025-05-14,211.40822571910564,212.9109724892217,209.56713314477625,211.3087158203125,49325800,211.3087158203125
2025-05-15,209.93535780893234,211.93569971673273,208.53213606160298,210.43295288085938,45029500,210.43295288085938
2025-05-16,211.33859654598928,211.54759317457453,208.76105751069144,210.24388122558594,54737900,210.24388122558594
2025-05-19,206.90999202317107,208.47243269467637,203.2775387890809,207.7758026123047,46140500,207.7758026123047
2025-05-20,206.6711222878563,207.46727738969238,204.04382108157407,205.86502075195312,42496600,205.86502075195312
2025-05-21,204.18315305948536,206.04415370597744,199.74461367242378,201.1179656982422,59211800,201.1179656982422
2025-05-22,199.74461200022,201.77479312617928,198.73946027881726,200.3914794921875,46742400,200.3914794921875
2025-05-23,192.73846975457602,196.74908474491085,192.52948833207407,194.33078002929688,78432900,194.33078002929688
2025-05-27,197.34622283817185,199.77448939448533,196.4803970243206,199.24703979492188,56288500,199.24703979492188
2025-05-28,199.6251894151235,201.75489573800118,198.9385057789635,199.4560089111328,45339700,199.4560089111328
2025-05-29,202.60082660426147,202.82971610271787,197.55520490499057,198.98828125,51396800,198.98828125
2025-05-30,198.41106448584634,200.98861863398105,195.8335255231089,199.8839569091797,70819900,199.8839569091797
2025-06-02,199.31669015009302,201.15779807678393,199.15745607510846,200.7298583984375,35423300,200.7298583984375
2025-06-03,200.38154929416936,202.78990771325485,199.99342573046133,202.2923126220703,46381600,202.2923126220703
2025-06-04,201.9340306292736,205.24801554678163,201.1279290627925,201.84446716308594,43604000,201.84446716308594
2025-06-05,202.521183994692,203.765171611367,199.1872911078447,199.6649932861328,55126100,199.6649932861328
2025-06-06,202.0236053289331,204.7106157617459,201.07817770068002,202.93917846679688,46607700,202.93917846679688
2025-06-09,203.40692547634254,205.0091823144686,199.05794913802782,200.48106384277344,72862600,200.48106384277344
2025-06-10,199.63513956616538,203.36710243054736,199.60528507808198,201.69517517089844,54672600,201.69517517089844
2025-06-11,202.5211970741936,203.51638723180633,197.45568281643992,197.8238983154297,60989900,197.8238983154297
2025-06-12,198.12244911144163,198.71955406677787,196.410720905765,198.2418670654297,43904600,198.2418670654297
2025-06-13,198.7693188209708,199.4062398916536,194.758703844025,195.50509643554688,51447300,195.50509643554688
2025-06-16,196.35101387226533,197.73432753277095,195.61456771612566,197.4656219482422,43020700,197.4656219482422
2025-06-17,196.25149936947125,197.4357781067605,194.27108064091922,194.69900512695312,38856200,194.69900512695312
2025-06-18,194.99756984742208,196.61973472966923,194.13175923439314,195.63449096679688,45394700,195.63449096679688
2025-06-20,197.28649906078425,200.72984844555882,195.9131318065836,200.03321838378906,96813500,200.03321838378906
2025-06-23,200.6602023375907,201.3269779408771,198.00304635957568,200.53082275390625,55814300,200.53082275390625
2025-06-24,201.61557243039425,202.46149014710028,199.23706853700068,199.3365936279297,54064000,199.3365936279297
2025-06-25,200.48105886821313,202.690382284235,199.65504919597097,200.5905303955078,39525700,200.5905303955078
2025-06-26,200.4611428555203,201.66532960796235,198.50063224789568,200.03321838378906,50799100,200.03321838378906
2025-06-27,200.91894034324127,202.24254507531293,199.03803155248616,200.1128387451172,73188600,200.1128387451172
2025-06-30,201.03834688076608,206.39247448465787,198.30157410241034,204.1831512451172,91912800,204.1831512451172
2025-07-01,205.6759415551798,209.17901505124104,205.1484920031366,206.82041931152344,78788900,206.82041931152344
2025-07-02,207.90517762155153,212.3138626915596,207.13887695509675,211.41819763183594,67941800,211.41819763183594
2025-07-03,211.12959751601144,213.61757304735917,210.79123648824356,212.5228729248047,34955800,212.5228729248047
2025-07-07,211.65705062020388,215.18997897032483,207.7957228576545,208.940185546875,50229000,208.940185546875
2025-07-08,209.08945658408672,210.41304612040562,207.4473837253886,208.9998779296875,42848900,208.9998779296875
2025-07-09,208.52220905408606,210.31355451699514,206.22332203726856,210.1244659423828,48749400,210.1244659423828
2025-07-10,209.49748097232364,212.45319704499605,209.0197939340788,211.3883514404297,44443600,211.3883514404297
2025-07-11,209.55720483784353,211.10969909895366,208.8506131239295,210.1443634033203,39765800,210.1443634033203
2025-07-14,208.92025854176603,209.89555581124029,206.54175471753558,207.61656188964844,38840100,207.61656188964844
2025-07-15,208.21368905566166,210.87084499335577,207.9151289669034,208.10421752929688,42296300,208.10421752929688
2025-07-16,209.28849593835915,211.37838618562168,207.63647661047767,209.149169921875,47490500,209.149169921875
2025-07-17,209.5571995447156,210.78127919114968,208.58190225319882,209.0098419189453,48068100,209.0098419189453
2025-07-18,209.85575432940058,210.77132749863404,208.6913836081342,210.1642608642578,48974600,210.1642608642578
2025-07-21,211.07983063398711,214.74212298846783,210.61209006251647,211.45799255371094,51377400,211.45799255371094
2025-07-22,212.1148250502387,213.91611676733493,211.20919838168209,213.36875915527344,46404100,213.36875915527344
2025-07-23,213.96589762082587,214.11517007989065,211.38835859165647,213.11997985839844,46989300,213.11997985839844
2025-07-24,212.87116805528336,214.65256693634578,212.50295255730364,212.73184204101562,46022600,212.73184204101562
2025-07-25,213.66733592091674,214.20474714033003,212.37358560556336,212.85128784179688,40268800,212.85128784179688
2025-07-28,213.00055398053098,213.81661722083774,212.03521828670327,213.0204620361328,37858000,213.0204620361328
2025-07-29,213.14982178903043,213.7767964509494,209.80599741985404,210.2538299560547,51411700,210.2538299560547
2025-07-30,210.88079278566187,211.36844143995228,206.72090512781878,208.0445098876953,45512500,208.0445098876953
2025-07-31,207.4872131893059,208.83071086700429,206.1636083824018,206.57164001464844,80698400,206.57164001464844
2025-08-01,209.8557561748323,212.5527283441607,200.530828701964,201.40660095214844,104434500,201.40660095214844
2025-08-04,203.52634207300898,206.88014336875773,200.70995198839026,202.37193298339844,75109300,202.37193298339844
2025-08-05,202.42167200915333,204.35234334482283,201.18764593221573,201.94398498535156,44155100,201.94398498535156
2025-08-06,204.6409599471833,214.3440641251077,204.60114383647723,212.22430419921875,108483100,212.22430419921875
2025-08-07,217.82723230897543,219.78775818606874,215.53829184895108,218.97169494628906,90224800,218.97169494628906
2025-08-08,219.76784743364436,229.88892965735022,218.19544514014734,228.2468719482422,113854000,228.2468719482422
2025-08-11,227.08116933177635,228.71513292468896,223.9327956372812,226.34388732910156,61806100,226.34388732910156
2025-08-12,227.17084589508121,229.95058632959714,226.2343181614284,228.8048095703125,55626200,228.8048095703125
2025-08-13,230.2195756343437,234.1351043372746,229.58191650034667,232.47125244140625,69878500,232.47125244140625
2025-08-14,233.1985666998313,234.25466305951576,230.0003892485326,231.92327880859375,51916300,231.92327880859375
2025-08-15,233.1387895567921,233.417757832359,228.49593650929467,230.73765563964844,56038700,230.73765563964844
2025-08-18,230.8472538899505,232.26202593201924,229.26310933608104,230.0402374267578,37476200,230.0402374267578
2025-08-19,230.4287923573085,232.01293684851592,228.50590285589897,229.71144104003906,39402600,229.71144104003906
2025-08-20,229.13358225147155,229.6217843388592,224.93908515924198,225.17819213867188,42263900,225.17819213867188
2025-08-21,225.43723377620466,225.6863136691638,222.95639256938466,224.072265625,30621200,224.072265625
2025-08-22,225.33760837029214,228.2468598588307,224.58041092619504,226.9217529296875,42477800,226.9217529296875
2025-08-25,225.6464693442017,228.45609804536198,225.3973894325087,226.323974609375,30983100,226.323974609375
2025-08-26,226.03502689374838,228.6453946309622,223.86305742355088,228.46604919433594,54575100,228.46604919433594
2025-08-27,227.7686378094015,230.05020313892598,227.41991984776428,229.6417236328125,31259500,229.6417236328125
2025-08-28,229.9704999102399,232.55096405412047,228.4959359400532,231.70408630371094,38074700,231.70408630371094
2025-08-29,231.65426265633033,232.52107103838586,230.51845893056873,231.28562927246094,39418400,231.28562927246094
2025-09-02,228.4062708029861,230.00038826150748,226.1346633063032,228.87454223632812,44075600,228.87454223632812
2025-09-03,236.33697373754433,237.9709372370204,233.49745685978084,237.5923309326172,66427800,237.5923309326172
2025-09-04,237.57239985348932,239.0170601981439,235.8687018920251,238.8975067138672,47549400,238.8975067138672
2025-09-05,239.1167179897741,240.43186723598095,237.61228077870243,238.807861328125,54870400,238.807861328125
2025-09-08,238.41928864081726,239.2661511981365,235.47017586985078,237.0045166015625,48999500,237.0045166015625
2025-09-09,236.12775932745953,237.90120710535396,232.5011563745861,233.48751831054688,66313900,233.48751831054688
2025-09-10,231.33545739080094,231.56460664903227,225.118417424808,225.955322265625,83440800,225.955322265625
2025-09-11,226.04500979013486,229.60186307827533,225.81584532196928,229.18341064453125,50208600,229.18341064453125
2025-09-12,228.37638560886936,233.6469097348115,228.17712472443904,233.2085418701172,55824200,233.2085418701172
2025-09-15,236.1277410783948,237.31336381412066,234.16499028444412,235.82884216308594,42699500,235.82884216308594
2025-09-16,236.30708253667353,240.33222235518573,235.45026224943368,237.2735137939453,63421100,237.2735137939453
2025-09-17,238.09049720761,239.21634322602875,236.85505542454314,238.1104278564453,46508000,238.1104278564453
2025-09-18,239.08682096339746,240.31228984200703,235.77903252032195,237.0045166015625,44249600,237.0045166015625
2025-09-19,240.34217704154452,245.3935247988757,239.32594197772087,244.59646606445312,163741300,244.59646606445312
2025-09-22,247.38616206443075,255.69547916115815,247.2068166293636,255.13751220703125,105517400,255.13751220703125
2025-09-23,254.93828225227924,256.3929004583055,252.64674396870498,253.4936065673828,60275200,253.4936065673828
2025-09-24,254.2807025242173,254.79879299943292,250.11607847800005,251.38140869140625,42303700,251.38140869140625
2025-09-25,252.27810324622078,256.22353571779615,250.7836237831838,255.92462158203125,55202100,255.92462158203125
2025-09-26,253.1648258525147,256.65194458214916,252.84599627139946,254.5198211669922,46076300,254.5198211669922
2025-09-29,253.6231329894407,254.06151607705354,252.07883445903423,253.4936065673828,40127700,253.4936065673828
2025-09-30,253.92203562343897,254.9781320575181,252.17847617402816,253.69288635253906,37704300,253.69288635253906
2025-10-01,254.10134722927504,257.83756097799323,253.9917514638179,254.5098419189453,48713900,254.5098419189453
2025-10-02,255.63566078088252,257.229778167004,253.21461153357077,256.18365478515625,42630200,256.18365478515625
2025-10-03,253.73271197999827,258.2858846694617,253.01536064819075,257.07037353515625,49155600,257.07037353515625
2025-10-06,257.0405037108186,258.1165459888059,254.11133663097664,255.74530029296875,44664100,255.74530029296875
2025-10-07,255.86484387966763,256.45266881763376,254.48991791397023,255.53607177734375,31955800,255.53607177734375
2025-10-08,255.5758888188916,257.56852798749276,255.16739414069707,257.1102294921875,36496900,257.1102294921875
2025-10-09,256.8611554198282,257.0504585775582,252.2083446799687,253.1050262451172,38322000,253.1050262451172
2025-10-10,254.00171816056968,255.436420799504,243.10197943699816,244.3673095703125,61999100,244.3673095703125
2025-10-13,248.46219085423505,248.7710475029622,244.6562426215344,246.74851989746094,38142900,246.74851989746094
2025-10-14,245.69241642712313,247.93413549962378,243.79940008876653,246.8581085205078,35478000,246.8581085205078
2025-10-15,248.57178982967116,250.89321639065437,246.559219921403,248.42233276367188,33893600,248.42233276367188
2025-10-16,247.33633482463924,248.1234206007849,244.2278226113223,246.53927612304688,39777000,246.53927612304688
2025-10-17,247.10719170360767,252.44746537322095,246.35995200283696,251.36146545410156,49147000,251.36146545410156
2025-10-20,254.94822099113512,263.4069798400544,254.68918336894043,261.27484130859375,90483000,261.27484130859375
2025-10-21,260.9161783410852,264.3136317818121,260.86634411857244,261.8028869628906,46695900,261.8028869628906
2025-10-22,261.68336485657886,261.882640960004,254.48993535873984,257.49884033203125,45015300,257.49884033203125
2025-10-23,258.98332466328685,259.6608147081683,257.0604350924048,258.6246337890625,32754900,258.6246337890625
2025-10-24,260.2287163700197,263.15789839957887,258.22610426270086,261.85272216796875,38253700,261.85272216796875
2025-10-27,263.9051197703755,268.1295048126629,263.6759553344934,267.8206481933594,44888200,267.8206481933594
2025-10-28,267.9999758056659,268.896687690681,267.16307106420925,268.00994873046875,41534800,268.00994873046875
2025-10-29,268.28892986747474,270.4110953948544,266.1269030442272,268.7073974609375,51086700,268.7073974609375
2025-10-30,270.98894793982623,273.1310593223432,267.49188695276854,270.401123046875,69886500,270.401123046875
2025-10-31,275.9705701844509,276.29937269597025,268.16940070155243,269.37493896484375,86167100,269.37493896484375
2025-11-03,269.42476736726525,269.8531775103368,265.2701011373342,268.0597839355469,50194600,268.0597839355469
2025-11-04,267.3424142382169,270.49078769741067,266.6350358638735,269.046142578125,49274800,269.046142578125
2025-11-05,267.6214146886098,270.7000692568828,265.94760492323326,269.14581298828125,43683100,269.14581298828125
2025-11-06,266.90407480138714,272.3937751745226,266.90407480138714,268.7771301269531,51204000,268.7771301269531
2025-11-07,268.80702532983145,271.2878818962731,265.7881780523408,267.48193359375,48227400,267.48193359375
2025-11-10,268.2298525605972,272.98692304032335,266.733924572705,268.6985778808594,41312400,268.6985778808594
2025-11-11,269.07757258136417,275.16101963639426,269.0675899882029,274.5028076171875,46208300,274.5028076171875
2025-11-12,274.2535066981436,274.9815360542478,270.9624767916609,272.7276611328125,48398000,272.7276611328125
2025-11-13,273.36590026791555,275.9488963676571,271.3513946141157,272.2090759277344,49602800,272.2090759277344
2025-11-14,270.31420819279356,275.21088338895913,268.8681625557137,271.6705322265625,47431300,271.6705322265625
2025-11-17,268.0903024129557,269.75575219797963,265.00869378967747,266.7339782714844,45018300,266.7339782714844
2025-11-18,269.25705465795,269.97510130800674,264.59974924229334,266.7139892578125,45677300,266.7139892578125
2025-11-19,264.80921977983166,271.47107967039307,264.77930243197466,267.83099365234375,40424500,267.83099365234375
2025-11-20,270.09480618650156,274.68232536305425,265.1981613886433,265.5272521972656,45823600,265.5272521972656
2025-11-21,265.2280517805383,272.5879921198442,264.9488130991126,270.75299072265625,59030800,270.75299072265625
2025-11-24,270.164627965921,276.24807542504453,270.164627965921,275.1710205078125,65585800,275.1710205078125
2025-11-25,274.52277261748515,279.6189174225992,274.50283786370125,276.2181701660156,46914200,276.2181701660156
2025-11-26,276.2081750495132,278.7712060098946,275.8790842359358,276.79656982421875,33431400,276.79656982421875
2025-11-28,276.50736791500816,278.242634823177,275.2407959413455,278.0930480957031,20135600,278.0930480957031
2025-12-01,277.2553332443013,282.65065109438723,275.3904143522869,282.3315124511719,46587700,282.3315124511719
2025-12-02,282.231773534172,286.619823290159,281.86278279875575,285.4131164550781,53669500,285.4131164550781
2025-12-03,285.4230848596457,287.8364984098337,282.5309329409685,283.3786315917969,43538700,283.3786315917969
2025-12-04,283.3287830094401,283.95707766942763,277.83373081751637,279.9380187988281,43989100,279.9380187988281
2025-12-05,279.77845592816414,280.37683325787106,277.2951945750906,278.0232238769531,47265800,278.0232238769531
2025-12-08,277.37501993231956,278.91084811822003,275.4003836933047,277.13568115234375,38211800,277.13568115234375
2025-12-09,277.40493251311347,279.2698514894354,276.16830825817004,276.4275817871094,32193300,276.4275817871094
2025-12-10,276.9960211276047,278.9905919368044,275.68957968235776,278.0232238769531,33038300,278.0232238769531
2025-12-11,278.34237127554803,278.8310314000742,273.0667227973629,277.2752685546875,33248000,277.2752685546875
2025-12-12,277.14562382282355,278.4620479370953,276.0685689150702,277.52459716796875,39532900,277.52459716796875
2025-12-15,279.3894873363706,279.3894873363706,272.0993337942639,273.3658752441406,50409100,273.3658752441406
2025-12-16,272.07941349564567,274.752131096348,271.0522107383373,273.8645324707031,37648600,273.8645324707031
2025-12-17,274.2634896625032,275.41036187784255,270.9026424636208,271.1020812988281,50138700,271.1020812988281
2025-12-18,272.86723904028526,272.8872042261758,266.22534517191764,271.45111083984375,51630700,271.45111083984375
2025-12-19,271.41126100078174,273.854622814086,269.1673684747946,272.9271545410156,144632000,272.9271545410156
2025-12-22,272.1192896847017,273.13654030849926,269.7756932559407,270.23443603515625,36571800,270.23443603515625
2025-12-23,270.1048034873943,271.7603010837797,268.8282792538215,271.62066650390625,29642000,271.62066650390625
2025-12-24,271.60070067851706,274.6823088952694,271.46109654935304,273.06671142578125,17910600,273.06671142578125
2025-12-26,273.41578359787746,274.6224904749486,272.11929424741834,272.6578369140625,21521800,272.6578369140625
2025-12-29,271.9497734782625,273.61522314661676,271.6107000753325,273.0168762207031,23715200,273.0168762207031
2025-12-30,272.06942798009953,273.3359694836473,271.54086793463244,272.33868408203125,22139600,272.33868408203125
2025-12-31,272.3187639976345,272.9370761103812,271.0123224859311,271.12200927734375,27293600,271.12200927734375
2026-01-02,271.52095990203577,277.0857995993762,268.26979943372277,270.27435302734375,37838100,270.27435302734375
2026-01-05,269.9053759278346,270.7730094869922,265.41759095171795,266.5345458984375,45647200,266.5345458984375
2026-01-06,266.27521573774703,266.82371056256306,261.40845786144683,261.6477966308594,52352100,261.6477966308594
2026-01-07,262.485556491205,262.96423405428067,259.10474402829175,259.6233215332031,48309800,259.6233215332031
2026-01-08,256.3222864925608,258.58614386359903,255.00587765735156,258.3368225097656,50419300,258.3368225097656
2026-01-09,258.3767027680543,259.5036402038468,255.52448097015204,258.6659240722656,39997000,258.6659240722656
2026-01-12,258.45648066308013,260.5906555331263,256.1028713590674,259.54351806640625,45263800,259.54351806640625
2026-01-13,258.01770778709204,261.0993163539261,257.68861696081353,260.34136962890625,45730800,260.34136962890625
2026-01-14,258.78557762508564,261.1092696408236,256.0131254420647,259.2543029785156,40019400,259.2543029785156
2026-01-15,259.9424426175537,260.3313985459844,256.35220896361545,257.5090637207031,39388600,257.5090637207031
2026-01-16,257.1999111311508,258.1971965798445,254.23797213114116,254.8363494873047,72142800,254.8363494873047
2026-01-20,252.04394930256512,254.09835490933511,242.75922413209136,246.0303192138672,80267500,246.0303192138672
2026-01-21,248.02489020045314,250.87712721718017,244.51444112970407,246.9777374267578,54641700,246.9777374267578
2026-01-22,248.52352576906395,250.31864258405668,247.47637302553753,247.67584228515625,39708300,247.67584228515625
2026-01-23,246.64863719927277,248.73296007338791,244.0157890837153,247.36666870117188,41689000,247.36666870117188
2026-01-26,250.7973501838168,255.86356228737432,249.121917868832,254.71669006347656,55969200,254.71669006347656
2026-01-27,258.4664899667647,261.2389423700868,257.5090739976807,257.56890869140625,49648300,257.56890869140625
2026-01-28,256.95057275810245,258.1572795494081,253.81909726521187,255.74386596679688,41288000,255.74386596679688
2026-01-29,257.29964922744847,258.94516415300217,253.7193980705993,257.5788879394531,67253000,257.5788879394531
2026-01-30,254.4773517832236,261.1890792690021,251.49546251262876,258.7756652832031,92443400,258.7756652832031
2026-02-02,259.3241487899344,269.7557466562268,258.50636737104884,269.2770690917969,73913400,269.2770690917969
2026-02-03,268.4692659190308,271.1419837262723,266.88355520832346,268.7485046386719,64394700,268.7485046386719
2026-02-04,271.55083028665655,278.19275421850585,271.55083028665655,275.7394104003906,90545700,275.7394104003906
2026-02-05,277.3749854862336,278.7412615768201,272.48829324857786,275.1610107421875,52977400,275.1610107421875
2026-02-06,276.3677353153735,280.14745564173626,276.1782486476445,277.3650207519531,50453400,277.3650207519531
2026-02-09,277.41494619870406,277.70443813431814,271.2160169672847,274.13079833984375,44623400,274.13079833984375
2026-02-10,274.40031021957236,274.87943562430115,272.4537718732244,273.19244384765625,34376900,273.19244384765625
2026-02-11,274.2106536370846,279.6808719096702,273.9610989943363,275.00921630859375,51931300,275.00921630859375
2026-02-12,275.09909064411113,275.22886395053104,259.7165366668213,261.2637939453125,81077200,261.2637939453125
2026-02-13,261.5432690161623,261.7628783299504,254.9949421084194,255.32435607910156,56290700,255.32435607910156
2026-02-17,257.5903108294174,265.8156532326085,255.08478749757862,263.4099426269531,58469100,263.4099426269531
2026-02-18,263.13045584681157,266.3447212846438,261.9825104325609,263.8791198730469,34203300,263.8791198730469
2026-02-19,262.13220471573277,264.00886051677537,259.5867290635135,260.11578369140625,30845300,260.11578369140625
2026-02-20,258.50868117461044,264.2783836675007,257.7001265171608,264.1086730957031,42070500,264.1086730957031
2026-02-23,263.0206001676805,268.95002088588865,262.91081074777924,265.705810546875,37308200,265.705810546875
2026-02-24,267.38283777638213,274.4003442568012,267.233111068832,271.6552429199219,47014600,271.6552429199219
2026-02-25,271.29586819299504,274.45024283739696,270.567157599074,273.74151611328125,33714300,273.74151611328125
2026-02-26,274.4602128097023,275.61811956353745,270.31758130113775,272.4637756347656,32345100,272.4637756347656
2026-02-27,272.3240124520744,272.3240124520744,262.4217010495403,263.7093811035156,72366500,263.7093811035156
2026-03-02,261.94253069595567,266.05518620599753,259.73647625260065,264.2484130859375,41827900,264.2484130859375
2026-03-03,263.0106738027697,265.08695529305965,259.6666350681776,263.2801818847656,38568900,263.2801818847656
2026-03-04,264.17854815272653,265.67587606267574,260.95432154975975,262.0523376464844,39803100,262.0523376464844
2026-03-05,260.3254337562426,261.09405110124777,256.79173142961054,259.8263244628906,49658600,259.8263244628906
2026-03-06,258.16927189629365,258.3090066542827,253.916851068475,257.0013427734375,41120000,257.0013427734375
2026-03-09,255.2345148744848,260.68477987096253,253.22808575123491,259.41705322265625,38218500,259.41705322265625
2026-03-10,257.19102845716964,262.01244158439727,256.4922936817907,260.3653564453125,30590800,260.3653564453125
2026-03-11,260.62486739620806,261.6630231774062,259.08760235948154,260.3453674316406,26218900,260.3453674316406
2026-03-12,258.1992253881205,258.48871731031414,253.72719511663234,255.30438232421875,40794000,255.30438232421875
2026-03-13,255.024890934378,255.87336762960538,249.07551643845036,249.6744384765625,36930000,249.6744384765625
2026-03-16,251.66090222791988,253.43773019062647,249.4348789230203,252.36964416503906,32074200,252.36964416503906
2026-03-17,252.5093881906664,254.67552076289968,251.7307636559193,253.77711486816406,32361600,253.77711486816406
2026-03-18,252.1799767808244,254.48585937367065,248.55643828829037,249.49476623535156,35757900,249.49476623535156
2026-03-19,248.95572868612365,251.38140795985734,246.85947863088072,248.5165252685547,34864100,248.5165252685547
2026-03-20,247.53824109812177,248.75606899357115,245.56177255944445,247.54823303222656,88331100,247.54823303222656
2026-03-23,253.51758537106093,254.14646797882926,249.83415620831627,251.04200744628906,40546100,251.04200744628906
2026-03-24,249.90403139868116,254.37604644028636,249.10545347620703,251.1917266845703,45152300,251.1917266845703
2026-03-25,253.6473574345128,254.5457480998694,251.15181088451408,252.16998291015625,28476700,252.16998291015625
2026-03-26,251.67088153367666,256.5421934269488,250.32329549316128,252.43951416015625,41796700,252.43951416015625
2026-03-27,253.4477020992108,255.03488128462607,247.6281009352486,248.35679626464844,47900000,248.35679626464844
2026-03-30,249.62453299565456,250.4230956915925,245.07264337813007,246.19065856933594,39446200,246.19065856933594
2026-03-31,247.46837564153284,255.02488248828539,246.65982101631488,253.337890625,49598100,253.337890625
2026-04-01,253.62737973002484,255.7236296181179,252.8787157917901,255.17462158203125,40059400,255.17462158203125
2026-04-02,253.74717405681358,255.6737439434535,250.20349485503914,255.464111328125,31289400,255.464111328125
2026-04-06,256.053045051996,261.6929736576745,256.003115847535,258.3988342285156,29329900,258.3988342285156
2026-04-07,255.70368128016966,255.7436185540334,245.2623079794448,253.0484161376953,62148000,253.0484161376953
2026-04-08,257.98960165960847,259.2872736156141,256.0730086009651,258.43878173828125,41032800,258.43878173828125
2026-04-09,258.5386040524215,260.65482250105316,255.6138310165902,260.02593994140625,28121600,260.02593994140625
2026-04-10,259.5168819122501,261.7229364827484,258.5585701252562,260.0159912109375,31291500,260.0159912109375
2026-04-13,259.2673359057164,259.71651601158027,256.2027973984465,258.73828125,36234700,258.73828125
2026-04-14,258.78816168339415,261.4633801130582,256.73183388682423,258.368896484375,48370700,258.368896484375
2026-04-15,257.7001261657452,266.08515659729386,257.35074355126085,265.95538330078125,49913500,265.95538330078125
2026-04-16,266.3246925362851,266.6840670491935,260.804545264895,262.9307556152344,43323100,262.9307556152344
2026-04-17,266.4844323486072,271.8149160854778,266.24486962975914,269.7486267089844,61436200,269.7486267089844
2026-04-20,269.84841238867654,273.7913879220191,269.80850557942483,272.5635681152344,36590200,272.5635681152344
2026-04-21,271.0163536236942,272.3140256362382,264.9272139873882,265.69586181640625,50209800,265.69586181640625
2026-04-22,267.3429346055621,273.2523721409737,266.39461467279705,272.68341064453125,43249200,272.68341064453125
2026-04-23,274.56001085217736,275.2787294551341,271.1660737405759,272.9429016113281,33399600,272.9429016113281
2026-04-24,272.2741016414235,272.5735550213531,269.16962610782736,270.5771179199219,38157100,270.5771179199219
2026-04-27,265.6159889280984,267.88193422863776,264.59781690250213,267.1332702636719,41466800,267.1332702636719
2026-04-28,271.8548539018017,272.7432830913257,268.181416710472,270.2277526855469,40018900,270.2277526855469
2026-04-29,267.07336249706583,270.55716597281076,266.56429174844374,269.688720703125,30047900,269.688720703125
2026-04-30,270.018146234023,275.50834883767226,267.6623648300734,270.86663818359375,91848200,270.86663818359375
2026-05-01,278.36321169794013,286.7083346607987,277.87409435408995,279.6409606933594,79915400,279.6409606933594
2026-05-04,279.16182884121525,280.13010214166496,274.3703610857382,276.33685302734375,46668400,276.33685302734375
2026-05-05,276.43668191704,284.0630869835518,276.00745521106614,283.67376708984375,49311700,283.67376708984375
2026-05-06,281.4177950537395,287.5168959460148,280.5693031693742,286.9978332519531,58336100,286.9978332519531
2026-05-07,288.75467457606095,291.60959552514373,285.2709015174152,286.9279479980469,45224300,286.9279479980469
2026-05-08,289.49338424193445,294.2349225642168,289.48339230776435,292.7974853515625,52692800,292.7974853515625
2026-05-11,291.72841688276577,293.6267735875138,289.979924827367,292.42779541015625,42247300,292.42779541015625
2026-05-12,292.3078994315659,295.0155556946294,292.3078994315659,294.54595947265625,45748100,294.54595947265625
2026-05-13,293.24708951115105,300.6607090744109,293.24708951115105,298.6124572753906,52684300,298.6124572753906
2026-05-14,299.5616620172475,300.1911240450107,295.12548538387824,297.9530334472656,35324900,297.9530334472656
2026-05-15,297.643304079477,302.93875555297063,296.26448829773227,299.9713134765625,54862800,299.9713134765625
2026-05-18,299.98126929450746,300.4009207908792,294.6558756451712,297.5833435058594,34483000,297.5833435058594
2026-05-19,296.7140952726279,300.2510533099592,296.09463441963413,298.7123718261719,42243600,298.7123718261719
2026-05-20,297.9230626302997,302.5390768782648,297.82314269813475,301.98956298828125,38229800,301.98956298828125
2026-05-21,300.80056674721834,305.27671719779084,300.1411318265125,304.7271728515625,42965100,304.7271728515625
2026-05-22,305.85620846339293,311.13165741506583,305.57645096183757,308.55389404296875,43670200,308.55389404296875
2026-05-26,309.29325163060713,311.5513139598484,307.4048960873393,308.0643005371094,48000500,308.0643005371094
2026-05-27,308.0643052358437,312.9900803339556,308.0343323058515,310.5821533203125,50430900,310.5821533203125
2026-05-28,310.412282475935,312.5304508120942,309.30325358892543,312.24072265625,48220400,312.24072265625
2026-05-29,311.5113496628706,314.7285763294451,309.2632884033746,311.7911071777344,70026800,311.7911071777344
2026-06-01,309.363197507879,310.67206624496237,304.7571540774977,306.0460510253906,48849900,306.0460510253906
2026-06-02,307.1950545511415,315.1781903378333,306.42572903356995,314.92840576171875,44534700,314.92840576171875
2026-06-03,313.9092501546009,316.6668815001487,308.5838566628498,309.9926452636719,50836700,309.9926452636719
2026-06-04,312.96009909963743,313.26982953176514,309.38316692864953,310.9618225097656,44869100,310.9618225097656
2026-06-05,312.5903972939029,314.8984348439246,306.8853260765596,307.0751647949219,65310500,307.0751647949219
2026-06-08,308.4739595974908,317.1265012321255,300.9105055796523,301.2801818847656,77949100,301.2801818847656
2026-06-09,300.0212482417878,300.4908444635933,287.5320194610898,290.29962158203125,70108800,290.29962158203125
2026-06-10,290.4894628291428,294.4960172141002,287.1323727394638,291.3287353515625,52793300,291.3287353515625
2026-06-11,293.4668864344149,296.7440586571729,289.3404406054596,295.375244140625,42572500,295.375244140625
2026-06-12,295.7749221682621,296.88398158337014,289.3704417369658,290.879150390625,38742100,290.879150390625
2026-06-15,293.8665449684006,297.5233947188816,291.4486474146935,296.1645812988281,45732600,296.1645812988281
2026-06-16,294.99559499590845,300.2210994929347,293.71669913987887,298.9821472167969,39874400,298.9821472167969
2026-06-17,300.59074812548096,301.8096980081642,294.10632015937927,295.6949768066406,42745100,295.6949768066406
2026-06-18,297.8530937792582,300.31099586682666,295.3652492546472,297.7532043457031,85962200,297.7532043457031
2026-06-22,297.05381866220307,302.1594314563154,296.5043047694293,296.75408935546875,44879900,296.75408935546875
2026-06-23,297.2836155142734,301.3800886038737,293.9264950024863,294.04638671875,52010900,294.04638671875
2026-06-24,295.1054570720635,299.4417438827621,292.68755959702736,292.8274230957031,53081900,292.8274230957031
2026-06-25,287.1523472601469,288.55113481081804,273.5141152813601,274.91290283203125,107013700,274.91290283203125
2026-06-26,274.7630284991681,285.70360492137456,273.9737007161028,283.53546142578125,261775500,283.53546142578125
2026-06-29,286.4829438934296,288.12151489662153,279.6088673150861,281.4972229003906,66427000,281.4972229003906
2026-06-30,280.9277417485351,289.69017405322865,280.45814550695326,289.11065673828125,65100200,289.11065673828125
2026-07-01,293.1871503157195,296.33442991747245,288.95081360688545,294.1263427734375,50164200,294.1263427734375
2026-07-02,293.866538367699,309.15337194761725,293.4269150966668,308.3640441894531,75352800,308.3640441894531
2026-07-06,307.0951430290638,313.9292760509671,306.7354678654279,312.3905944824219,53590000,312.3905944824219
2026-07-07,315.0183186077797,315.20815732134815,309.88273318392555,310.3923034667969,42490000,310.3923034667969
2026-07-08,311.6412289475945,314.5487250421545,306.7854009831778,313.1199645996094,41323500,313.1199645996094
2026-07-09,310.24243869469103,316.2572401947346,307.8944576262147,315.947509765625,48124500,315.947509765625
2026-07-10,314.4488202226986,316.6369356310425,311.9010296470402,315.0483093261719,34132300,315.0483093261719
2026-07-13,316.7468014245228,323.171283634363,315.5078797345754,317.03656005859375,43257800,317.03656005859375
2026-07-14,313.48965629761443,315.91755515351207,311.64124426456783,314.58868408203125,36336800,314.58868408203125
2026-07-15,317.34631234952286,328.44675508114506,317.0465830462295,327.2178039550781,60957600,327.2178039550781
2026-07-16,327.72736328456057,334.3915986652446,326.50841333986017,332.97283935546875,62970600,332.97283935546875
2026-07-17,331.693929977533,334.7013154010385,328.71648699084636,333.452392578125,63407100,333.452392578125
2026-07-20,333.2226134619852,333.4224228207836,323.4010672140761,326.3085632324219,53468000,326.3085632324219
2026-07-21,322.85156758462244,329.3159936819017,321.94234806189104,327.45758056640625,41338900,327.45758056640625
2026-07-22,327.58746619388995,328.7164973399543,323.0613709608057,325.60919189453125,38755900,325.60919189453125
2026-07-23,321.4527900194849,323.0214140443725,319.0748358849152,321.3828430175781,40840800,321.3828430175781
2026-07-24,321.5127284115298,334.0818750563203,321.3428614810286,332.7330322265625,47489400,332.7330322265625
2026-07-27,334.2517370375488,339.277401491225,333.73216560461384,336.61968994140625,49604300,336.61968994140625
2026-07-28,339.73698155301014,342.59453283396704,335.31080637618777,339.78692626953125,51859000,339.78692626953125
2026-07-29,339.43727163464206,344.2730974331505,337.0593175600121,337.8985900878906,56090800,337.8985900878906
2026-07-30,332.8129674612056,334.4615395264105,329.30598233808786,333.1426696777344,74817800,333.1426696777344
2026-07-31,304.54735603914753,310.4222943774597,299.7415030462749,308.6438293457031,132489100,308.6438293457031
2026-08-03,309.313234694189,311.5313230344714,302.29929450581176,303.1585693359375,75052000,303.1585693359375
2026-08-04,302.46913991298527,310.1525156602479,301.0603512911937,309.1134033203125,68001000,309.1134033203125
2026-08-05,309.09342362565195,311.4414048335362,305.40663118634393,310.7320251464844,49438800,310.7320251464844
2026-08-06,314.06913775686996,316.0174696892129,308.96355554648414,312.14080810546875,46139900,312.14080810546875
2026-08-07,311.1816431226555,314.53873325457766,310.47223295908327,313.05999755859375,34437200,313.05999755859375
2026-08-10,306.8299865722656,308.260009765625,304.6099853515625,308.260009765625,44812500,308.260009765625
2026-08-11,307.75,309.9700012207031,302.7900085449219,304.9100036621094,37476700,304.9100036621094
2026-08-12,305.1000061035156,305.6600036621094,300.57000732421875,302.25,41657800,302.25
2026-08-13,304.2099914550781,306.0,302.04998779296875,305.260009765625,40349300,305.260009765625
2026-08-14,306.0,307.489990234375,304.29998779296875,305.92999267578125,28229400,305.92999267578125
2026-08-17,306.2099914550781,307.6600036621094,302.94000244140625,305.5899963378906,38169300,305.5899963378906
2026-08-18,307.5799865722656,311.489990234375,305.739990234375,310.0299987792969,53424500,310.0299987792969
2026-08-19,310.1400146484375,319.2799987792969,309.6000061035156,316.8299865722656,50505600,316.8299865722656
2026-08-20,317.4599914550781,320.2799987792969,310.6499938964844,311.29998779296875,40959200,311.29998779296875
2026-08-21,312.04998779296875,312.3800048828125,307.010009765625,309.3500061035156,46876800,309.3500061035156
2026-08-24,311.4700012207031,313.3599853515625,309.9700012207031,310.3399963378906,34673600,310.3399963378906
2026-08-25,310.7900085449219,313.5899963378906,308.2099914550781,309.8999938964844,25869800,309.8999938964844
2026-08-26,310.29998779296875,315.42999267578125,308.79998779296875,313.45001220703125,34024500,313.45001220703125
2026-08-27,310.54998779296875,315.3999938964844,309.3999938964844,314.5799865722656,32419200,314.5799865722656
2026-08-28,316.8500061035156,322.3699951171875,315.45001220703125,319.70001220703125,38649400,319.70001220703125
2026-08-31,319.6000061035156,321.239990234375,312.79998779296875,316.8500061035156,41242700,316.8500061035156
2026-09-01,316.9800109863281,327.29998779296875,314.7300109863281,325.1300048828125,53167400,325.1300048828125
2026-09-02,326.8699951171875,328.3999938964844,323.5299987792969,324.9599914550781,33776400,324.9599914550781
2026-09-03,324.8699951171875,330.80999755859375,324.1099853515625,328.2099914550781,37225800,328.2099914550781
2026-09-04,328.30999755859375,328.92999267578125,317.8599853515625,319.9700012207031,39606900,319.9700012207031
2026-09-08,317.1000061035156,320.70001220703125,314.8999938964844,316.2200012207031,35477100,316.2200012207031
2026-09-09,315.489990234375,319.1499938964844,309.8999938964844,315.3399963378906,65640000,315.3399963378906
2026-09-10,316.6700134277344,326.739990234375,316.510009765625,326.57000732421875,70011900,326.57000732421875
2026-09-11,327.45001220703125,336.2200012207031,326.29998779296875,332.2699890136719,50716900,332.2699890136719
2026-09-14,334.7900085449219,335.5,331.3399963378906,333.0799865722656,39269100,333.0799865722656
2026-09-15,330.1400146484375,331.7799987792969,328.3500061035156,331.3399963378906,31748200,331.3399963378906
2026-09-16,332.5299987792969,335.4800109863281,330.70001220703125,332.4100036621094,35981000,332.4100036621094
2026-09-17,334.7699890136719,338.3399963378906,330.17999267578125,337.0,36700200,337.0
2026-09-18,337.9100036621094,338.489990234375,332.5299987792969,336.1300048828125,86588200,336.1300048828125
2026-09-21,335.2799987792969,339.6400146484375,333.04998779296875,338.9800109863281,34999200,338.9800109863281
2026-09-22,340.1400146484375,345.3399963378906,338.75,339.75,40711800,339.75
2026-09-23,341.0799865722656,341.79998779296875,335.5,337.0199890136719,31658800,337.0199890136719
2026-09-24,336.7200012207031,338.9100036621094,334.29998779296875,335.9200134277344,24733100,335.9200134277344
2026-09-25,336.0400085449219,341.6700134277344,334.5299987792969,341.07000732421875,30002500,341.07000732421875
2026-09-28,340.3699951171875,342.989990234375,338.0400085449219,338.3999938964844,32820800,338.3999938964844
2026-09-29,336.9700012207031,337.0899963378906,328.70001220703125,329.3999938964844,38478000,329.3999938964844
2026-09-30,330.79998779296875,339.5,330.1400146484375,333.0199890136719,49988600,333.0199890136719
2026-10-01,330.0,332.4800109863281,325.80999755859375,330.32000732421875,36243900,330.32000732421875
2026-10-02,333.2049865722656,334.5400085449219,330.6099853515625,333.67999267578125,16530488,333.67999267578125
