Date,Open,High,Low,Close,Volume,Adj_Close
2021-10-01,270.7583061453329,278.301779205865,269.9617452410387,277.45721435546875,30086300,277.45721435546875
2021-10-04,275.8256741827499,276.1615846612485,268.9636285015287,271.70843505859375,31350700,271.70843505859375
2021-10-05,272.6104927683687,278.70476619683035,272.6104927683687,277.1308288574219,24993000,277.1308288574219
2021-10-06,274.27081610113123,281.8046798760864,274.01170032174,281.30560302734375,28002600,281.30560302734375
2021-10-07,283.2922830435044,284.6935059183277,282.08304662293614,282.9755859375,20430500,282.9755859375
2021-10-08,284.2904075857707,284.6935059183277,281.92948674808355,282.9755859375,17685700,282.9755859375
2021-10-11,281.12334424926865,285.96995558239155,280.96017771512624,282.3805847167969,19298600,282.3805847167969
2021-10-12,283.44578977984327,283.54176834470167,280.57621520841667,281.0848693847656,17974100,281.0848693847656
2021-10-13,283.0331881435553,285.30773721131357,281.6703624588803,284.3768005371094,23416300,284.3768005371094
2021-10-14,287.16002147005213,291.0565122938527,285.8355929980948,290.5574645996094,27262900,290.5574645996094
2021-10-15,290.1639632249141,292.1890031616516,288.4172524202229,291.9586486816406,25384800,291.9586486816406
2021-10-18,291.34445521764906,295.7975751445461,290.49989041550754,294.9146423339844,22729300,294.9146423339844
2021-10-19,295.9318739981731,296.8435972219743,294.8473776272357,295.81671142578125,17682100,295.81671142578125
2021-10-20,296.7573440456716,297.22763045586345,293.782182817939,295.02984619140625,16537100,295.02984619140625
2021-10-21,294.7994554629315,298.49438223529035,294.0220493838015,298.244873046875,16918100,298.244873046875
2021-10-22,297.89937264623074,298.5615868809637,295.40407560259746,296.7093200683594,17449300,296.7093200683594
2021-10-25,296.90120994069343,296.9396072317386,294.1180067552253,295.72076416015625,17554500,295.72076416015625
2021-10-26,298.4751735047065,299.81878579139044,296.1718339720267,297.6210021972656,28107300,297.6210021972656
2021-10-27,303.2738922540767,312.9671459338334,303.2738922540767,310.1551513671875,52588700,310.1551513671875
2021-10-28,311.2683538472866,311.78661480927093,308.41796248920383,311.2875671386719,26297900,311.2875671386719
2021-10-29,311.07648187979646,318.62953268220826,310.85573400905696,318.26483154296875,34766000,318.26483154296875
2021-11-01,318.01531726434695,318.14008653607925,313.2262860062513,316.10546875,27073200,316.10546875
2021-11-02,317.00752073679007,320.02107850414706,316.71000761817237,319.7139587402344,26487100,319.7139587402344
2021-11-03,320.45291058114077,321.4126377941951,317.3337971387141,320.54888916015625,21500100,320.54888916015625
2021-11-04,319.48366550974254,322.98666463204586,316.2397822393411,322.89068603515625,23992200,322.89068603515625
2021-11-05,324.87734491876967,325.14606743028844,320.952063205826,322.5260009765625,22570100,322.5260009765625
2021-11-08,323.7160006633111,324.0519110698877,320.97119469393846,323.4184875488281,20897000,323.4184875488281
2021-11-09,323.53360684587807,325.07878279395607,321.0575236753706,322.42034912109375,21307400,322.42034912109375
2021-11-10,321.0959739152807,321.1535552109362,316.63324777065986,317.477783203125,25500900,317.477783203125
2021-11-11,317.9096735712425,320.3281758647958,317.19948472941286,319.0421447753906,16849800,319.0421447753906
2021-11-12,320.47216845555636,323.6488636296379,320.34739921433277,323.1593933105469,23831000,323.1593933105469
2021-11-15,323.94638389817203,324.2726876885674,320.57773146516666,322.53558349609375,16723000,322.53558349609375
2021-11-16,322.16120369996304,326.9502621097972,321.998066485535,325.83697509765625,20886800,325.83697509765625
2021-11-17,325.8851370775491,329.0099576589885,324.9813404697,326.0581970214844,19053400,326.0581970214844
2021-11-18,325.1543261152059,329.2598774584323,324.1351564442823,328.12530517578125,22463500,328.12530517578125
2021-11-19,329.44260130183307,331.8078416400719,329.01954636756113,329.89447021484375,21963400,329.89447021484375
2021-11-22,331.3462958819071,336.2018030638584,326.4715696014347,326.74078369140625,31031100,326.74078369140625
2021-11-23,324.06784497801704,326.3754277340728,320.7122785777508,324.673583984375,30427600,324.673583984375
2021-11-24,323.32749241749696,325.1350850982955,321.04878247024,324.89471435546875,21661300,324.89471435546875
2021-11-26,321.4718896050423,324.9139862915625,315.4818391564863,316.98175048828125,24217200,316.98175048828125
2021-11-29,322.03915370433015,325.9716160847785,321.84684534637535,323.6640625,28563500,323.6640625
2021-11-30,322.4045150069706,324.7697551795586,316.31831064916247,317.856689453125,42885600,317.856689453125
2021-12-01,322.22187131790565,326.21202075185647,316.7029671084376,317.3663635253906,33337600,317.3663635253906
2021-12-02,317.57784067361735,320.6449739601022,315.1741330410827,316.7990417480469,30766000,316.7990417480469
2021-12-03,319.2027012508651,319.88537524190724,305.78040807041685,310.568603515625,41779300,310.568603515625
2021-12-06,311.47244701692887,314.83763770524575,306.9342458292847,313.62615966796875,30032600,313.62615966796875
2021-12-07,318.86626463105284,322.8660084465521,317.38557246325246,322.0199279785156,31021900,322.0199279785156
2021-12-08,322.394924443513,322.5776085960502,318.05862588929494,322.0680236816406,24761000,322.0680236816406
2021-12-09,321.5295293799617,323.5294010834797,319.3277251227278,320.2699890136719,22214200,320.2699890136719
2021-12-10,322.0776255201496,329.7887095654795,321.894941380308,329.346435546875,38095700,329.346435546875
2021-12-13,327.5580286364802,330.5482560904691,326.01964993405755,326.32733154296875,28899400,326.32733154296875
2021-12-14,320.38543259627,321.75075164875943,311.6263053995195,315.6933898925781,44438700,315.6933898925781
2021-12-15,315.9528888428843,322.2794628998093,312.00120811857875,321.76025390625,35381100,321.76025390625
2021-12-16,322.77946305235776,323.7890378493558,310.57824093079836,312.3858337402344,35034800,312.3858337402344
2021-12-17,308.52067208536005,312.4050716507524,305.0304840740271,311.32818603515625,47750300,311.32818603515625
2021-12-20,307.722635580741,310.3667139438823,305.3381764176737,307.5880432128906,28326500,307.5880432128906
2021-12-21,310.8378448851712,315.1068317195721,307.4822492884366,314.68377685546875,24740600,314.68377685546875
2021-12-22,315.6549498972737,320.76042377980565,313.2031792638376,320.3662414550781,24831500,320.3662414550781
2021-12-23,319.93351795028815,323.43333069819255,319.91429885047023,321.7987976074219,19617800,321.7987976074219
2021-12-27,322.5391310058425,329.2887615338592,322.5102876848739,329.2599182128906,19947000,329.2599182128906
2021-12-28,329.93295233791673,330.5675347673697,327.21196780790996,328.10614013671875,15661500,328.10614013671875
2021-12-29,328.15415682405353,331.0386060056612,326.59655896072684,328.7791442871094,15042000,328.7791442871094
2021-12-30,328.7407262620481,329.91373694625986,325.7697466785753,326.25048828125,15994500,326.25048828125
2021-12-31,325.47161689597885,326.28885396518314,322.91406861710993,323.365966796875,18000800,323.365966796875
2022-01-03,322.4333715730328,324.9812959837682,317.0779035290574,321.8564758300781,28865100,321.8564758300781
2022-01-04,321.93330199624364,322.2890753116592,313.5587942701049,316.3374938964844,32674300,316.3374938964844
2022-01-05,313.30890328932094,313.5108358888348,303.80947386548866,304.1940612792969,40054300,304.1940612792969
2022-01-06,301.0884509560254,306.4247001927171,299.49238536143025,301.79034423828125,39646100,301.79034423828125
2022-01-07,302.0499018859666,304.30939297872214,298.1462829521569,301.94415283203125,32720000,301.94415283203125
2022-01-10,297.56936510647546,302.59793177360086,292.9542584305184,302.1652526855469,44289500,302.1652526855469
2022-01-11,301.309612939468,304.4151849277161,297.9540459272227,302.8479919433594,29386800,302.8479919433594
2022-01-12,307.3572996957186,310.95323691547827,304.8670327735876,306.0111999511719,34372200,306.0111999511719
2022-01-13,308.1265127840826,308.52072440499325,292.2908837943043,293.06005859375,45366000,293.06005859375
2022-01-14,292.53126883368355,298.8482206128136,292.0505272250826,298.2521057128906,39846400,298.2521057128906
2022-01-18,292.3581164990314,297.8673948134617,290.1178448793746,290.9927978515625,42333200,290.9927978515625
2022-01-19,294.49264788128625,301.8191439350218,291.04092729643247,291.6466369628906,45933900,291.6466369628906
2022-01-20,297.1655554938759,299.64616870365205,289.5410024064944,289.9832763671875,35380700,289.9832763671875
2022-01-21,291.03131903917586,292.39660859622313,284.22400232617673,284.6278381347656,57984400,284.6278381347656
2022-01-24,280.9453442370806,285.6661999443274,265.41737031888897,284.9547119140625,85731500,284.9547119140625
2022-01-25,280.2915581603582,283.6279058744891,274.1861636133682,277.3782653808594,72848600,277.3782653808594
2022-01-26,296.1271434101873,296.61750913568017,281.7433657696805,285.2816162109375,90428900,285.2816162109375
2022-01-27,291.0024967310887,295.4637633356451,286.45467082104994,288.2911071777344,53481300,288.2911071777344
2022-01-28,288.66613137183003,296.5983683124137,283.10875927077944,296.3868408203125,49743700,296.3868408203125
2022-01-31,297.05017439324195,300.3480539279597,294.56953190677376,299.0019836425781,46444500,299.0019836425781
2022-02-01,298.45396439636784,298.6654918462446,293.37733494145994,296.8675231933594,40950400,296.8675231933594
2022-02-02,297.70403751014493,302.98257070424955,296.9829251353378,301.3865051269531,36636000,301.3865051269531
2022-02-03,297.5693383559152,299.2423385828115,288.40640733788615,289.646728515625,43730000,289.646728515625
2022-02-04,288.6468494123292,296.9059861831538,288.41610284488047,294.1561584472656,35096500,294.1561584472656
2022-02-07,294.37731117460294,295.98297161566165,288.3487929994967,289.3583679199219,28533300,289.3583679199219
2022-02-08,289.64665727504956,293.79064527740746,288.39674152822215,292.82916259765625,32421200,292.82916259765625
2022-02-09,297.9347607103794,299.9154135304483,295.5503014236904,299.22314453125,31284700,299.22314453125
2022-02-10,292.3293725846551,297.2136945346378,289.11802208324127,290.7333068847656,45386200,290.7333068847656
2022-02-11,291.51210798469305,292.56974542474626,282.88760208602713,283.676025390625,39175600,283.676025390625
2022-02-14,282.45487744042305,285.3297318388345,280.128104788829,283.63751220703125,36359500,283.63751220703125
2022-02-15,288.45457654151164,289.21412712294915,285.57972189739905,288.8968505859375,27058300,288.8968505859375
2022-02-16,287.4708129536852,289.8794902474658,282.95213199832875,288.5595397949219,29982100,288.5595397949219
2022-02-17,285.5343344781432,285.95826419364323,279.40667124960413,280.1100158691406,32461600,280.1100158691406
2022-02-18,282.34519885606585,283.1256081080043,275.8514129414356,277.4122314453125,34264000,277.4122314453125
2022-02-22,274.5893178506724,280.8904283246642,274.10758220532034,277.2099609375,41736100,277.2099609375
2022-02-23,279.58004589911764,281.04454083688285,269.8682698302373,270.03204345703125,37811200,270.03204345703125
2022-02-24,262.55554816759064,284.3781651371424,261.6016916782459,283.8289794921875,56989700,283.8289794921875
2022-02-25,284.35889947396316,286.7579333141939,280.99636504653614,286.4496154785156,32546700,286.4496154785156
2022-02-28,283.55909785673884,288.21267843500664,282.2969534206314,287.8754577636719,34627500,287.8754577636719
2022-03-01,285.5728272162815,289.0124260885947,281.4780750548052,284.1758117675781,31217800,284.1758117675781
2022-03-02,284.57081381078126,290.45763760043087,282.97147763773455,289.2243957519531,31873000,289.2243957519531
2022-03-03,291.8257768521812,292.05700050828193,283.3086664169441,285.1103820800781,27314500,285.1103820800781
2022-03-04,283.53986601323993,284.85981647260746,276.6799577495379,279.27166748046875,32356500,279.27166748046875
2022-03-07,277.99029686784587,279.10792679805024,268.35558650691434,268.7217102050781,43157200,268.7217102050781
2022-03-08,267.6523109324147,273.5872975701551,260.13724667838545,265.7735595703125,48159500,265.7735595703125
2022-03-09,273.0862941142346,279.0212805569592,270.52345705468474,277.9614562988281,35204500,277.9614562988281
2022-03-10,272.6815567548242,276.1307994626257,270.3306851201847,275.1576843261719,30628000,275.1576843261719
2022-03-11,277.44115846333716,278.93455646472097,269.2227503051047,269.8393859863281,27209300,269.8393859863281
2022-03-14,270.0994808190958,274.97464216380376,265.7446020938021,266.3419494628906,30660700,266.3419494628906
2022-03-15,270.1092333803716,277.30636646097355,268.54841429830645,276.66082763671875,34245100,276.66082763671875
2022-03-16,278.54910553558244,283.8096787213844,272.8550174149433,283.6362609863281,37826300,283.6362609863281
2022-03-17,282.5764817272433,284.81171260660994,278.7996616158856,284.43597412109375,30816600,284.43597412109375
2022-03-18,284.58046582678224,290.00481304770483,282.0369173074508,289.45562744140625,43390600,289.45562744140625
2022-03-21,287.9718985278678,289.17623743354596,284.12762874703543,288.2320251464844,28351200,288.2320251464844
2022-03-22,288.84869714839016,293.85875989793885,287.8563228402571,292.9530944824219,27599700,292.9530944824219
2022-03-23,289.5327166388402,292.15335927003025,286.84462397235353,288.5499572753906,25715400,288.5499572753906
2022-03-24,288.2127385462436,293.08789961459325,287.42268524354915,292.9915466308594,24484500,292.9915466308594
2022-03-25,294.0803119983577,294.3404386258809,288.35729097039587,292.5869140625,22566500,292.5869140625
2022-03-28,293.2132482120886,299.44690955852997,293.2132482120886,299.3505859375,29578200,299.3505859375
2022-03-29,302.4432514351578,304.2834849768808,297.7607660592807,303.8884582519531,30393400,303.8884582519531
2022-03-30,302.298756961056,304.40876140768165,300.1983672332794,302.39508056640625,28163600,302.39508056640625
2022-03-31,302.43362184596117,303.6283461991608,296.64317958234875,297.0478210449219,33422100,297.0478210449219
2022-04-01,298.0690573372068,298.8013048013512,294.37897586444814,298.11724853515625,27110500,298.11724853515625
2022-04-04,298.76279420407815,303.59940925877385,298.3966704273003,303.46453857421875,24289600,303.46453857421875
2022-04-05,301.826575864707,303.36813547948924,298.5507800600473,299.5238952636719,23156700,299.5238952636719
2022-04-06,294.04169166779053,295.7855716762638,285.87144770227894,288.5595397949219,40110400,288.5595397949219
2022-04-07,285.8234167762698,292.5580721641171,285.5247430073229,290.3613586425781,31411200,290.3613586425781
2022-04-08,289.4652859924413,290.1204393434208,285.4572423231668,286.1220397949219,24361900,286.1220397949219
2022-04-11,281.13127920546333,281.9213032700954,274.58930130303617,274.8398132324219,34569300,274.8398132324219
2022-04-12,278.6743681898196,280.11957482236716,270.24399616662504,271.75665283203125,30966700,271.75665283203125
2022-04-13,272.4022274692682,278.0385105603026,271.02444128433206,277.11358642578125,21907200,277.11358642578125
2022-04-14,277.5663736108414,277.7783384197441,269.11674301597424,269.60809326171875,28221600,269.60809326171875
2022-04-18,268.72177459231517,272.1420858288505,268.1725889134815,270.27294921875,20778000,270.27294921875
2022-04-19,269.17459327763214,275.71657107306396,268.2400250211419,274.8783264160156,22297700,274.8783264160156
2022-04-20,278.8285886738467,279.11764770587973,274.94580050630236,275.8996276855469,22906700,275.8996276855469
2022-04-21,278.0384353491604,282.5860194343852,269.82967339483776,270.5522766113281,29454600,270.5522766113281
2022-04-22,271.39059991716476,272.8550951713469,263.393799558569,264.0200500488281,29405800,264.0200500488281
2022-04-25,263.3070532274066,270.8413756866367,260.87908697872507,270.46563720703125,35678900,270.46563720703125
2022-04-26,267.36328244773966,268.19185364215673,260.13724778699,260.3492126464844,46518400,260.3492126464844
2022-04-27,271.7952151207864,280.34119944845656,268.96260761022705,272.8742980957031,63477700,272.8742980957031
2022-04-28,274.77235637930573,280.35086291082894,271.1785981856094,279.0501708984375,33646600,279.0501708984375
2022-04-29,278.0673672865681,279.2909943451643,266.3997469147851,267.3824768066406,37073900,267.3824768066406
2022-05-02,267.56553951466765,274.53144585501184,266.12997704590924,274.07861328125,35151100,274.07861328125
2022-05-03,273.5872988286567,273.7511018849256,269.9164755719785,271.4869384765625,25978600,271.4869384765625
2022-05-04,272.26732383050563,280.25450833918546,266.62139669213593,279.38739013671875,33599300,279.38739013671875
2022-05-05,275.109613099755,275.8900225285143,264.3187223916875,267.2187805175781,43260400,267.2187805175781
2022-05-06,264.77149224146683,269.0493063035853,261.3607962940362,264.6944274902344,37780300,264.6944274902344
2022-05-09,260.19503987214216,262.41101195577926,253.70125314465557,254.9152069091797,47726000,254.9152069091797
2022-05-10,261.765522095456,263.7502706382624,255.38734673917406,259.655517578125,39336400,259.655517578125
2022-05-11,255.97499051527322,261.447499215182,249.82804029550908,251.03237915039062,48975900,251.03237915039062
2022-05-12,248.27690379509,250.38690814257984,240.88708121967693,246.0223846435547,51033800,246.0223846435547
2022-05-13,247.9492678815467,253.43142022710913,246.0223258803733,251.58154296875,34925100,251.58154296875
2022-05-16,250.46393914300643,256.10989508341936,246.43663699814542,251.94769287109375,32550900,251.94769287109375
2022-05-17,256.3892786113193,258.52818561527994,252.87261500014733,257.0733642578125,28828800,257.0733642578125
2022-05-18,253.98310507106706,254.56254010236933,244.10384241044304,245.36892700195312,31356000,245.36892700195312
2022-05-19,245.19508938818183,248.83585464293373,243.24435524609143,244.46115112304688,32692300,244.46115112304688
2022-05-20,248.42057161150723,249.6760190694131,237.99085911430905,243.90103149414062,39199300,243.90103149414062
2022-05-23,246.73055952174275,252.53450204595984,244.74117401105033,251.71363830566406,33175400,251.71363830566406
2022-05-24,249.0483558963192,252.37038972196692,244.80885119101075,250.71902465820312,29043900,250.71902465820312
2022-05-25,249.28973864171456,255.508917485171,248.31435684807386,253.51954650878906,28547900,253.51954650878906
2022-05-26,253.2781100641193,257.9521680064266,252.46691284814418,256.7836608886719,25002100,256.7836608886719
2022-05-27,259.2751950241192,263.96855616192437,258.38672418405815,263.8719787597656,26910800,263.8719787597656
2022-05-31,263.1863562668899,265.3495488346776,259.70977573202504,262.5489807128906,37827700,262.5489807128906
2022-06-01,265.7648261496329,268.16944748829445,260.78173234380733,263.08013916015625,25292200,263.08013916015625
2022-06-02,255.38343546239255,265.2337143251771,252.63114082746247,265.1661071777344,44008200,265.1661071777344
2022-06-03,261.04251687853196,264.0748772583433,259.20766358686035,260.762451171875,28059000,260.762451171875
2022-06-06,262.73252632143885,264.77983823030496,258.05846737616287,259.5360107421875,22400300,259.5360107421875
2022-06-07,257.49830250093424,263.76578441208926,256.8222901054273,263.1573791503906,22860700,263.1573791503906
2022-06-08,262.39442533216015,263.64020598603173,260.3664178533954,261.1390075683594,17372300,261.1390075683594
2022-06-09,258.5991481922359,263.3601158237346,255.55715199328534,255.711669921875,26439700,255.711669921875
2022-06-10,251.64605970485297,251.64605970485297,243.87206395245485,244.31629943847656,31422800,244.31629943847656
2022-06-13,236.70645685368288,240.4824068795414,233.24919461693813,233.95416259765625,46135800,233.95416259765625
2022-06-14,235.49930650770008,237.3148557778769,233.2298699199791,236.1077117919922,28651500,236.1077117919922
2022-06-15,239.79673406143797,246.54708847653447,237.97153296010552,243.12844848632812,33111700,243.12844848632812
2022-06-16,237.5466102902709,238.93724247462407,234.68810167633953,236.5712432861328,33169200,236.5712432861328
2022-06-17,236.3105209841857,241.9116724347951,235.66349352878527,239.1593780517578,43084800,239.1593780517578
2022-06-21,241.67988876042264,246.01595545881753,240.95560233610817,245.04058837890625,29928300,245.04058837890625
2022-06-22,243.253984977507,248.35297445153836,241.78609384504884,244.45147705078125,25939900,244.45147705078125
2022-06-23,246.80780403535596,250.47750946113382,244.93431446825159,249.9849853515625,25861400,249.9849853515625
2022-06-24,252.83392578793828,258.7924022848079,252.747014945619,258.5220031738281,33923200,258.5220031738281
2022-06-27,259.0144557779908,259.1013666061605,254.2534870945373,255.8083038330078,24615100,255.8083038330078
2022-06-28,254.92949381458487,257.7590321077553,247.53211228973697,247.68663024902344,27295500,247.68663024902344
2022-06-29,248.75856369685934,252.9884007989355,246.99130319168566,251.3370361328125,20069800,251.3370361328125
2022-06-30,248.23707094153858,250.6320551562228,244.22935890804,248.0246124267578,31730900,248.0246124267578
2022-07-01,247.59967890722842,250.86377079744585,245.88069267882648,250.68028259277344,22837700,250.68028259277344
2022-07-05,247.37760464946805,253.9637892662612,246.00629085879652,253.83824157714844,22941000,253.83824157714844
2022-07-06,254.70741739613206,258.8020409501888,253.40369581093594,257.08306884765625,23824400,257.08306884765625
2022-07-07,256.0303623949221,259.8352819464038,255.93378499828523,259.1979064941406,20859900,259.1979064941406
2022-07-08,255.71173945693104,258.9082544536916,254.26316663768768,258.48333740234375,19658800,258.48333740234375
2022-07-11,256.5422452532518,257.3920793720454,253.1912122224075,255.44134521484375,19455200,255.44134521484375
2022-07-12,256.76433395035434,256.822274498301,243.39882584810758,244.9729461669922,35868500,244.9729461669922
2022-07-13,241.61229886642806,244.85710267048802,239.60360939385333,244.05555725097656,29497400,244.05555725097656
2022-07-14,241.9792718550764,246.39258278636146,237.50800563214514,245.36892700195312,25102800,245.36892700195312
2022-07-15,246.9526960395664,251.44326589652985,246.03526953214475,247.9184112548828,29774100,247.9184112548828
2022-07-18,250.84453005870418,251.89715611893087,244.6156697955208,245.53309631347656,20975000,245.53309631347656
2022-07-19,248.7488781014716,250.81552252522303,244.9825951721847,250.6320343017578,25012600,250.6320343017578
2022-07-20,250.98941181771295,255.78901825254198,250.0333630587044,253.2781524658203,22788300,253.2781524658203
2022-07-21,250.88308496004234,255.80823689999386,248.2177023750916,255.7599334716797,22404700,255.7599334716797
2022-07-22,256.14625752229273,256.2331683426446,250.18781200275956,251.43356323242188,21881300,251.43356323242188
2022-07-25,252.05168504603222,252.53454268022003,248.00533571383517,249.95606994628906,21056000,249.95606994628906
2022-07-26,250.95072573000826,250.9700588947091,241.01353801634696,243.26364135742188,39348000,243.26364135742188
2022-07-27,252.20619754450755,260.7913907687193,249.97539768074358,259.52630615234375,45994000,259.52630615234375
2022-07-28,260.5016528744498,268.3142846363358,258.68610373864,266.9333190917969,33459300,266.9333190917969
2022-07-29,268.1790850711419,272.33164805798015,267.14576287951564,271.1148376464844,32152800,271.1148376464844
2022-08-01,268.29496636983305,271.6363322420064,266.38283993190936,268.47845458984375,21539600,268.47845458984375
2022-08-02,266.5373332288023,268.3625486786498,263.0414497330181,265.3977966308594,22754200,265.3977966308594
2022-08-03,267.2712979571327,273.7802077511645,267.1264171273275,272.7855224609375,23518900,272.7855224609375
2022-08-04,272.1385611722735,274.0699917823572,270.5644699809408,273.9251403808594,18098700,273.9251403808594
2022-08-05,269.5794114121241,273.9251301220604,269.1255240569013,273.21051025390625,16774600,273.21051025390625
2022-08-08,274.31141927705306,276.11733164460054,269.74360476800535,270.7093200683594,18739200,270.7093200683594
2022-08-09,270.0526525666318,273.37468623177955,268.0922221285978,272.6214294433594,23405200,272.6214294433594
2022-08-10,278.29016718582943,279.8739248174104,277.1023268586765,279.2462158203125,24687800,279.2462158203125
2022-08-11,280.8783020655473,281.2259454287706,276.6871011826993,277.1795959472656,20065900,277.1795959472656
2022-08-12,278.58955073001846,281.9019470214844,277.10234096743113,281.9019470214844,22619700,281.9019470214844
2022-08-15,281.02312948938925,284.09409682100915,280.1636287959346,283.408447265625,18085700,283.408447265625
2022-08-16,281.97912247538005,283.95885597173196,280.4629722748616,282.6744384765625,18102900,282.6744384765625
2022-08-17,280.4002056199427,283.8938524278254,280.1389197170631,281.9292907714844,18253400,281.9292907714844
2022-08-18,280.8356593603735,282.5002159365923,279.7614251142315,280.8163146972656,17186200,280.8163146972656
2022-08-19,279.5873182545467,279.9260419302894,276.35498651754625,276.92596435546875,20570000,276.92596435546875
2022-08-22,272.9871317684134,273.3548871851572,268.28380815555704,268.7967224121094,25061100,268.7967224121094
2022-08-23,267.5289306640625,269.87090517738073,266.5224469010499,267.5289306640625,17527400,267.5289306640625
2022-08-24,266.5321774149117,268.29351690361904,266.24183017802443,266.8999328613281,18137000,266.8999328613281
2022-08-25,268.3902150863817,270.02574005918285,265.670798197986,269.8612365722656,16583400,269.8612365722656
2022-08-26,270.0838482135881,271.3032415870308,259.34168014145877,259.4481201171875,27549300,259.4481201171875
2022-08-29,257.28036854850586,258.78039270297364,255.34483826720634,256.68035888671875,20338500,256.68035888671875
2022-08-30,258.07392186121353,258.44164777603345,252.25764439265836,254.49317932128906,22767100,254.49317932128906
2022-08-31,256.83521747406513,258.49974524528255,252.90606363880963,253.04156494140625,24791800,253.04156494140625
2022-09-01,250.52533262450333,252.48023691824085,247.17687383626492,252.00601196289062,23263400,252.00601196289062
2022-09-02,253.26411708214042,256.20610147316614,246.26716536821394,247.805908203125,22855400,247.805908203125
2022-09-06,247.9414362596074,249.51886860124202,243.81874738590238,245.08651733398438,21328200,245.08651733398438
2022-09-07,246.4897092030272,250.48656807085013,245.0574213315163,249.7704315185547,24126700,249.7704315185547
2022-09-08,249.2091619552673,252.03501907292284,246.57682534056357,250.18658447265625,20319900,250.18658447265625
2022-09-09,252.10274849769064,256.68028696247984,251.89952614457653,255.93508911132812,22084700,255.93508911132812
2022-09-12,257.2125536578714,258.82873403398463,256.6125441459456,258.05450439453125,18747700,258.05450439453125
2022-09-13,250.49627701855277,252.00598798329736,243.47998110571493,243.86709594726562,33353300,243.86709594726562
2022-09-14,245.35746095813147,246.03489350941175,241.8057651557058,244.08969116210938,23913000,244.08969116210938
2022-09-15,241.71867215528192,243.29611908968658,236.15402331387534,237.47018432617188,31530900,237.47018432617188
2022-09-16,236.38627698047728,237.3927608644155,234.25719690326952,236.85081481933594,39791800,236.85081481933594
2022-09-19,234.65400280433187,237.23793382536144,233.0862280822725,236.63792419433594,26826900,236.63792419433594
2022-09-20,234.26687239156138,235.66044153829108,231.91519584554464,234.63461303710938,26660300,234.63461303710938
2022-09-21,236.39593765111695,239.67666009077757,231.19903006597912,231.24742126464844,28625600,231.24742126464844
2022-09-22,230.20227093577722,235.99918898239684,229.91195323025747,233.21202087402344,31061200,233.21202087402344
2022-09-23,231.81844612716222,233.35720386281167,227.61834912688556,230.25067138671875,34176000,230.25067138671875
2022-09-26,229.4087220067833,233.66688257896323,229.26354838030127,229.7958221435547,27694200,229.7958221435547
2022-09-27,232.24421970145121,234.0055589313427,226.94087211261905,228.789306640625,27018700,228.789306640625
2022-09-28,229.1764446378298,234.51851197700628,227.16349151340208,233.29913330078125,29029700,233.29913330078125
2022-09-29,231.18935459731148,232.21518302073704,226.85377201329916,229.8441619873047,27484200,229.8441619873047
2022-09-30,230.6087554984579,232.78622712752662,225.22798352444488,225.3925018310547,35694800,225.3925018310547
2022-10-03,227.82157728205974,233.82171772604818,227.09575348399042,232.97976684570312,28880400,232.97976684570312
2022-10-04,237.1895532288344,242.2896796214913,237.08309847338114,240.85739135742188,34888400,240.85739135742188
2022-10-05,238.06052054576585,242.5025584054372,236.23144526431753,241.1670379638672,20347100,241.1670379638672
2022-10-06,239.93802961841814,242.27034739820317,238.14767277895228,238.83477783203125,20239900,238.83477783203125
2022-10-07,233.13462052161643,233.5410948826366,225.65379998930908,226.68931579589844,37769600,226.68931579589844
2022-10-10,225.53761706316808,226.99893677306147,219.42133569410282,221.860107421875,29743600,221.860107421875
2022-10-11,220.28268877269275,221.67627288848584,216.88583856563983,218.14393615722656,30474000,218.14393615722656
2022-10-12,218.1342225142281,220.51493088352666,216.74065333491876,218.4729461669922,21903900,218.4729461669922
2022-10-13,212.7631757709487,228.48935957942223,212.0663836762347,226.68931579589844,42551800,226.68931579589844
2022-10-14,227.94733171572798,229.5925438135571,220.9794275826942,221.1923370361328,30198600,221.1923370361328
2022-10-17,228.21837517177028,231.2571570244088,227.5602872186214,229.8732452392578,28142300,229.8732452392578
2022-10-18,235.39916206358598,236.06690750411659,227.7828415320167,230.81195068359375,26329600,230.81195068359375
2022-10-19,229.39901697875123,231.88618020226818,226.7376631373762,228.85707092285156,19985700,228.85707092285156
2022-10-20,228.16996380022994,233.53137553473397,227.29896641864062,228.53770446777344,21811000,228.53770446777344
2022-10-21,227.17318083073934,235.166915097807,226.9409118947973,234.31527709960938,26299700,234.31527709960938
2022-10-24,235.90243199234686,239.85091564909408,233.521737948981,239.27993774414062,24911200,239.27993774414062
2022-10-25,239.28957660185964,242.9477272430807,237.90567969361152,242.57998657226562,34775500,242.57998657226562
2022-10-26,223.71826021026072,230.61843021635175,222.64404034026404,223.86343383789062,82543200,223.86343383789062
2022-10-27,223.5924250678105,226.15701124638468,218.50198634809382,219.4407196044922,40424600,219.4407196044922
2022-10-28,218.9471714496145,228.97321801422746,218.763293726381,228.26673889160156,40647700,228.26673889160156
2022-10-31,226.22478608950092,227.3473972568966,223.69891834632307,224.6473388671875,28357300,224.6473388671875
2022-11-01,227.03766243441322,228.14091388312903,220.00200713618008,220.81492614746094,30592300,220.81492614746094
2022-11-02,222.06337802281334,223.8440621960301,212.94701812750728,213.00509643554688,38407000,213.00509643554688
2022-11-03,212.99543404880836,213.30512599326244,207.0823882325762,207.34368896484375,36633900,207.34368896484375
2022-11-04,210.5372801806807,214.447044310669,206.5500783111964,214.2534942626953,36789100,214.2534942626953
2022-11-07,214.83416409790135,221.04721381188003,214.14704442988435,220.5246124267578,33498000,220.5246124267578
2022-11-08,221.3278675751174,224.18277156558537,218.56005889650208,221.4923858642578,28192500,221.4923858642578
2022-11-09,220.04071178794467,221.2601050748425,217.0987128396381,217.2729034423828,27852900,217.2729034423828
2022-11-10,227.84089369162848,235.48624560984527,227.42476185380536,235.14752197265625,46268000,235.14752197265625
2022-11-11,235.15725212322295,239.99607772936167,234.1314086905055,239.14443969726562,34620200,239.14443969726562
2022-11-14,234.1894756115481,236.0475827819004,231.49908988674315,233.76365661621094,31123300,233.76365661621094
2022-11-15,237.74114480461608,239.03794631342942,232.29262332719875,234.1700897216797,31390100,234.1700897216797
2022-11-16,235.62584176038104,236.60604855552322,233.3257795259496,234.5971221923828,24093300,234.5971221923828
2022-11-17,230.76366974368625,236.07226408161256,230.61810181463593,234.548583984375,23123500,234.548583984375
2022-11-18,236.32457848011174,236.547802374884,231.97677705188883,234.10215759277344,27613500,234.10215759277344
2022-11-21,234.30599941816118,237.45040047944775,234.07309069338916,234.90771484375,26394700,234.90771484375
2022-11-22,236.40221710449453,238.0714650543678,233.6072093349116,237.7997283935547,19665700,237.7997283935547
2022-11-23,237.87737314142396,240.9538320187203,237.06216314669393,240.2744903564453,19508500,240.2744903564453
2022-11-25,240.0124222348377,241.3614057927524,239.44953498504466,240.18711853027344,9200800,240.18711853027344
2022-11-28,238.81877021422886,239.37194317865058,233.69457155598104,234.62623596191406,24778200,234.62623596191406
2022-11-29,234.2768683035418,235.62585219825684,231.18100986954173,233.2384490966797,17956300,233.2384490966797
2022-11-30,233.4713249444162,247.79578505485316,232.7822689392651,247.61138916015625,47594200,247.61138916015625
2022-12-01,246.3788718348064,248.56247947765692,243.51592255366535,247.1746826171875,26041500,247.1746826171875
2022-12-02,242.44840731366295,248.50427013338341,242.3222385687394,247.49496459960938,21528500,247.49496459960938
2022-12-05,244.57375787361877,246.3303613663216,240.74031627098933,242.81716918945312,23435300,242.81716918945312
2022-12-06,243.41888770234414,244.42819318650004,236.58661356400265,237.88706970214844,22463700,237.88706970214844
2022-12-07,237.60562791314456,238.89638442921668,235.06294286518101,237.15919494628906,20481500,237.15919494628906
2022-12-08,237.61534962771674,241.40027877672188,235.88787438426903,240.0998077392578,22611800,240.0998077392578
2022-12-09,237.4794517893177,240.98292942150877,236.95539248747858,238.17820739746094,20609700,238.17820739746094
2022-12-12,240.14833201376896,245.08813458227053,239.87659533709365,245.05902099609375,30665100,245.05902099609375
2022-12-13,253.96815091092603,256.13235956018696,245.60251141247596,249.3389129638672,42196900,249.3389129638672
2022-12-14,249.54274040610767,254.84162114511395,246.80594445741409,249.6300811767578,35410900,249.6300811767578
2022-12-15,246.2333334693487,246.69916567601095,240.04158720461845,241.6623077392578,35560400,241.6623077392578
2022-12-16,241.21588885198315,242.4678175315528,236.32459886583192,237.46978759765625,86102000,237.46978759765625
2022-12-19,237.63473277219197,237.9744109828848,231.66621136200337,233.3548583984375,29696400,233.3548583984375
2022-12-20,232.33587889229094,235.74231675615167,231.38480046926088,234.66506958007812,25150800,234.66506958007812
2022-12-21,234.55828309775762,238.37231067567322,233.02490350803566,237.21742248535156,23690600,237.21742248535156
2022-12-22,234.14099458820857,234.84946471293264,226.96905623748663,231.16159057617188,28651700,231.16159057617188
2022-12-23,229.14292298446298,231.821476231181,227.03695660431103,231.68560791015625,21207000,231.68560791015625
2022-12-27,231.65651213728756,231.87972122287346,228.87120393787913,229.96786499023438,16688600,229.96786499023438
2022-12-28,229.89993593986588,232.64643111207874,227.26019552023155,227.6095733642578,17457100,227.6095733642578
2022-12-29,228.6964916617764,234.78148218567202,228.6964916617764,233.89833068847656,19770700,233.89833068847656
2022-12-30,231.1809912077217,232.87935283490333,229.6767250905103,232.7434844970703,21938500,232.7434844970703
2023-01-03,235.90728230837536,238.49849510687616,230.39487805775428,232.51055908203125,25740000,232.51055908203125
2023-01-04,225.4259564644858,225.99854338319813,219.2924526600918,222.3397979736328,50623400,222.3397979736328
2023-01-05,220.49584400645332,220.83552222933494,215.21636361108918,215.75013732910156,39585600,215.75013732910156
2023-01-06,216.41977321502756,219.09832651208657,212.87748240196308,218.29281616210938,43613600,218.29281616210938
2023-01-09,219.76800002138827,224.41666688908288,219.7291868413214,220.41822814941406,27369800,220.41822814941406
2023-01-10,221.0393201111181,224.48457072526574,220.62201553173728,222.09716796875,27033900,222.09716796875
2023-01-11,224.46515686951886,228.98765452783252,224.29047536414728,228.81297302246094,28669300,228.81297302246094
2023-01-12,228.31800704319014,232.82109060207105,226.6681731391479,231.47210693359375,27269500,231.47210693359375
2023-01-13,230.00670447846073,232.3067667845128,227.98807845959973,232.1708984375,21333300,232.1708984375
2023-01-17,230.94803626281922,233.80128577732816,230.09399836499716,233.2578125,29831300,233.2578125
2023-01-18,234.4418522484385,235.22794870990262,228.57037036509706,228.851806640625,30028700,228.851806640625
2023-01-19,226.88172064205048,228.57038281279662,223.87318816519613,225.0863037109375,28623000,225.0863037109375
2023-01-20,227.92984354153225,233.63634353931783,227.59016528126836,233.13168334960938,35389800,233.13168334960938
2023-01-23,233.98568794215404,237.93558370839386,232.5784623295547,235.42201232910156,31934000,235.42201232910156
2023-01-24,235.34438219144687,236.7515930613996,233.34517042755766,234.89794921875,40234400,234.89794921875
2023-01-25,227.56105444486033,236.12080454500452,224.0866898660757,233.5101776123047,66526600,233.5101776123047
2023-01-26,236.46045082013288,240.9829486422917,234.85914439539755,240.68209838867188,33454500,240.68209838867188
2023-01-27,241.6429128288479,242.45812290706542,239.54664564896942,240.83740234375,26498900,240.83740234375
2023-01-30,237.2951076248889,238.3529556677396,235.05327239690436,235.54823303222656,25867400,235.54823303222656
2023-01-31,236.26636386768823,240.63357952072695,235.78111768401726,240.49771118164062,26541100,240.49771118164062
2023-02-01,240.68212262765826,247.6502511666021,238.2267779645673,245.29196166992188,31259900,245.29196166992188
2023-02-02,251.182852423541,256.8796381260482,249.65917223320272,256.79229736328125,39940400,256.79229736328125
2023-02-03,251.88160340231477,256.4041014975154,249.51359959938435,250.72671508789062,29077300,250.72671508789062
2023-02-06,249.84355651391297,250.67816573061054,247.26204327207444,249.1933135986328,22518000,249.1933135986328
2023-02-07,252.84241675056464,260.83926569165476,252.40568326679633,259.66497802734375,50841400,259.66497802734375
2023-02-08,265.1384914873045,268.5934414880708,258.354730598475,258.8594055175781,54686000,258.8594055175781
2023-02-09,265.7207756113508,265.89548673151216,255.04536048337422,255.84117126464844,42375100,255.84117126464844
2023-02-10,253.812913229461,256.2973717666834,252.96858945697053,255.3365936279297,25818500,255.3365936279297
2023-02-13,259.7426206728503,266.49724001770915,259.26705921966635,263.31402587890625,44630900,263.31402587890625
2023-02-14,264.62413161713886,266.85625191813295,261.33414871350027,264.1388854980469,37047900,264.1388854980469
2023-02-15,261.0547562578646,263.39950469785816,258.9726863891012,262.0276794433594,28922400,262.0276794433594
2023-02-16,256.8711651698153,259.5175173851741,254.8085727958793,255.0518035888672,29603600,255.0518035888672
2023-02-17,252.36652933438805,253.0475576685139,249.06830587586964,251.07252502441406,30000100,251.07252502441406
2023-02-21,247.58947974202172,248.5721416274502,244.77773242454728,245.8284912109375,28397400,245.8284912109375
2023-02-22,247.21003358389876,247.45326436545926,243.56157186049097,244.69989013671875,22491100,244.69989013671875
2023-02-23,248.64026115369037,249.88560171481558,243.6978093067613,247.8716583251953,29219100,247.8716583251953
2023-02-24,243.19189234867713,244.20372595601927,241.38225458242883,242.471923828125,24990900,242.471923828125
2023-02-27,245.6242009691581,245.97445391978178,242.6373195783351,243.386474609375,21190000,243.386474609375
2023-02-28,242.32595921726772,244.68043129479227,241.99515408663171,242.66647338867188,22491000,242.66647338867188
2023-03-01,243.9701913432016,244.13558648881542,239.1347623459425,239.60177612304688,27565300,239.60177612304688
2023-03-02,239.8742178244938,244.5928864350576,238.95966764159195,244.3107452392578,24808200,244.3107452392578
2023-03-03,245.3615103876745,248.69862992215678,244.58316883886687,248.3775634765625,30760100,248.3775634765625
2023-03-06,249.48667584365674,253.07676463691814,249.04886339595808,249.91476440429688,24109800,249.91476440429688
2023-03-07,249.36018084473946,250.71255821742662,246.528985881538,247.26840209960938,21473200,247.26840209960938
2023-03-08,247.16138722750551,247.64784879607657,244.0188496513126,246.83059692382812,17340200,246.83059692382812
2023-03-09,248.8932070956166,252.53193017156482,244.76800759955387,245.48797607421875,26653400,245.48797607421875
2023-03-10,244.2815470078051,245.9452372856859,240.89577859254197,241.8589630126953,28333900,241.8589630126953
2023-03-13,240.7011840514009,250.92661597294014,239.0764041542882,247.04464721679688,33339700,247.04464721679688
2023-03-14,249.79803486123274,254.00107026600773,248.93213379575317,253.72865295410156,33620300,253.72865295410156
2023-03-15,252.9405641280701,259.26456442561187,252.19139432118732,258.2527160644531,46028000,258.2527160644531
2023-03-16,258.0289586598438,269.07164313641664,256.1512239726221,268.7214050292969,54768800,268.7214050292969
2023-03-17,270.7256489942692,275.65834759698896,268.8381754027799,271.86395263671875,69527400,271.86395263671875
2023-03-20,269.4801786515482,269.96664007107796,262.54323405845423,264.8587951660156,43466600,264.8587951660156
2023-03-21,267.4371343013886,267.5538803349331,262.2222505034053,266.3669128417969,34558700,266.3669128417969
2023-03-22,265.9972279895284,273.4303763569465,264.8102603593326,264.91729736328125,34873300,264.91729736328125
2023-03-23,270.41426299778846,273.44977847868375,267.7484630649204,270.141845703125,36610900,270.141845703125
2023-03-24,269.7332324450906,273.03145651581804,267.8263111878216,272.97308349609375,28172000,272.97308349609375
2023-03-27,272.90498464073,273.83898269172226,268.059815935794,268.89654541015625,26840200,268.89654541015625
2023-03-28,268.32245293412296,268.66298193563654,264.68370058234905,267.7776184082031,21878600,267.7776184082031
2023-03-29,271.4065938576128,273.52758857930763,270.8714980799914,272.9146423339844,25087000,272.9146423339844
2023-03-30,276.53394388967973,276.7576972006701,273.8584053599599,276.3587951660156,25053400,276.3587951660156
2023-03-31,276.0474474143603,281.4374193382453,275.3372029511124,280.4936828613281,32766000,280.4936828613281
2023-04-03,278.761931454292,280.46454697415277,276.26154151333856,279.4527282714844,24883300,279.4527282714844
2023-04-04,279.4527167048261,282.58553031935185,277.9349590223858,279.404052734375,25824300,279.404052734375
2023-04-05,278.1100534490355,279.37484150873803,275.25939610333745,276.64093017578125,22064800,276.64093017578125
2023-04-06,275.5415669627722,284.17139086476425,274.39352473015583,283.70440673828125,29770300,283.70440673828125
2023-04-10,281.37908101323706,281.7585352734682,277.00092706983764,281.5542297363281,23103000,281.5542297363281
2023-04-11,278.0127315105797,278.2365144767618,274.01403245876395,275.1717834472656,27276600,275.1717834472656
2023-04-12,277.07878271017614,279.2386732168352,274.32539366289427,275.81396484375,27403400,275.81396484375
2023-04-13,275.91120566345813,282.0503468765026,275.50259466661186,281.9919738769531,24222700,281.9919738769531
2023-04-14,279.22894208294247,280.66887902365164,276.00856885442937,278.3922424316406,20987900,278.3922424316406
2023-04-17,282.07966327684187,283.70445835587293,278.41175289020185,280.9802551269531,23836200,280.9802551269531
2023-04-18,283.6751943988744,283.86005216252715,279.23866745372095,280.56182861328125,20161800,280.56182861328125
2023-04-19,278.2463272755176,281.2234702218599,276.8356062940719,280.6397399902344,17150300,280.6397399902344
2023-04-20,277.52633742538336,281.20398586251105,277.3609274204324,278.363037109375,23244400,278.363037109375
2023-04-21,277.2928905031584,278.51875372091774,275.39567811455214,278.0225830078125,21676400,278.0225830078125
2023-04-24,274.45190651995864,277.234482358,271.173160031667,274.14056396484375,26611000,274.14056396484375
2023-04-25,271.94171485112884,273.97512034038175,267.91379941457996,267.96246337890625,45772200,267.96246337890625
2023-04-26,288.6662882525056,291.4585727273819,284.8037824567908,287.3722839355469,64599200,287.3722839355469
2023-04-27,287.9560271426598,296.9361172975543,287.25552138127716,296.57611083984375,46462600,296.57611083984375
2023-04-28,295.7783383038111,300.5651029592613,295.097280309873,298.9403381347656,36469600,298.9403381347656
2023-05-01,298.6582633895383,300.24413310215317,296.8875358766026,297.28643798828125,21294100,297.28643798828125
2023-05-02,299.42684782678805,300.8083821173536,295.681087639922,297.1404724121094,26404400,297.1404724121094
2023-05-03,298.31766627691815,300.25377368049993,295.85617210321027,296.15777587890625,22360800,296.15777587890625
2023-05-04,297.94798558856564,299.42684782678805,295.1848873161754,297.1404724121094,22519900,297.1404724121094
2023-05-05,297.442082171176,303.5228521768905,296.03133165334634,302.23858642578125,28197100,302.23858642578125
2023-05-08,301.7326615616671,301.8007733081372,297.8020437181864,300.292724609375,21318600,300.292724609375
2023-05-09,299.6603622188009,301.6451339704267,298.0161195443124,298.68743896484375,21340800,298.68743896484375
2023-05-10,300.26345829441146,304.52486531361745,299.3391993614047,303.8535461425781,30078000,303.8535461425781
2023-05-11,301.7034562423544,302.6958271056149,297.9674351385275,301.7131652832031,31680200,301.7131652832031
2023-05-12,302.1412397708911,302.2385380136494,298.2982115576061,300.6040344238281,19774700,300.6040344238281
2023-05-15,300.7305724404115,301.50889913783726,299.26144888091557,301.080810546875,16336500,301.080810546875
2023-05-16,301.4407550392499,305.2157014683238,301.4407550392499,303.2990417480469,26730300,303.2990417480469
2023-05-17,304.49835287265563,306.58494426267947,302.9870076180216,306.1656799316406,24315000,306.1656799316406
2023-05-18,306.68249676156313,311.07998209113083,305.89270858681226,310.57293701171875,27276000,310.57293701171875
2023-05-19,308.83731401909836,310.7971739556616,308.47655029580653,310.39739990234375,27546700,310.39739990234375
2023-05-22,310.6509186565906,314.54135841802827,310.0756427593572,313.1665344238281,24115700,313.1665344238281
2023-05-23,312.04529609718725,314.66818336254534,307.38455760354833,307.3943176269531,30797200,307.3943176269531
2023-05-24,306.87751903685313,308.60334694737196,304.81038789466385,306.01947021484375,23384900,306.01947021484375
2023-05-25,315.1751430242443,318.7438294879401,312.0159906409768,317.7882995605469,43301700,317.7882995605469
2023-05-26,315.935693050292,325.0816668912498,315.7992015223041,324.58441162109375,36630600,324.58441162109375
2023-05-30,326.8660707233384,327.3633260629456,322.27356311731285,322.94635009765625,29503100,322.94635009765625
2023-05-31,323.9993748636306,327.5583014347169,319.16310540886235,320.1966857910156,45950600,320.1966857910156
2023-06-01,317.7980879864151,325.2084750715489,316.61828563761367,324.28216552734375,26773900,324.28216552734375
2023-06-02,325.9104672337744,329.0793797798021,324.25287030723234,327.0317687988281,25873800,327.0317687988281
2023-06-05,326.8562514071327,330.1129147289543,326.31022580563945,327.55828857421875,21307100,327.55828857421875
2023-06-06,326.96356317095973,327.0025735098163,323.8824307932031,325.354736328125,20396200,325.354736328125
2023-06-07,323.37532887108034,326.1444673202271,314.45362725824225,315.3116760253906,40717100,315.3116760253906
2023-06-08,315.85770223750364,318.4903491637824,315.28242630303987,317.144775390625,23277700,317.144775390625
2023-06-09,316.8815191818162,321.7567696311191,316.3160032224107,318.6366271972656,22529000,318.6366271972656
2023-06-12,320.3819105271756,323.81410551348466,317.0472562466259,323.5703430175781,24260300,323.5703430175781
2023-06-13,326.1249342097831,328.57231892797256,322.1467437962909,325.9494323730469,22951300,325.9494323730469
2023-06-14,325.9982202996805,330.58096729872784,324.50639495848685,328.9233703613281,26003800,328.9233703613281
2023-06-15,329.0598905688736,341.1114945004108,328.78687775426107,339.4149169921875,38899100,339.4149169921875
2023-06-16,342.5545998111812,342.70085137133475,333.41838536086453,333.78887939453125,46552000,333.78887939453125
2023-06-20,330.8442648527532,333.5451430628632,327.4803299242777,329.6156921386719,26375400,329.6156921386719
2023-06-21,327.9775897528391,329.3036733312241,323.784886322757,325.2377014160156,25117800,325.2377014160156
2023-06-22,325.783726576518,331.6340270315193,325.0231887076145,331.2342529296875,23556800,331.2342529296875
2023-06-23,326.0177487407771,329.5279351767741,325.13047930366815,326.6612854003906,23146900,326.6612854003906
2023-06-26,325.39367934124914,327.7240333118318,320.29415725203825,320.40142822265625,21520600,320.40142822265625
2023-06-27,323.58006632131827,327.76303899280276,321.0839407974331,326.22247314453125,24354100,326.22247314453125
2023-06-28,326.31017783033235,329.54735038907535,325.4813795282947,327.4704895019531,20259500,327.4704895019531
2023-06-29,326.35903826648905,327.7241025708121,324.32118695571927,326.6905517578125,16997000,326.6905517578125
2023-06-30,329.32312037613315,334.17887983586667,328.78685480648323,332.04351806640625,26832800,332.04351806640625
2023-07-03,330.7272007694062,332.3945278816647,328.17257461621756,329.55712890625,12508700,329.55712890625
2023-07-05,326.7294540565752,333.12577875846375,326.3784503898892,329.7131042480469,18172400,329.7131042480469
2023-07-06,328.88439044633213,334.432427956872,327.1293121494876,332.7553405761719,28161200,332.7553405761719
2023-07-07,330.8539769415479,333.26235165945616,328.5918537740865,328.8063659667969,21214800,328.8063659667969
2023-07-10,326.25178071727987,326.8660670625544,319.4166697574399,323.5508728027344,32791400,323.5508728027344
2023-07-11,322.80007207810127,324.55515029230673,318.84137119543414,324.1748962402344,26698200,324.1748962402344
2023-07-12,328.2017683684555,333.1257579520497,327.29497919665954,328.78680419921875,29995300,328.78680419921875
2023-07-13,331.0879653631058,335.16366709536976,330.5614300476907,334.1106262207031,20567200,334.1106262207031
2023-07-14,338.9176246633776,342.66181307865304,335.71946186556954,336.6262512207031,28352700,336.6262512207031
2023-07-17,337.05526407197954,338.33257714303016,333.6621092446477,337.1040344238281,20363900,337.1040344238281
2023-07-18,337.20147590350757,357.6287821253503,333.63281964458815,350.5206604003906,64738600,350.5206604003906
2023-07-19,352.72436118966306,353.4166384044317,343.6466474604791,346.22076416015625,39732900,346.22076416015625
2023-07-20,344.74842283159865,349.03863672095343,336.7530012262202,338.215576171875,33778400,338.215576171875
2023-07-21,340.4387369530099,341.56003861838775,331.35126286647005,335.1929626464844,69405400,335.1929626464844
2023-07-24,337.2210689969038,338.2643797019485,333.7693834548789,336.49951171875,26678100,336.49951171875
2023-07-25,338.4495845575855,343.11035203179654,336.46050402116185,342.2230529785156,41637700,342.2230529785156
2023-07-26,332.92103651777114,336.0704583718103,324.7988542780453,329.34259033203125,58383700,329.34259033203125
2023-07-27,331.98500245672983,332.8137710712754,320.8401594248719,322.468505859375,39635300,322.468505859375
2023-07-28,325.3449259664994,331.52673900384514,324.85740099740747,329.9276428222656,28484900,329.9276428222656
2023-07-31,328.51386838696095,329.2744062182313,325.0426629130829,327.538818359375,25446000,327.538818359375
2023-08-01,326.82697129555277,330.09339434116555,325.37415649793405,327.9482727050781,18311900,327.9482727050781
2023-08-02,325.3059494426346,325.3059494426346,318.2173166114524,319.3288879394531,27761300,319.3288879394531
2023-08-03,317.8663814771961,321.64958120791226,317.8176408671685,318.5099182128906,18253700,318.5099182128906
2023-08-04,323.5996092744747,326.7782818997198,319.0753628445266,319.6018981933594,23741500,319.6018981933594
2023-08-07,320.17717126140934,322.8487988022052,319.3483727907042,321.8737487792969,17741500,321.8737487792969
2023-08-08,318.802368731708,320.5477167225477,314.9411787114309,317.9150695800781,22327600,317.9150695800781
2023-08-09,318.3245710835293,318.94858760325343,313.03978705069517,314.19036865234375,22373300,314.19036865234375
2023-08-10,317.88576445394,320.0698965106326,313.1665264082013,314.87286376953125,20113700,314.87286376953125
2023-08-11,312.26953644201075,314.3658880842269,311.2457160426732,313.0008239746094,24355500,313.0008239746094
2023-08-14,313.3713539974467,315.97472100192863,312.09401103937836,315.9552307128906,18836100,315.9552307128906
2023-08-15,314.9411611661193,316.9790121676308,312.89355014228914,313.82958984375,16966300,313.82958984375
2023-08-16,313.45831419457073,316.9954936708588,312.48119971164607,313.0674743652344,20698900,313.0674743652344
2023-08-17,313.2042018447522,314.50375064279973,308.9732805542869,309.6279602050781,21257200,309.6279602050781
2023-08-18,307.29270464284144,311.0936940527994,304.4199858602723,309.2371826171875,24755000,309.2371826171875
2023-08-21,310.65396660689254,315.3831966115051,309.78435031765304,314.5135803222656,24040000,314.5135803222656
2023-08-22,318.0507277854862,318.61744100027846,314.1031773769701,315.0802917480469,16084600,315.0802917480469
2023-08-23,316.40926216932337,321.6661435754611,316.05748540152786,319.5164794921875,21166400,319.5164794921875
2023-08-24,325.2324836073719,325.3595132307544,312.6374666298359,312.6472473144531,23281400,312.6472473144531
2023-08-25,314.11295718549064,317.91391657239774,311.5040487015702,315.5884094238281,21684100,315.5884094238281
2023-08-28,318.2070362516221,318.68581270104596,314.3572036482765,316.2919006347656,14808500,316.2919006347656
2023-08-29,314.51363868595456,321.45115801127633,314.51363868595456,320.8941955566406,19284600,320.8941955566406
2023-08-30,321.14822344769897,322.262118428765,318.97902814860515,321.2654724121094,15222100,321.2654724121094
2023-08-31,321.66608035944125,323.3369376753796,319.30145033255354,320.259033203125,26411000,320.259033203125
2023-09-01,323.7277749745022,324.3922056211829,319.3014478601216,321.138427734375,14942000,321.138427734375
2023-09-05,321.47064520868975,327.18677054781415,321.13842988312655,325.91650390625,18553900,325.91650390625
2023-09-06,325.75036744875047,326.80563776371406,322.62358978658284,325.2618103027344,17535800,325.2618103027344
2023-09-07,323.7082248346301,325.45723807010125,321.49993683780025,322.35980224609375,18381000,322.35980224609375
2023-09-08,322.5356945258159,328.4667861972207,321.92010767166425,326.6200256347656,19530100,326.6200256347656
2023-09-11,329.52203220068384,330.6750497904705,327.75345762157895,330.2060241699219,16583300,330.2060241699219
2023-09-12,328.1345774558951,329.08237965274225,323.8939043767627,324.17724609375,17565500,324.17724609375
2023-09-13,323.7277558674077,329.1409777651763,323.59097536312447,328.3690490722656,16544400,328.3690490722656
2023-09-14,331.38838359380287,333.059241074138,328.86744125187914,330.9486999511719,20267000,330.9486999511719
2023-09-15,329.2094292987057,329.6784251727831,322.10578782450574,322.6627502441406,37679800,322.6627502441406
2023-09-18,320.29809265490445,322.8385960925468,318.89104551464607,321.5292663574219,16834200,321.5292663574219
2023-09-19,318.7054373268487,321.85174708859677,317.0834237409372,321.128662109375,16505900,321.128662109375
2023-09-20,321.9689546587249,322.0471106852366,313.1749256275898,313.428955078125,21436500,313.428955078125
2023-09-21,311.95359703612553,317.90422099600227,307.7910795608823,312.2174072265625,35560400,312.2174072265625
2023-09-22,313.96639594173394,314.0934255806642,308.9147015377864,309.7550354003906,21447900,309.7550354003906
2023-09-25,309.34464808220946,310.39994834578414,307.7910397456029,310.2729187011719,17836000,310.2729187011719
2023-09-26,307.918083681108,308.650919524038,302.92501329864484,304.99652099609375,26297600,304.99652099609375
2023-09-27,305.1527855104158,307.10701412032984,302.6025314876758,305.631591796875,19410100,305.631591796875
2023-09-28,303.8728115871533,308.2600757204857,302.3680768122536,306.4621887207031,19683600,306.4621887207031
2023-09-29,310.4781242122937,312.1587623008752,307.7715278533527,308.5238952636719,24147300,308.5238952636719
2023-10-02,309.0417036720847,314.52333029570326,307.96687199890835,314.43536376953125,20570000,314.43536376953125
2023-10-03,313.4875679533543,314.03477939534076,304.0877331522798,306.2178649902344,21033500,306.2178649902344
2023-10-04,306.84326360549875,312.7157312613082,306.81395136342184,311.6604309082031,20720100,311.6604309082031
2023-10-05,311.78745935358154,312.6571055637684,307.6933472507753,312.05126953125,16965600,312.05126953125
2023-10-06,309.3055602997531,321.65630098463043,309.06128169271835,319.7704772949219,25673600,319.7704772949219
2023-10-09,317.31787385142707,322.7408463729551,315.78379722001137,322.2718505859375,19891200,322.2718505859375
2023-10-10,323.38579530400693,323.5226056424412,320.17111018080624,320.8746337890625,20557100,320.8746337890625
2023-10-11,323.6300480505899,325.20321772099476,321.60744393030456,324.8123779296875,20063200,324.8123779296875
2023-10-12,323.0047438226922,325.99471177384464,321.1970760539996,323.58123779296875,19313100,323.58123779296875
2023-10-13,324.7733126546174,326.19011074612195,318.8910644547027,320.229736328125,21072400,320.229736328125
2023-10-16,323.47370563502346,328.4472441018182,323.03402205271703,325.02734375,22158000,325.02734375
2023-10-17,322.0471583622745,325.828586634413,319.9170559493173,324.46063232421875,18338500,324.46063232421875
2023-10-18,324.88080471636374,327.90986576215903,320.7866923974695,322.5552673339844,23153600,322.5552673339844
2023-10-19,324.5485406563444,329.1703024841639,323.33692834747904,323.737548828125,25052100,323.737548828125
2023-10-20,324.1283854502297,324.32382025517603,318.0018889823848,319.1939697265625,25027700,319.1939697265625
2023-10-23,318.0214287466955,325.1152889172781,316.96615830256553,321.7833251953125,24374700,321.7833251953125
2023-10-24,323.71800459686386,324.24565474799095,320.1026990318568,322.96563720703125,31153600,322.96563720703125
2023-10-25,337.1240202368528,338.2770379621599,329.89337919706037,332.87359619140625,55053800,332.87359619140625
2023-10-26,332.7465382675552,333.8115893601042,319.45777677753637,320.38604736328125,37828500,320.38604736328125
2023-10-27,322.867891093588,329.0139487725961,320.8843501338627,322.2620849609375,29856500,322.2620849609375
2023-10-30,325.77974409067264,331.6815239306809,324.235886505314,329.5904846191406,22828100,329.5904846191406
2023-10-31,331.09524685603606,331.24180806391223,327.03044704898707,330.3721618652344,20265300,330.3721618652344
2023-11-01,332.0136865785613,339.46907368839175,331.8768762591472,338.14996337890625,28158800,338.14996337890625
2023-11-02,339.29324086548826,340.84684939451466,336.87976677643417,340.3485412597656,24348100,340.3485412597656
2023-11-03,341.6284859220493,346.2795596471139,339.3811050850171,344.7259216308594,23637700,344.7259216308594
2023-11-06,345.361075900052,349.3574699781312,345.26335850207806,348.3705749511719,23828300,348.3705749511719
2023-11-07,351.17493911544506,354.16490704694723,349.44545721598166,352.2790832519531,25833900,352.2790832519531
2023-11-08,353.40276735497133,355.54265050853274,352.2986231921823,354.88800048828125,26767800,354.88800048828125
2023-11-09,354.0085034994957,356.44153841470893,352.1128993476677,352.43536376953125,24847300,352.43536376953125
2023-11-10,353.2170514609085,361.6300213922687,352.80668013888885,361.2098693847656,28042100,361.2098693847656
2023-11-13,359.79306407971893,360.03734267871334,357.52615152445077,358.2882995605469,19986500,358.2882995605469
2023-11-14,362.5192580985715,363.43774810881337,358.94301547087497,361.7961730957031,27683900,361.7961730957031
2023-11-15,363.5193258281366,365.3306622150657,359.436476024947,361.9429931640625,26860100,361.9429931640625
2023-11-16,363.2060393855787,368.48338982170065,362.4423444484434,368.3071594238281,27182300,368.3071594238281
2023-11-17,365.80064944827456,366.54477320500723,359.32882848725313,362.1192626953125,40157000,362.1192626953125
2023-11-20,363.4606399313925,370.95073116555085,363.24523724780994,369.5506286621094,52465100,369.5506286621094
2023-11-21,367.8176325584251,368.3561243217149,363.3627202596963,365.27197265625,28423100,365.27197265625
2023-11-22,370.0989155578587,371.8515087359404,367.13225084262217,369.9520568847656,23345300,369.9520568847656
2023-11-24,369.44291677497637,370.0695536363756,367.29872033158176,369.54083251953125,10176600,369.54083251953125
2023-11-27,368.9044009726802,372.683733332582,368.336537498751,370.6961364746094,22179200,370.6961364746094
2023-11-28,370.44160282909473,374.994400937648,370.25557188472965,374.70068359375,20453100,374.70068359375
2023-11-29,375.7385254123956,376.26721663239306,369.55062106548934,370.93115234375,28963400,370.93115234375
2023-11-30,370.5786340328009,372.1451961390215,367.6217700935787,370.9898681640625,30554400,370.9898681640625
2023-12-01,368.8848238631299,370.25555453657734,363.54872995472044,366.6818542480469,33040500,366.6818542480469
2023-12-04,361.3849610271203,361.79616532164505,355.31454343634607,361.42413330078125,32063300,361.42413330078125
2023-12-05,358.7902991826528,365.2816906598943,357.9776315061035,364.7333984375,23065000,364.7333984375
2023-12-06,365.7321604216408,366.3587674073999,360.33732257448145,361.0912170410156,21182100,361.0912170410156
2023-12-07,360.5331422311326,363.68583789268007,358.66306211428184,363.1962890625,23118900,363.1962890625
2023-12-08,361.48282487936234,366.6328576380953,360.53309906732864,366.4076843261719,20154400,366.4076843261719
2023-12-11,360.7778775179064,363.8326571061726,358.44762055822775,363.5389099121094,27708800,363.5389099121094
2023-12-12,363.09838231575895,366.5937682209635,362.7165198765075,366.5545959472656,24838300,366.5545959472656
2023-12-13,368.16027437565873,369.7464376106383,363.0200118977458,366.5447692871094,30955500,366.5447692871094
2023-12-14,365.50696539591144,365.9475713192963,356.51885554826436,358.2812194824219,43277500,358.2812194824219
2023-12-15,359.1819921925265,364.61597239957655,358.6238993402138,362.98089599609375,78502300,362.98089599609375
2023-12-18,361.7276536100702,365.20343845853677,360.9737292655857,364.8607482910156,21802900,364.8607482910156
2023-12-19,363.7249554315047,365.4579772949219,362.1094503782396,365.4579772949219,20603700,365.4579772949219
2023-12-20,367.161590586535,368.1700598934919,362.785023231556,362.8731384277344,26316700,362.8731384277344
2023-12-21,364.77262075610525,366.58395739776404,362.30530541678434,365.7321472167969,17708000,365.7321472167969
2023-12-22,365.8691843460341,367.33783074743565,364.9194584779402,366.7503662109375,17107500,366.7503662109375
2023-12-26,367.1616249726416,369.0610768362086,365.69297847275107,366.8287353515625,12673100,366.8287353515625
2023-12-27,365.8790367110042,367.2203958335403,365.0174259193831,366.2510986328125,14905400,366.2510986328125
2023-12-28,367.5238451750327,368.59105792655595,366.3391454974242,367.43572998046875,14327000,367.43572998046875
2023-12-29,368.140698335078,369.2764551389083,365.67338313483896,368.17987060546875,18730800,368.17987060546875
2024-01-02,366.0454121665628,368.0427796247224,359.1036138103624,363.117919921875,25258600,363.117919921875
2024-01-03,361.2967846745382,365.45794912599047,360.8072359155438,362.8535461425781,23083500,362.8535461425781
2024-01-04,362.92209250603474,365.3012923191343,359.49525117073273,360.2491455078125,20901500,360.2491455078125
2024-01-05,361.25767175006894,364.28307999206555,358.8392992881915,360.06317138671875,21004600,360.06317138671875
2024-01-08,361.58074269539895,367.35744261436474,361.2968258961624,366.85809326171875,23134000,366.85809326171875
2024-01-09,364.2341014424794,368.1308907001316,363.4312342532303,367.9350891113281,20830000,367.9350891113281
2024-01-10,368.50300659957884,376.13998679528584,368.45406366512276,374.76922607421875,25514200,374.76922607421875
2024-01-11,377.93166039806545,382.5138298348758,372.42913685903,376.5903015136719,27850800,376.5903015136719
2024-01-12,377.4323756542809,380.55569981393256,376.6099371438589,380.35009765625,21661200,380.35009765625
2024-01-16,385.4316128958056,385.7938742722587,379.51785428757296,382.1124572753906,27202300,382.1124572753906
2024-01-17,379.8703470627965,381.95580012337945,376.7665941196336,381.3291931152344,22234100,381.3291931152344
2024-01-18,383.5320922463087,385.7546329209657,381.96553019541545,385.63714599609375,23392100,385.63714599609375
2024-01-19,387.48767542805655,390.33685302734375,385.2749052923237,390.33685302734375,29331100,390.33685302734375
2024-01-22,391.6586277842315,392.2460923450514,385.36303712070327,388.2220153808594,27016900,388.2220153808594
2024-01-23,387.47789064929606,391.03201985975426,385.6959257751216,390.5620422363281,20525900,390.5620422363281
2024-01-24,393.14686950723774,397.1513752160577,392.079656679383,394.1455383300781,24867000,394.1455383300781
2024-01-25,395.8687653294727,398.5025403738,394.1161721859946,396.4072570800781,21021200,396.4072570800781
2024-01-26,395.917652215205,397.6800456471152,394.0182006704119,395.4868469238281,17803300,395.4868469238281
2024-01-29,397.57235261817027,401.4104281984527,395.8785030835569,401.1558532714844,24510200,401.1558532714844
2024-01-30,403.64280098293807,404.41626660201007,397.9542461080957,400.04949951171875,33477600,400.04949951171875
2024-01-31,398.4535945955144,406.6388669659615,388.9073919493629,389.2696533203125,47871100,389.2696533203125
2024-02-01,393.4308049580275,399.4718507500115,393.40143322301293,395.3400573730469,30657700,395.3400573730469
2024-02-02,395.36942496681314,404.02464472350925,395.12465055102524,402.6245422363281,28256700,402.6245422363281
2024-02-05,401.3321553615057,402.56582806837224,395.5456841655395,397.1709899902344,25352300,397.1709899902344
2024-02-06,397.39614463854895,399.4424550677267,394.4882235276778,397.0142822265625,18382600,397.0142822265625
2024-02-07,398.9235643671154,405.640160164174,398.88439209328425,405.3953857421875,22340500,405.3953857421875
2024-02-08,405.3953580956046,406.8738050650789,403.90714046810643,405.4541015625,21225300,405.4541015625
2024-02-09,406.57025541446654,412.02383590927224,406.4135962217608,411.75946044921875,22032800,411.75946044921875
2024-02-12,411.769283442755,411.94551383927785,406.0807287884979,406.580078125,21202900,406.580078125
2024-02-13,396.4758362047706,401.49861232810986,394.95824667886694,397.8269958496094,27824900,397.8269958496094
2024-02-14,400.2791853329973,402.0153819358465,396.84600689910087,401.67205810546875,20401200,401.67205810546875
2024-02-15,400.34788638470263,401.3189759217452,396.5713838346197,398.79803466796875,21825500,398.79803466796875
2024-02-16,400.1712693339194,400.49498577796,395.73757539612643,396.3457336425781,22296500,396.3457336425781
2024-02-20,395.5413662628297,396.7675013679842,390.41123614122415,395.0999755859375,24307900,395.0999755859375
2024-02-21,392.53004284668083,394.60956341609165,389.6363517174895,394.50164794921875,18518900,394.50164794921875
2024-02-22,402.35868459808347,404.9482663429582,400.7696183104428,403.7908020019531,27009900,403.7908020019531
2024-02-23,407.73411674298126,407.92046175721333,401.162019956702,402.505859375,16295900,402.505859375
2024-02-26,403.60448178020243,404.2911294979053,399.5827521513917,399.75933837890625,16193500,399.75933837890625
2024-02-27,400.2007433350152,400.5244598178457,396.13979878680874,399.70050048828125,14835800,399.70050048828125
2024-02-28,400.3870613953607,401.48567367865326,397.58167859587735,399.93585205078125,13183100,399.93585205078125
2024-02-29,400.83834831741547,406.29219561123216,398.17027676875426,405.7428894042969,31947300,405.7428894042969
2024-03-01,403.4180998812608,407.93028353505224,403.03556125394095,407.5673522949219,17823400,407.5673522949219
2024-03-04,405.54668869062186,409.38204334564557,404.4480762959748,406.9984436035156,17596000,406.9984436035156
2024-03-05,406.056777618859,406.3412493979287,392.99110225962716,394.96270751953125,26919200,394.96270751953125
2024-03-06,395.27659515513125,397.4247865981622,390.784048581795,394.41339111328125,22344100,394.41339111328125
2024-03-07,398.3664344564578,401.9565620702222,394.56050584072034,401.32879638671875,18718500,401.32879638671875
2024-03-08,400.171309298901,402.58436507476455,396.61060766849016,398.46453857421875,18002200,398.46453857421875
2024-03-11,396.05146623078247,397.93479302965693,393.5991959671877,396.79693603515625,16120800,396.79693603515625
2024-03-12,399.8378019777306,407.63603426425436,399.02366133031137,407.3515625,22457000,407.3515625
2024-03-13,410.11771230614136,410.1961717884516,403.5946789555971,407.17498779296875,17115900,407.17498779296875
2024-03-14,412.21684262615895,419.6521433696343,410.009799228429,417.1017761230469,34157300,417.1017761230469
2024-03-15,411.28498921650765,414.5317928189051,404.9090862008724,408.46978759765625,45079900,408.46978759765625
2024-03-18,406.341265451297,412.6975620459207,405.88023735043,409.3526611328125,20106000,409.3526611328125
2024-03-19,409.8528340561438,413.61954764814055,407.61636469929994,413.364501953125,19837900,413.364501953125
2024-03-20,413.94328882066856,417.82767717758037,412.6288753346162,417.11163330078125,17860100,417.11163330078125
2024-03-21,421.6237252238155,422.59484462108253,419.00471729967956,421.1725158691406,21296200,421.1725158691406
2024-03-22,421.4963200117596,421.6532390012991,417.9356179957843,420.55462646484375,17648500,420.55462646484375
2024-03-25,417.12140106535213,419.2499850699005,413.5606994442316,414.7868347167969,18060500,414.7868347167969
2024-03-26,417.48430243445387,417.85705232022457,413.3056540804049,413.59991455078125,16725600,413.59991455078125
2024-03-27,416.3366986755512,416.3465173372015,411.0103740796991,413.3841552734375,16705000,413.3841552734375
2024-03-28,412.9231220201488,413.81575210575176,411.11825446083225,412.6877136230469,21871200,412.6877136230469
2024-04-01,415.856044584665,419.720825298805,414.15906261710444,416.4642028808594,16316000,416.4642028808594
2024-04-02,412.0893571765106,414.31603809824145,409.86270618972446,413.39398193359375,17912000,413.39398193359375
2024-04-03,411.7166269488562,415.17923184367993,411.0888313055727,412.4228820800781,16502300,412.4228820800781
2024-04-04,416.8761903565226,420.4859554910503,409.59786785676073,409.9019470214844,19370900,409.9019470214844
2024-04-05,411.99124304246095,418.36714603884514,410.33350586860576,417.3960266113281,16554800,417.3960266113281
2024-04-08,417.0527692258899,419.12247124179834,415.21844567326013,416.48382568359375,14272400,416.48382568359375
2024-04-09,418.2984589003378,419.5736274756939,413.5704746022745,418.1415100097656,12496900,418.1415100097656
2024-04-10,414.1296507389469,415.93451830181,411.68719880938414,415.1792297363281,16216600,415.1792297363281
2024-04-11,417.6903079757618,421.17251987057847,414.29634428569665,419.760009765625,17966400,419.760009765625
2024-04-12,415.9541310748391,417.06256218596104,411.75584496590756,413.8451843261719,19253800,413.8451843261719
2024-04-15,418.4554515197094,418.6712525249299,405.5368771254888,405.7428894042969,20273500,405.7428894042969
2024-04-16,406.65512826574127,410.4119935798852,405.8311689524943,406.6649169921875,16765600,406.6649169921875
2024-04-17,409.28398181705415,410.88286711080787,402.49608331512337,403.9772644042969,15855500,403.9772644042969
2024-04-18,402.7903496970384,404.02630364117994,396.23788993068626,396.5517578125,21029900,396.5517578125
2024-04-19,396.31635459832717,397.738683518828,390.1758594431205,391.5000915527344,30565800,391.5000915527344
2024-04-22,392.441727661041,395.1588624515417,388.1944084543801,393.304931640625,20286900,393.304931640625
2024-04-23,396.5223162949651,400.4067342721825,395.3648518176367,399.78875732421875,15734500,399.78875732421875
2024-04-24,401.7407592748994,404.5952057239604,399.01383568119996,401.25030517578125,15065300,401.25030517578125
2024-04-25,386.50733128688233,392.2554700120989,380.62188095339076,391.42169189453125,40586500,391.42169189453125
2024-04-26,404.30097191316094,405.1151126000372,398.0133463554319,398.5626525878906,29694700,398.5626525878906
2024-04-29,397.5130677635141,398.56264677395114,391.56876617151903,394.5703430175781,19582100,394.5703430175781
2024-04-30,393.82481984555585,394.4820415046003,381.74005368851095,381.89697265625,28781400,381.89697265625
2024-05-01,385.1143087080168,394.050396924473,382.85823208751793,387.39984130859375,23562500,387.39984130859375
2024-05-02,390.0679200441085,392.2945706625557,387.115377073286,390.2444763183594,17709400,390.2444763183594
2024-05-03,394.5997356096934,399.37675358596374,394.18774100881984,398.8961181640625,17446700,398.8961181640625
2024-05-06,400.9560656726651,406.02734455936377,398.61168058742396,405.6448059082031,16996600,405.6448059082031
2024-05-07,406.74337133005633,406.7531899905989,401.2797058272895,401.5249328613281,20018200,401.5249328613281
2024-05-08,400.37733960441915,404.3598247646084,398.9451919846881,402.70208740234375,11792300,402.70208740234375
2024-05-09,402.7315305808264,404.84047745279514,401.28959417288524,404.4481201171875,14689700,404.4481201171875
2024-05-10,405.0562156749531,407.4496339664975,403.93796601015913,406.82183837890625,13402300,406.82183837890625
2024-05-13,410.0294239104783,410.36292908810583,402.9766919421273,405.8213195800781,15440200,405.8213195800781
2024-05-14,404.15378509704203,409.51935413927424,403.69275704643184,408.60711669921875,15109300,408.60711669921875
2024-05-15,410.6608977071615,416.46852499785643,410.0418061194269,415.75115966796875,22239500,415.75115966796875
2024-05-16,414.49338464088675,418.05070261448816,413.06852016596474,413.6974182128906,17530100,413.6974182128906
2024-05-17,415.2205022223224,415.5939244192682,410.78861770951823,412.93084716796875,15352200,412.93084716796875
2024-05-20,412.9309055053418,419.37726753163014,412.7147152549324,417.9720458984375,16272100,417.9720458984375
2024-05-21,419.43623228216074,425.46988664412265,417.49054998726376,421.60797119140625,21453300,421.60797119140625
2024-05-22,422.6397422694005,424.91956115828395,419.7310254046841,423.0622863769531,18073700,423.0622863769531
2024-05-23,425.46982612085486,426.0889176680517,418.05062390261264,419.6032409667969,17211700,419.6032409667969
2024-05-24,419.7900037534496,423.59296088139126,417.05816150216543,422.70855712890625,11855300,422.70855712890625
2024-05-28,422.1876728885105,423.3570613291666,419.21016173019353,422.86572265625,15718000,422.86572265625
2024-05-29,418.3159892619867,423.4750461602697,418.3159892619867,421.7357177734375,15517100,421.7357177734375
2024-05-30,416.95003623481153,416.95003623481153,407.0643033400361,407.48687744140625,28394500,407.48687744140625
2024-05-31,409.53083651523417,409.53083651523417,397.5028738526741,407.93890380859375,47995300,407.93890380859375
2024-06-03,408.3319416725267,409.2163453409128,401.83645840787784,406.35675048828125,17484700,406.35675048828125
2024-06-04,405.2856798357907,409.22622626275023,402.58331667273,408.8626403808594,14348900,408.8626403808594
2024-06-05,410.57245747625547,416.7338342090642,409.08860495020656,416.6650695800781,16988000,416.6650695800781
2024-06-06,416.66505364933033,417.942522272772,413.294447378338,417.16619873046875,14861300,417.16619873046875
2024-06-07,418.8171717087438,418.89577271534046,415.67259164399417,416.50787353515625,13621700,416.50787353515625
2024-06-10,417.34318081391007,420.6646058483147,416.54721437209554,420.458251953125,13982900,420.458251953125
2024-06-11,418.10958577165815,425.3224341996882,417.8835591764401,425.1848449707031,14551100,425.1848449707031
2024-06-12,427.7791794767063,435.71920053687387,425.7450298401941,433.41973876953125,22366200,433.41973876953125
2024-06-13,433.21338970261115,435.7093989946261,431.75901618030764,433.93072509765625,15960600,433.93072509765625
2024-06-14,430.68786981308114,435.4636977946633,429.15489539650804,434.903564453125,13582000,434.903564453125
2024-06-17,434.9231837298592,443.12854595845386,433.0855818033449,440.6030578613281,20790000,440.6030578613281
2024-06-18,441.9199255268032,442.3424996772447,437.18344238899346,438.6083068847656,17112500,438.6083068847656
2024-06-20,438.5689831798124,438.7950098147065,433.62611625090886,437.9794006347656,19877400,437.9794006347656
2024-06-21,439.63025801243765,442.774807970896,438.77533339876635,441.9886779785156,34187100,441.9886779785156
2024-06-24,442.00833058442447,444.9072412251996,438.677069430459,439.9152526855469,15913700,439.9152526855469
2024-06-25,440.485247175796,443.6003484546943,439.0112307323745,443.13848876953125,16413400,443.13848876953125
2024-06-26,441.222219477512,445.7425422004591,440.4262530619795,444.3274841308594,16507000,444.3274841308594
2024-06-27,444.3471165440364,448.2680202655606,443.94421515967235,445.0055236816406,14806300,445.0055236816406
2024-06-28,445.2216529567904,447.49163533200266,438.67701793083796,439.2076721191406,28362300,439.2076721191406
2024-07-01,440.88808384173325,449.447196335744,437.94005138791704,448.81829833984375,17662800,448.81829833984375
2024-07-02,445.3494912239479,451.62878536550966,445.26102385148636,451.32415771484375,13979800,451.32415771484375
2024-07-03,450.2530351597629,453.0339994689676,449.9484075142332,452.788330078125,9932800,452.788330078125
2024-07-05,451.6483651745115,460.2369864186551,451.0194672052492,459.4606628417969,16000300,459.4606628417969
2024-07-08,458.4681407863274,459.59824381659064,456.41434856608595,458.16351318359375,12962300,458.16351318359375
2024-07-09,458.91038601076474,459.23465638604694,450.06628863582495,451.5796203613281,17207200,451.5796203613281
2024-07-10,453.2305340754163,458.3797547644369,450.9113994976311,458.17340087890625,18196100,458.17340087890625
2024-07-11,454.9600551032178,456.72886266734906,443.7280281074878,446.823486328125,23111200,446.823486328125
2024-07-12,446.45987718044813,448.4547114032981,442.8436310012122,445.6933898925781,16324300,445.6933898925781
2024-07-15,445.44771219074863,449.3391368001631,443.61011000854984,446.0962829589844,14429400,446.0962829589844
2024-07-16,446.3518119574386,446.4304129687703,438.9227718455909,441.73321533203125,17175700,441.73321533203125
2024-07-17,434.92321432561624,437.1440749862863,431.5722805813875,435.83709716796875,21778000,435.83709716796875
2024-07-18,436.6428686281901,436.94749622050165,426.87505295560237,432.74163818359375,20794800,432.74163818359375
2024-07-19,425.5976305961669,433.49836608097274,424.51667935003445,429.53814697265625,20940400,429.53814697265625
2024-07-22,434.1370473740231,436.89836840804566,431.3069317261726,435.2671203613281,15808800,435.2671203613281
2024-07-23,436.21054835742433,440.62279084734524,435.4244183311835,437.14410400390625,13107100,437.14410400390625
2024-07-24,432.82031037979385,433.8324669900576,420.18306232506063,421.4703674316406,26805800,421.4703674316406
2024-07-25,421.37209200547386,422.3547694868196,410.2776848331151,411.1522521972656,29943800,411.1522521972656
2024-07-26,410.9556919630689,421.48999466729276,410.0417792088543,417.9031982421875,23583800,417.9031982421875
2024-07-29,424.1039132176947,424.66404655168895,417.3431176712943,419.33795166015625,15125800,419.33795166015625
2024-07-30,420.31083428857175,421.6177822082065,410.13027948455533,415.593994140625,32687600,415.593994140625
2024-07-31,413.2159000993034,414.4737261342931,405.06949500365346,411.1031494140625,42891400,411.1031494140625
2024-08-01,413.50088916463085,420.05533154219523,405.9342601346404,409.8846130371094,30296400,409.8846130371094
2024-08-02,405.3445581572137,407.81108782703546,397.33574399646915,401.4138488769531,29437900,401.4138488769531
2024-08-05,382.4285705967925,394.09294634268963,378.90073239916643,388.3049621582031,40709200,388.3049621582031
2024-08-06,393.07103331037194,398.64282840268,391.59701693545804,392.6877746582031,24946500,392.6877746582031
2024-08-07,401.5613573427881,402.97638538590667,390.58483621712907,391.5281982421875,20650900,391.5281982421875
2024-08-08,395.46871662305415,398.8294567188382,393.0120229903142,395.7143859863281,20203000,395.7143859863281
2024-08-09,397.0312061411671,400.9815590644515,395.2918776876415,398.9867248535156,19276700,398.9867248535156
2024-08-12,400.008700380632,401.6792641246606,397.23754263585204,399.7630310058594,16762900,399.7630310058594
2024-08-13,402.49480977979294,407.7619759385257,402.47516702892625,406.8382568359375,19414300,406.8382568359375
2024-08-14,407.6146635587636,410.4840953956977,405.3053951498375,409.63897705078125,18267000,409.63897705078125
2024-08-15,413.2715696251715,414.5611950729744,411.1648649409175,414.4824523925781,20752100,414.4824523925781
2024-08-16,414.0590689533352,414.787551271532,410.81037069045954,411.9621887207031,22775600,411.9621887207031
2024-08-19,412.4446299731582,415.19125033166955,409.9835081573214,414.97467041015625,15234000,414.97467041015625
2024-08-20,415.14205004692775,419.2373304106215,415.08298552534507,418.1938171386719,16387600,418.1938171386719
2024-08-21,417.48497282390196,419.7689009161739,415.1616884163413,417.5440673828125,16067300,417.5440673828125
2024-08-22,417.7606059891525,420.1528389914807,408.1622318516386,409.0876159667969,19361900,409.0876159667969
2024-08-23,410.4953972510095,412.73993890763575,405.68142906839694,410.308349609375,18493800,410.308349609375
2024-08-26,409.89487877847426,410.7907306533513,404.94310328054127,407.0596618652344,13152800,407.0596618652344
2024-08-27,406.43949576869113,407.9161688910183,403.8700989564779,407.4042663574219,13492900,407.4042663574219
2024-08-28,408.42810007077503,408.54622911327857,400.975815861933,404.21466064453125,14882700,404.21466064453125
2024-08-29,408.4871383812944,415.48655408743093,404.2146347079457,406.6954345703125,17045200,406.6954345703125
2024-08-30,409.1368946584357,410.9974871196902,405.72085639315753,410.6529541015625,24308300,410.6529541015625
2024-09-03,411.4109125689516,413.35027748692255,400.7001071362785,403.0726318359375,20313600,403.0726318359375
2024-09-04,399.59758459335677,404.8446830658677,398.0815251485243,402.54107666015625,15135800,402.54107666015625
2024-09-05,401.28089585134387,406.6756844883359,399.81407718881024,402.0389404296875,14195500,402.0389404296875
2024-09-06,402.6985610672717,404.26383081056673,394.5670056307313,395.4530334472656,19609500,395.4530334472656
2024-09-09,400.9068736495872,402.2949499033103,395.89603343829765,399.4105224609375,15295100,399.4105224609375
2024-09-10,401.8519446669211,409.8554868302287,401.3597203496137,407.7586364746094,19594300,407.7586364746094
2024-09-11,409.03843011648604,417.39638986900843,403.21048066101315,416.461181640625,19266900,416.461181640625
2024-09-12,416.7270008247058,420.7238603737511,413.22236565404535,420.359619140625,17395700,420.359619140625
2024-09-13,419.2078129966604,425.1145057080557,418.8435717530032,423.893798828125,15874600,423.893798828125
2024-09-16,423.9036586161946,426.78808638530086,421.5606656690322,424.63214111328125,13834700,424.63214111328125
2024-09-17,433.38382833136643,434.9786302945307,425.5475956574911,428.3828125,18874200,428.3828125
2024-09-18,428.2351941115192,429.2491750935579,423.71657808226,424.1103515625,18898000,424.1103515625
2024-09-19,434.36830593406904,434.63409626466625,430.1056262859268,431.8677978515625,21706600,431.8677978515625
2024-09-20,430.4206942067389,432.4092699149114,427.46734788448686,428.5010070800781,55167100,428.5010070800781
2024-09-23,427.52638627626743,429.67247726227924,423.6968964015023,426.76837158203125,15128900,426.76837158203125
2024-09-24,426.26624401276456,426.6108070315339,419.4735546779715,422.4958190917969,17015800,422.4958190917969
2024-09-25,423.14559476109406,426.3844395741606,421.90520976014716,425.39013671875,13396400,425.39013671875
2024-09-26,428.32378449228514,428.5305103087993,422.45647860828996,424.6025695800781,14492000,424.6025695800781
2024-09-27,424.8093096047705,425.1341945131492,420.82230422369577,421.3637390136719,14896100,421.3637390136719
2024-09-30,421.55078212730024,423.7264354508624,418.75495134014767,423.6082763671875,16807300,423.6082763671875
2024-10-01,421.78703621784,421.81656847562806,412.2969368087723,414.147705078125,19092900,414.147705078125
2024-10-02,416.0082934736332,416.2445815766932,410.22958475813624,410.64306640625,16582300,410.64306640625
2024-10-03,411.1353318978847,413.0254566537122,407.84727671300476,410.0622863769531,13686400,410.0622863769531
2024-10-04,411.73584330216534,413.22237055628017,408.51670664481577,409.5897521972656,19169700,409.5897521972656
2024-10-07,409.5306419831522,410.6233655735784,402.6395013728588,403.1711120605469,20919800,403.1711120605469
2024-10-08,404.50993429186275,409.19591936395466,401.82240877121177,408.26068115234375,19229300,408.26068115234375
2024-10-09,409.3928325735408,413.8425600403991,407.857094965171,410.96795654296875,14974300,410.96795654296875
2024-10-10,408.77263914925425,410.859665558973,406.7249690560659,409.3731384277344,13848400,409.3731384277344
2024-10-11,409.6684790592566,410.6430736171545,406.8234080163179,409.8456726074219,14144900,409.8456726074219
2024-10-14,411.27310627026066,417.4456186019399,411.02699410502277,412.621826171875,16653100,412.621826171875
2024-10-15,415.6145639475164,415.9099165968068,408.8021954562943,412.2280578613281,18900200,412.2280578613281
2024-10-16,408.71356498849764,409.8850312589263,404.09649835161355,409.6487731933594,15508900,409.6487731933594
2024-10-17,415.7917465890575,415.9295838303706,409.127039576057,410.2394714355469,14820000,410.2394714355469
2024-10-18,410.6529166681237,413.1238623045801,409.7865970653071,411.65704345703125,17145300,411.65704345703125
2024-10-21,409.6487277415062,412.4445580314681,407.315589473935,412.2673645019531,14206100,412.2673645019531
2024-10-22,411.9819473916582,423.88392916296095,411.53896348036403,420.8616943359375,25482200,420.8616943359375
2024-10-23,424.15957703194096,424.3761569602065,415.95913210482394,417.9969482421875,19654400,417.9969482421875
2024-10-24,418.71552307399537,419.3554387186423,415.8310957950025,418.1248779296875,13581600,418.1248779296875
2024-10-25,420.1233311665373,425.7937351729216,419.9362835126177,421.49169921875,16899100,421.49169921875
2024-10-28,424.9470943239702,425.2227387354677,419.6704341057476,419.9559326171875,14882400,419.9559326171875
2024-10-29,421.3440208086144,426.43363353122214,419.17822176857095,425.23260498046875,17644100,425.23260498046875
2024-10-30,430.6372355196224,431.68074872313076,425.3802831426112,425.8035888671875,29749100,425.8035888671875
2024-10-31,408.90056227484143,409.6881391925744,399.981460227055,400.03070068359375,53971000,400.03070068359375
2024-11-01,402.64935394725995,409.0384161036912,401.162826864631,403.9881896972656,24230400,403.9881896972656
2024-11-04,403.42703719981586,404.0374205874987,399.26283871579096,402.1078796386719,19672300,402.1078796386719
2024-11-05,402.0193362267301,408.44778544240023,401.7338376736444,405.061279296875,17626000,405.061279296875
2024-11-06,406.0063886343775,413.91151132234825,404.1359118739042,413.64569091796875,26681800,413.64569091796875
2024-11-07,414.7285695615749,420.21195632741785,413.3503473156427,418.81402587890625,19901800,418.81402587890625
2024-11-08,418.7057298172818,419.8673720771894,415.2207729945687,415.9689636230469,16891400,415.9689636230469
2024-11-11,415.9492425000552,418.2036383732599,409.530647967578,411.5093994140625,24503300,411.5093994140625
2024-11-12,411.7456911405818,417.8394313280264,410.7120319666306,416.45135498046875,19401200,416.45135498046875
2024-11-13,415.0829808583345,422.6533640239858,411.7062988498683,418.5876159667969,21502200,418.5876159667969
2024-11-14,418.39068982634956,421.51140536702854,413.4684464166278,420.2513122558594,30246900,420.2513122558594
2024-11-15,413.2912534776132,416.2248913266483,407.2073678244848,408.54620361328125,28247600,408.54620361328125
2024-11-18,408.4182293083614,411.8933320342017,405.6913172118432,409.2944030761719,24727000,409.2944030761719
2024-11-19,406.68554340151616,411.440446924727,405.14980600150676,411.29278564453125,18133500,411.29278564453125
2024-11-20,410.3871084118776,410.8005900683197,404.19491792354364,409.028564453125,19191700,409.028564453125
2024-11-21,413.80287334750346,414.07906953202513,404.717960528392,407.2629089355469,20780200,407.2629089355469
2024-11-22,405.7832472742104,411.73135363774225,405.4774597411712,411.3367919921875,24814600,411.3367919921875
2024-11-25,412.69810354496985,415.36141754143,409.2160446876401,413.1025390625,27691100,413.1025390625
2024-11-26,413.8916059444426,423.21327891734404,413.16166540924917,422.1775207519531,23458900,422.1775207519531
2024-11-27,419.33662612341953,421.427859986681,416.2885945934304,417.24542236328125,18332400,417.24542236328125
2024-11-29,414.384787411828,419.1097432305611,412.1258792913512,417.7090148925781,16271900,417.7090148925781
2024-12-02,415.84474493949193,427.1195090506518,415.58826631722377,425.126953125,20207200,425.126953125
2024-12-03,424.00241788094525,426.5967051479557,421.93093157664276,425.3439636230469,18302000,425.3439636230469
2024-12-04,427.1490673141917,433.69890467425466,426.75450568960144,431.4794616699219,26009400,431.4794616699219
2024-12-05,431.9727342727058,438.62119043191433,430.2465005729482,436.60888671875,21697800,436.60888671875
2024-12-06,436.29321828806303,440.04162946603964,435.7704172944161,437.5459899902344,18821000,437.5459899902344
2024-12-09,436.5891705079944,442.2413336019405,434.51768404131514,439.96270751953125,19144400,439.96270751953125
2024-12-10,438.3548361326827,443.51378920495125,435.6027181772746,437.3092041015625,18469500,437.3092041015625
2024-12-11,438.0194510528632,444.23391032066826,438.0194510528632,442.8923645019531,19200200,442.8923645019531
2024-12-12,443.01071967285327,449.96499320791463,443.01071967285327,443.4546203613281,20834800,443.4546203613281
2024-12-13,442.34983294961415,445.2992167545738,439.5286583553318,441.1957092285156,20177800,441.1957092285156
2024-12-16,441.19569319284585,446.039014950384,439.23272866925197,445.45703125,23598800,445.45703125
2024-12-17,444.8849272856994,449.1068002031095,443.4644812477741,448.2880554199219,22733500,448.2880554199219
2024-12-18,445.1906702988088,446.50259444129426,431.08485926973066,431.4498596191406,24444500,431.4498596191406
2024-12-19,435.6224481744677,437.1612597390131,430.39443838506674,431.09478759765625,22963700,431.09478759765625
2024-12-20,427.22806088809443,437.71370316583733,422.80892156271733,430.6706848144531,64263700,430.6706848144531
2024-12-23,430.80871372187636,431.70635881030796,426.9518110200716,429.3389587402344,19152500,429.3389587402344
2024-12-24,428.74709084992185,433.6298778354008,428.2933464556966,433.363525390625,7164500,433.363525390625
2024-12-26,433.1169230295789,434.9516783695283,430.7002140852734,432.16009521484375,8194200,432.16009521484375
2024-12-27,428.6978084898888,429.3093836032803,420.5598497453618,424.6830749511719,18117700,424.6830749511719
2024-12-30,420.2737923808389,421.7435474622816,416.17028459927946,419.06048583984375,13158700,419.06048583984375
2024-12-31,420.313230174155,420.9346790911402,414.94710727917607,415.77569580078125,13246500,415.77569580078125
2025-01-02,419.7509810335182,420.2836558558519,409.21603069875914,412.8953552246094,16896500,412.8953552246094
2025-01-03,415.3613950253171,418.27134378737713,413.8423310893823,417.6005859375,16662900,417.6005859375
2025-01-06,422.1874160873605,428.4215926337743,419.7016505493917,422.0394592285156,20573600,422.0394592285156
2025-01-07,423.1738758487943,424.8014616583564,415.085225621156,416.6339111328125,18139100,416.6339111328125
2025-01-08,417.70906128958796,421.171402275518,415.81515330470927,418.79412841796875,15054600,418.79412841796875
2025-01-10,418.86316848876044,418.94206877538755,409.3836648034606,413.26031494140625,20201100,413.26031494140625
2025-01-13,409.6007014640922,412.8164377086338,406.690782868284,411.52423095703125,17604800,411.52423095703125
2025-01-14,412.1357932076061,414.03957499111027,405.14208486737954,410.0248718261719,16935900,410.0248718261719
2025-01-15,413.43790279096226,422.3353935398116,412.5895665870108,420.5203857421875,19637800,420.5203857421875
2025-01-16,422.87788427352234,423.6571336957602,418.6264203199314,418.8138122558594,15300000,418.8138122558594
2025-01-17,428.1947089431654,428.57942688248704,422.3551241092644,423.20343017578125,26197500,423.20343017578125
2025-01-21,424.3575582513444,425.0480336398343,419.82002384260585,422.6806335449219,26085700,422.6806335449219
2025-01-22,431.6175824572203,441.1957044539868,430.0787709144918,440.1402587890625,27803800,440.1402587890625
2025-01-23,435.9973147591307,440.6828062638951,435.50410512705025,440.6433410644531,18389300,440.6433410644531
2025-01-24,439.1143639891968,440.5841189283991,435.40541825453283,438.029296875,15549500,438.029296875
2025-01-27,418.2516146753107,429.28964793288844,417.74853125025015,428.6583251953125,35647800,428.6583251953125
2025-01-28,428.6977608632086,442.2906153004339,425.5214900534852,441.12664794921875,23491700,441.12664794921875
2025-01-29,440.6235877197962,440.81100977301065,434.41900262341227,436.3227844238281,23581400,436.3227844238281
2025-01-30,413.0827588425547,417.1172097708342,407.54896156269734,409.3540954589844,54586300,409.3540954589844
2025-01-31,413.2899333042713,414.976701732093,409.27519987674,409.42315673828125,34161900,409.42315673828125
2025-02-03,406.0101743775102,409.7684293585694,403.11009933813943,405.33941650390625,25679100,405.33941650390625
2025-02-04,407.0853452090854,408.29865167160733,404.1753965052981,406.7696838378906,20532100,406.7696838378906
2025-02-05,406.74997908357795,408.2098602907994,404.8264495269334,407.6772155761719,16316700,407.6772155761719
2025-02-06,408.3775613386283,412.5205341470821,408.3775613386283,410.1728515625,16309800,410.1728515625
2025-02-07,410.8238533335017,412.96436600470287,402.5576561425311,404.18524169921875,22886800,404.18524169921875
2025-02-10,408.0914590052598,409.8176925215145,405.33937124502273,406.6217041015625,20817900,406.6217041015625
2025-02-11,404.07678288840276,406.88805357704496,403.741373863551,405.8523254394531,18140600,405.8523254394531
2025-02-12,401.6797299133385,405.17166210079324,398.87830316572246,403.4848937988281,19121700,403.4848937988281
2025-02-13,401.4726062482461,405.4182829681306,400.8412835235649,404.96453857421875,23891700,404.96453857421875
2025-02-14,402.25191655873215,403.35670130819824,400.3678521686821,402.8832092285156,22758500,402.8832092285156
2025-02-18,402.4590098668831,405.0237056562673,400.9793811541372,404.0767517089844,21423100,404.0767517089844
2025-02-19,402.34067225656025,409.8473079963777,402.11378500109834,409.1370849609375,24114200,409.1370849609375
2025-02-20,410.47144681938056,414.4447923675228,407.75335474991726,411.30169677734375,23508700,411.30169677734375
2025-02-21,412.49761092708707,413.19936436928833,403.15727713591093,403.4735412597656,27524800,403.4735412597656
2025-02-24,403.7700579395831,404.620064859675,394.68668732557927,399.3123779296875,26443700,399.3123779296875
2025-02-25,396.44608593506547,397.25657880262406,392.09714469383994,393.283203125,29387400,393.283203125
2025-02-26,393.3919661639477,398.91710270889797,389.6755831630129,395.0920104980469,19619000,395.0920104980469
2025-02-27,396.61410618114576,401.03224256641477,387.6197164134029,387.97552490234375,21127400,387.97552490234375
2025-02-28,388.104042520749,393.016377739764,382.0847072800103,392.3837890625,32845700,392.3837890625
2025-03-03,394.1925506012372,394.1925506012372,381.6794393165997,383.9823913574219,23007700,383.9823913574219
2025-03-04,378.9514422192701,388.0249203607145,376.5792952112664,384.1009826660156,29342900,384.1009826660156
2025-03-05,384.82253320835395,397.00948665687173,384.29868393839774,396.36700439453125,23433100,396.36700439453125
2025-03-06,389.70521049036057,397.4838909032578,388.12376908504734,392.2849426269531,23304600,392.2849426269531
2025-03-07,387.76795648683793,390.2191619837315,381.0666253730808,388.7464599609375,22034100,388.7464599609375
2025-03-10,381.3631114017718,381.9166113327009,372.8431337183802,375.7490234375,32840100,375.7490234375
2025-03-11,374.6024872406928,381.5212666884101,372.5367409966354,376.0356750488281,30380200,376.0356750488281
2025-03-12,378.5066728711865,380.7503233781215,374.55308456142495,378.82293701171875,24253600,378.82293701171875
2025-03-13,378.71423026442886,380.8491715851453,373.07049136146827,374.3751525878906,20473000,374.3751525878906
2025-03-14,375.3734493768336,385.7022111357248,375.10659301872727,384.05157470703125,19952800,384.05157470703125
2025-03-17,382.2131473268013,388.1533930243756,381.09625384575537,384.18994140625,22474300,384.18994140625
2025-03-18,382.57886557924786,382.87537263830677,376.67813379609476,379.0700378417969,19486900,379.0700378417969
2025-03-19,381.0567221702146,385.158563988563,379.54447585576617,383.3201599121094,19185500,383.3201599121094
2025-03-20,381.2642891356356,387.24410971121733,378.8328407062668,382.3515319824219,18470500,382.3515319824219
2025-03-21,378.77352451177876,387.194656647968,378.3583844724842,386.7202453613281,39675900,386.7202453613281
2025-03-24,390.81222312553433,390.81222312553433,385.28708673252123,388.5191345214844,21004500,388.5191345214844
2025-03-25,389.3493790004213,391.7610400507305,388.08423198363494,390.5749816894531,15775000,390.5749816894531
2025-03-26,390.4168262767483,390.7232269425197,384.061440622416,385.4451904296875,16108400,385.4451904296875
2025-03-27,385.60336562359333,387.6888690270636,382.9050306805178,386.0481262207031,13766800,386.0481262207031
2025-03-28,383.5771709738401,384.61500612887534,372.5565482590105,374.40484619140625,21632000,374.40484619140625
2025-03-31,368.2174556076631,372.6948931611048,362.97893300010196,371.0343933105469,35184700,371.0343933105469
2025-04-01,370.30297052308924,378.4078388750376,368.89946352111616,377.7554931640625,19689500,377.7554931640625
2025-04-02,373.5844861787052,380.61197570359644,372.25014394283687,377.70611572265625,16092600,377.70611572265625
2025-04-03,370.4413834397649,373.1001742376296,365.06450042697054,368.7808532714844,30198000,368.7808532714844
2025-04-04,359.9050576420754,370.24368334469244,355.3090169453245,355.6648254394531,49209900,355.6648254394531
2025-04-07,346.808801297969,366.6953473866903,340.78946619633433,353.7077941894531,50425000,353.7077941894531
2025-04-08,363.98715955184485,369.31460473132455,346.1861164728992,350.44610595703125,35868900,350.44610595703125
2025-04-09,349.43791334353114,388.66739600040677,349.00301621371585,385.95916748046875,50199700,385.95916748046875
2025-04-10,377.6269854135807,379.44563241847453,363.5324334212975,376.92523193359375,38024400,376.92523193359375
2025-04-11,376.2234920445777,385.52428234575257,374.4937970946495,383.94287109375,23839200,383.94287109375
2025-04-14,388.6575350248574,390.07093573374146,379.75206690221165,383.310302734375,19251200,383.310302734375
2025-04-15,384.0021677861047,387.3429548173336,379.702634359307,381.2544250488281,17199900,381.2544250488281
2025-04-16,376.25315416820064,377.18221973337427,363.730149078798,367.2982482910156,21967800,367.2982482910156
2025-04-17,369.4133653600013,369.97675886881603,362.6329766642394,363.51263427734375,21120200,363.51263427734375
2025-04-21,358.6102367890087,360.25097956592975,351.54320368031085,354.9531555175781,20807300,354.9531555175781
2025-04-22,359.1637542302739,363.5028019496421,355.68457702509073,362.5638427734375,19485000,362.5638427734375
2025-04-23,371.6966268435602,375.9764033603888,368.69189108581185,370.0460205078125,20545500,370.0460205078125
2025-04-24,371.34077108557176,383.9428330432701,370.8366789549492,382.80615234375,22232300,382.80615234375
2025-04-25,382.50964370251074,387.60977590482884,380.13749690604453,387.3033752441406,18973200,387.3033752441406
2025-04-28,387.41210451108003,388.18305301396595,382.1538550582223,386.62139892578125,16579400,386.62139892578125
2025-04-29,386.75975859738145,390.51568553400665,385.85045019118235,389.4679870605469,14974000,389.4679870605469
2025-04-30,385.77135703314644,392.05757796403765,379.979364791359,390.673828125,36461100,390.673828125
2025-05-01,426.10788113002934,431.9196612018972,419.96994327038766,420.4641418457031,58938100,420.4641418457031
2025-05-02,426.7305579775838,434.3412277785372,425.0008630376841,430.2294921875,30757400,430.2294921875
2025-05-05,427.84743296236513,434.40051033348516,427.0962415401901,431.1091613769531,20136100,431.1091613769531
2025-05-06,427.18524232094876,432.65107712392626,426.1671945058241,428.2823486328125,15104200,428.2823486328125
2025-05-07,428.80620435216304,433.0365428333408,426.1078693467033,428.3218994140625,23295300,428.3218994140625
2025-05-08,432.8487322038109,438.5221520354275,430.60508165893515,433.0859680175781,23491300,433.0859680175781
2025-05-09,434.89471877509555,435.6261229679929,430.8225275981773,433.63946533203125,15324200,433.63946533203125
2025-05-12,440.7657862582039,444.15598092637396,434.6772567640601,444.0472717285156,22821900,444.0472717285156
2025-05-13,442.5844751269483,445.4409573721911,440.19254074927665,443.9287109375,23618800,443.9287109375
2025-05-14,442.940276452347,448.6334230518337,442.940276452347,447.6845703125,19902800,447.6845703125
2025-05-15,446.3576953837484,451.7246558325709,446.0210270484144,448.6946105957031,21992300,448.6946105957031
2025-05-16,447.6251542704443,449.91254071320964,444.3376746324017,449.82342529296875,23849800,449.82342529296875
2025-05-19,446.46660651740484,455.0913410046994,446.3873726676465,454.3783874511719,21336500,454.3783874511719
2025-05-20,451.13050930908776,453.8535912700005,449.87295142774695,453.6852722167969,15441800,453.6852722167969
2025-05-21,450.12052955644793,453.2991005803846,447.38753565613104,448.1401062011719,19216900,448.1401062011719
2025-05-22,450.4967994491365,455.74490907390424,449.4570590917957,450.40765380859375,18025600,450.40765380859375
2025-05-23,445.5754438212613,449.2491205375805,444.51591011589574,445.7734680175781,16883500,445.7734680175781
2025-05-27,452.0118507212909,456.43809825868186,451.6553587930952,456.1806335449219,20974300,456.1806335449219
2025-05-28,456.7054113344306,457.9926743719098,452.45739496057166,452.8831787109375,17086300,452.8831787109375
2025-05-29,457.0321797296883,457.2005290082406,450.8532686393741,454.1902770996094,13974800,454.1902770996094
2025-05-30,455.2200705832806,457.16087682654637,451.08099341488645,455.8537902832031,34770500,455.8537902832031
2025-06-02,452.6653804963421,457.5867035205711,452.41782757710985,457.4480895996094,16626500,457.4480895996094
2025-06-03,456.95294554827,459.59682380087423,456.3489007620485,458.4382629394531,15743800,458.4382629394531
2025-06-04,459.4582306475514,461.1316908447896,458.4878122988585,459.3294982910156,14162700,459.3294982910156
2025-06-05,460.40879598021155,465.05289099241804,459.487906406924,463.1021728515625,20131700,463.1021728515625
2025-06-06,465.4886174973397,468.7068055435685,464.1914425792919,465.7757873535156,15285600,465.7757873535156
2025-06-09,465.1024554626714,468.7959258262165,464.03300988597726,468.1225891113281,16469900,468.1225891113281
2025-06-10,466.57783210788693,468.172058367284,462.38922592870773,466.31048583984375,15375900,466.31048583984375
2025-06-11,465.4192790589967,470.81594475736864,465.0628173622344,467.99383544921875,16399200,467.99383544921875
2025-06-12,470.3702965389571,475.7174632765806,468.88497916047487,474.1826171875,18950600,474.1826171875
2025-06-13,471.74673205457395,474.48960742449077,468.13246560456287,470.3109130859375,16814500,470.3109130859375
2025-06-16,470.5584575569121,475.98482813726486,470.3505215770748,474.45001220703125,15626100,474.45001220703125
2025-06-17,470.7466055851971,474.0539088222925,469.4395189734987,473.36077880859375,15414100,473.36077880859375
2025-06-18,473.3211507460615,476.29178558337986,469.81579317674493,475.5392150878906,17526500,475.5392150878906
2025-06-20,477.50979012623617,478.72773115460745,472.2022397987241,472.72705078125,37576200,472.72705078125
2025-06-23,473.52910172023695,482.97572926336846,467.8849134818946,481.24285888671875,24864000,481.24285888671875
2025-06-24,484.1640031375646,487.0356109071577,482.0350238939456,485.3126220703125,22305600,485.3126220703125
2025-06-25,487.223778215148,489.71910084538035,484.5997232276066,487.4515075683594,17495100,487.4515075683594
2025-06-26,488.15453290095326,493.1650012559548,487.9861836300842,492.5807800292969,21578900,492.5807800292969
2025-06-27,492.6797975508017,494.4126679494895,488.2040517426954,491.0855712890625,34539200,491.0855712890625
2025-06-30,492.17479474651304,495.8583832017286,490.4815111095117,492.5411682128906,28369000,492.5411682128906
2025-07-01,491.61036068604886,493.1748817381986,486.1741086010328,487.2336120605469,19945400,487.2336120605469
2025-07-02,485.1937811955959,488.66943364597034,483.9164299655294,486.28302001953125,16319600,486.28302001953125
2025-07-03,488.9764203666982,495.2345653483035,488.6100468852986,493.9571838378906,13984800,493.9571838378906
2025-07-07,492.51147619590915,493.86806132382594,490.38252718836065,492.84814453125,13981600,492.84814453125
2025-07-08,492.37280697303856,493.3234318678901,489.2734398258723,491.7588806152344,11846600,491.7588806152344
2025-07-09,495.40288075164045,501.8194631786975,494.8483646402868,498.58148193359375,18659500,498.58148193359375
2025-07-10,498.12592881176073,499.50233742843255,492.877819466512,496.5713195800781,16492100,496.5713195800781
2025-07-11,493.5907782355643,500.0865639242522,492.9273231662245,498.393310546875,16459500,498.393310546875
2025-07-14,496.61090454240406,499.03693501960714,496.1257105345073,498.0962219238281,12058800,498.0962219238281
2025-07-15,498.09622485625505,503.3245408608939,497.8684955298327,500.86883544921875,14927200,500.86883544921875
2025-07-16,500.23514183467364,501.760076321519,496.97736708309617,500.67083740234375,15154400,500.67083740234375
2025-07-17,500.7302212088446,508.34495123446135,500.67081092720053,506.6913146972656,17503100,506.6913146972656
2025-07-18,509.4440336050126,509.60250130270686,502.463054063605,505.0574035644531,21209700,505.0574035644531
2025-07-21,501.75013722027745,507.0775109565722,500.6014880788464,505.0673522949219,14066800,505.0673522949219
2025-07-22,505.968437121084,506.19619667447284,500.32421875,500.32421875,13868600,500.32421875
2025-07-23,501.78972599996087,501.8293429250601,495.79895793496456,500.9183349609375,16396600,500.9183349609375
2025-07-24,503.79000158856684,508.6420329312165,502.33438916388565,505.8793640136719,16107000,505.8793640136719
2025-07-25,507.4537883180946,513.216827976129,505.364456023215,508.68170166015625,19125700,508.68170166015625
2025-07-28,509.0480107678364,509.9589885432546,505.12675096242896,507.48345947265625,14308000,507.48345947265625
2025-07-29,510.4838436674275,512.5533521818816,506.5526719682665,507.55279541015625,16469200,507.55279541015625
2025-07-30,510.12728763864055,510.8996816885534,504.4533945708925,508.2161865234375,26380400,508.2161865234375
2025-07-31,549.7952354974353,550.0131135040644,526.6936395202101,528.2779541015625,51617300,528.2779541015625
2025-08-01,529.7632164041114,530.5553736121248,515.7616096000787,518.9797973632812,28977600,518.9797973632812
2025-08-04,523.0990575737549,532.9813491761439,522.9604134562841,530.3969116210938,25349000,530.3969116210938
2025-08-05,531.9218555369729,532.0406760929504,522.0791498987046,522.5841674804688,19171600,522.5841674804688
2025-08-06,525.70337986457,526.4955370830186,518.9006307843745,519.8016967773438,21355700,519.8016967773438
2025-08-07,521.6434435727333,522.9208551796034,512.483986539974,515.7418212890625,16079100,515.7418212890625
2025-08-08,517.4845698020915,519.524403327164,514.3257923084495,516.9300537109375,15531000,516.9300537109375
2025-08-11,517.1875615378566,522.4258201385037,514.6327984158801,516.6627807617188,20194400,516.6627807617188
2025-08-12,518.6233183732385,525.7825288027884,517.5836082950698,524.0595703125,18667000,524.0595703125
2025-08-13,526.9014833945702,527.4857348349631,514.2861971986356,515.484375,19619200,515.484375
2025-08-14,517.445017549053,520.8018496782777,515.0487221853349,517.3657836914062,20269100,517.3657836914062
2025-08-15,517.6530169939211,520.9503786133035,513.9991332111027,515.0784301757812,25213300,515.0784301757812
2025-08-18,516.4844919382945,517.7024328589179,508.9885829187347,512.0383911132812,23760600,512.0383911132812
2025-08-19,509.9589996924715,510.11740696385556,503.5721224631474,504.7801818847656,21481000,504.7801818847656
2025-08-20,504.87920872605446,505.9981527246316,499.5023667236012,500.76983642578125,27723000,500.76983642578125
2025-08-21,499.57962247206007,503.48747238505433,498.6175369804135,500.1251220703125,18443300,500.1251220703125
2025-08-22,500.13506667774504,506.5621975190336,498.3100856343386,503.09075927734375,24324200,503.09075927734375
2025-08-25,502.4956437530773,504.04291093011733,500.00611695670057,500.1449890136719,21638600,500.1449890136719
2025-08-26,500.24412923099453,500.8590951140394,494.44189267773186,497.9430847167969,30835700,497.9430847167969
2025-08-27,497.90339657266526,503.1502356611414,495.82052770460996,502.6047058105469,17277900,502.6047058105469
2025-08-28,502.9518399416591,506.919197559233,501.3748189208979,505.4810485839844,18015600,505.4810485839844
2025-08-29,504.5090702372647,505.44140176386463,500.3730863144936,502.5551452636719,20961600,502.5551452636719
2025-09-02,496.38587753866574,501.87074834041937,492.75574161607386,500.9979248046875,18128000,500.9979248046875
2025-09-03,499.6788070917271,503.64616490840893,498.220801883355,501.22607421875,16345100,501.22607421875
2025-09-04,500.18467308127,504.00326140342247,499.04406365219614,503.8247375488281,15509500,503.8247375488281
2025-09-05,504.9157608525771,507.7920894589463,488.3520284612672,490.9605712890625,31994800,490.9605712890625
2025-09-08,494.0451377441344,497.1099483047291,490.990285532587,494.1344299316406,16771000,494.1344299316406
2025-09-09,497.33805669614713,498.15137232357364,493.63851485593227,494.34271240234375,14410500,494.34271240234375
2025-09-10,498.8754600894228,499.1234199731124,492.6665349159027,496.2867431640625,21611800,496.2867431640625
2025-09-11,498.15138006137016,499.0638857033828,493.8170463660224,496.9215087890625,18881600,496.9215087890625
2025-09-12,502.5154742767582,508.367321245748,499.73833579713096,505.73895263671875,23624900,505.73895263671875
2025-09-15,504.6379958107742,511.26344571936806,502.8625947427051,511.15435791015625,17143800,511.15435791015625
2025-09-16,512.6619733694059,513.0090929577493,504.449544036503,504.8859558105469,19711900,504.8859558105469
2025-09-17,506.4530503919847,507.1175961354426,501.80132099339164,505.8579406738281,15816600,505.8579406738281
2025-09-18,507.31595138937655,508.883074673213,503.5172196080818,504.30078125,18913700,504.30078125
2025-09-19,506.39351766303514,515.0621842649809,506.1455578149837,513.703369140625,52474100,513.703369140625
2025-09-22,511.3825425873763,513.5149611406991,508.35738375283694,510.2518310546875,20009300,510.2518310546875
2025-09-23,509.60711582016205,510.3907077578639,503.17008724169204,505.0744323730469,19799600,505.0744323730469
2025-09-24,506.215041937542,508.29788064425674,502.7832857896144,505.9869079589844,13533700,505.9869079589844
2025-09-25,504.15198973027213,505.84805701475193,500.9186136455738,502.8923645019531,15786500,502.8923645019531
2025-09-26,505.8976246789574,509.74596656687834,502.4856945681329,507.28619384765625,16213100,507.28619384765625
2025-09-29,507.325895548039,512.6322125671903,504.72728094557834,510.40057373046875,17617800,510.40057373046875
2025-09-30,509.05168089535164,513.9315141469417,505.5009089039439,513.7232666015625,19728200,513.7232666015625
2025-10-01,510.5989672146665,516.262392605391,507.5143608700387,515.4689331054688,22632300,515.4689331054688
2025-10-02,513.4158303625842,517.343476169315,506.5126054199375,511.53131103515625,21222900,511.53131103515625
2025-10-03,512.8801529316524,516.2425031799986,510.7973143114264,513.1281127929688,15112300,513.1281127929688
2025-10-06,514.377848960065,526.6965386672223,513.9712214168786,524.256591796875,21388600,524.256591796875
2025-10-07,523.9788048028778,525.4764919541412,517.1847292577561,519.7039794921875,14615200,519.7039794921875
2025-10-08,519.0098207695767,522.6498549115006,518.8213688365025,520.5669555664062,13363400,520.5669555664062
2025-10-09,518.07745494396,520.0512058016051,513.1777655449532,518.136962890625,18343600,518.136962890625
2025-10-10,515.3994727403434,519.3073226434543,505.47115003636685,506.790283203125,24133800,506.790283203125
2025-10-13,512.1957680051081,512.1957680051081,507.50438692257717,509.85504150390625,14284200,509.85504150390625
2025-10-14,506.06622732552523,511.07503445038043,501.87073577210117,509.37896728515625,14684300,509.37896728515625
2025-10-15,510.75765569343554,512.9694382549203,505.838110317394,509.2401123046875,14694700,509.2401123046875
2025-10-16,508.3970827878481,512.6321960787722,503.9833851231019,507.4349670410156,15559600,507.4349670410156
2025-10-17,504.88601698312937,511.2734358883721,503.17012365144205,509.38897705078125,19867800,509.38897705078125
2025-10-20,510.4104293345006,514.4670788802013,509.2400661752128,512.5726318359375,14665600,512.5726318359375
2025-10-21,513.2769402267872,514.4572316509175,508.8533142722573,513.4356079101562,15586200,513.4356079101562
2025-10-22,516.8971823641815,520.943843958813,513.4852520447155,516.2921142578125,18962700,516.2921142578125
2025-10-23,518.1964086283891,519.6742395740552,514.3777908083965,516.3118896484375,14023500,516.3118896484375
2025-10-24,518.5237814648117,521.0628883153897,516.4607987679614,519.3370971679688,15532400,519.3370971679688
2025-10-27,527.4404441110845,530.2175826339089,524.6930292943027,527.1825561523438,18734700,527.1825561523438
2025-10-28,545.511702993095,549.2013167264516,536.3570441492753,537.6464233398438,29986700,537.6464233398438
2025-10-29,540.4929653309738,541.8121286840217,532.3499420595073,537.130615234375,36023000,537.130615234375
2025-10-30,526.1509968235328,530.6043464776645,517.8592331602406,521.4695434570312,41023100,521.4695434570312
2025-10-31,524.5640822050067,525.0004940086545,510.89650476941233,513.5844116210938,34006400,513.5844116210938
2025-11-03,515.5680732671589,520.6760707602963,510.3907002836433,512.810791015625,22374700,512.810791015625
2025-11-04,507.5838081580189,511.342858187808,503.6957838776707,510.1328430175781,20958700,510.1328430175781
2025-11-05,509.11117977922714,510.6287232020861,502.4460174356622,503.02130126953125,23024300,503.02130126953125
2025-11-06,501.5335702984596,501.5732523540539,491.7639450704796,493.0434265136719,27406500,493.0434265136719
2025-11-07,492.89466053302914,495.304823297102,489.22484220934433,492.7657165527344,24019800,492.7657165527344
2025-11-10,495.95940345274505,502.7138276367279,494.72950196106785,501.8707580566406,26101500,501.8707580566406
2025-11-11,500.68055811559174,505.4414057875519,498.2505695472254,504.5289001464844,17980000,504.5289001464844
2025-11-12,505.2033686484966,507.4945458106546,495.0469415436793,506.9688720703125,26574900,506.9688720703125
2025-11-13,506.1455939798088,509.3095642884979,497.1992129195551,499.1828918457031,25273100,499.1828918457031
2025-11-14,494.16416907736203,507.42505738590404,493.38060745410195,506.0166320800781,28505700,506.0166320800781
2025-11-17,504.3007594029326,507.9407930820625,500.78963942134817,503.34857177734375,19092800,503.34857177734375
2025-11-18,491.3275301094218,498.87544447228873,482.8076324047851,489.76043701171875,33815100,489.76043701171875
2025-11-19,486.1005289347495,491.14898819063853,478.88983663624714,483.14483642578125,23245300,483.14483642578125
2025-11-20,489.60385435710714,490.45844852333465,472.50235794747454,475.41387939453125,26802500,475.41387939453125
2025-11-21,475.4834301610789,475.9007957312625,465.3179114267742,469.1436462402344,31769200,469.1436462402344
2025-11-24,472.0055061050608,473.89352206444323,465.0694984877541,471.0118103027344,34421000,471.0118103027344
2025-11-25,471.08139630740516,476.12935785467323,461.95927573241335,473.98297119140625,28019800,473.98297119140625
2025-11-26,483.244222260298,485.23161394332453,478.1664510662567,482.4393310546875,25709100,482.4393310546875
2025-11-28,484.5260924315005,489.5243812398697,483.5820692635899,488.9082946777344,14386700,488.9082946777344
2025-12-01,485.3607732415945,486.7718042788117,481.59465771305275,483.6714782714844,23964000,483.6714782714844
2025-12-02,483.6516286444489,490.38888506208144,483.2541563831954,486.91094970703125,19562700,486.91094970703125
2025-12-03,473.3171775583083,481.18723109312356,472.2042431453193,474.7182922363281,34615100,474.7182922363281
2025-12-04,476.7355376297969,478.28570075231454,473.48613274494215,477.8087158203125,22318200,477.8087158203125
2025-12-05,479.4780948278929,480.35255199911325,475.86105782216015,480.11407470703125,22608700,480.11407470703125
2025-12-08,481.8331697469475,489.19642891935564,481.3263751862239,487.92449951171875,21965900,487.92449951171875
2025-12-09,486.01663804004494,489.0175885389743,485.4204144751398,488.918212890625,14696100,488.918212890625
2025-12-10,480.97857754952304,481.19719183884354,472.084987996716,475.5430603027344,35756200,475.5430603027344
2025-12-11,473.6252734590456,482.96600869209163,472.86010822118624,480.4221496582031,24669200,480.4221496582031
2025-12-12,476.79515128743174,479.4085762318817,473.3370788032073,475.5132751464844,21248100,475.5132751464844
2025-12-15,477.0733729131614,477.6894594742654,469.5411415575728,471.82666015625,23727700,471.82666015625
2025-12-16,468.9350114671635,474.87732355778707,467.911505956298,473.38677978515625,20705600,473.38677978515625
2025-12-17,473.903466892556,476.9739832708393,472.0055042784347,473.1184387207031,24527200,473.1184387207031
2025-12-18,475.1754171439269,486.51349034093164,474.87732052138307,480.9289245605469,28573500,480.9289245605469
2025-12-19,484.2875835443981,484.7745151206103,479.44828972039977,482.856689453125,70836100,482.856689453125
2025-12-22,483.05539282771,485.6489546100234,479.6470235443271,481.86297607421875,16963000,481.86297607421875
2025-12-23,481.922585996358,484.75459468390824,481.6840783901604,483.7807922363281,14683600,483.7807922363281
2025-12-24,482.61817584356095,486.0762481946253,481.77352833631136,484.94342041015625,5855900,484.94342041015625
2025-12-26,483.64171061957336,485.04282544173617,482.8964387136479,484.6354064941406,8842200,484.6354064941406
2025-12-29,481.80333660098637,485.27135560420123,481.1276307272214,484.02923583984375,10893400,484.02923583984375
2025-12-30,482.8666136001516,486.5929730105466,482.43933166580535,484.4068603515625,13944500,484.4068603515625
2025-12-31,484.7645645601486,485.06269150087525,480.25317705215497,480.5711669921875,15601600,480.5711669921875
2026-01-02,481.3363251826272,481.6046121327098,467.1960229709088,469.95849609375,25571600,469.95849609375
2026-01-05,471.071443053882,473.0687813775576,466.5401924921144,469.86907958984375,25250300,469.86907958984375
2026-01-06,470.81304872472026,475.7219083069673,466.78859294331005,475.4933776855469,23037700,475.4933776855469
2026-01-07,476.73554642416184,486.61288592496,474.9369593023546,480.4221496582031,25564200,480.4221496582031
2026-01-08,478.20618966596595,479.6172511411785,472.86010104573086,475.0959167480469,18162600,475.0959167480469
2026-01-09,471.07145138115897,476.7951491709672,469.2231916595613,476.258544921875,18491000,476.258544921875
2026-01-12,473.6649886945649,477.95773148860775,472.68120923483104,474.1717529296875,23519900,474.1717529296875
2026-01-13,471.68751939768345,472.7805908527595,463.01257439213845,467.70281982421875,28545800,467.70281982421875
2026-01-14,463.51936213123724,465.24841354789686,454.2879494306214,456.4840087890625,28184300,456.4840087890625
2026-01-15,461.1940901109254,461.32327541703046,453.02590941718984,453.7811279296875,23225800,453.7811279296875
2026-01-16,454.9437362325269,460.26996150673693,453.60227115836847,456.9609375,34246700,456.9609375
2026-01-20,448.37541805572727,453.92022725149957,446.44764578645413,451.65460205078125,26130000,451.65460205078125
2026-01-21,449.74670883889326,449.8361378186282,435.9144504613163,441.3102111816406,37980500,441.3102111816406
2026-01-22,444.7981306791853,449.98522421932967,441.8965557848095,448.29595947265625,25349400,448.29595947265625
2026-01-23,449.02131930234236,468.1301005814363,447.6897705604439,463.0125732421875,38000200,463.0125732421875
2026-01-26,462.3766075757791,471.2602507862521,459.0874767807031,467.3152770996094,29291200,467.3152770996094
2026-01-27,470.7137217228436,479.82589540353166,470.17711748937944,477.5503234863281,29213900,477.5503234863281
2026-01-28,480.16374552458444,480.69040309270366,474.9865988275796,478.5937194824219,36875400,478.5937194824219
2026-01-29,437.2162272399066,439.7104135269112,418.36581575660404,430.76715087890625,128855300,430.76715087890625
2026-01-30,436.4014165119217,436.8286984461687,423.7616041817895,427.577392578125,58566800,427.577392578125
2026-02-02,427.5276741085398,428.02452201181774,419.58805431821895,420.70098876953125,42219900,420.70098876953125
2026-02-03,419.3496095186449,419.3893355198486,405.98438775489564,408.61767578125,61424100,408.61767578125
2026-02-04,408.4089957411405,417.15350712085007,406.6600813351222,411.5788879394531,45012400,411.5788879394531
2026-02-05,404.87144402823185,405.7260079125925,389.8467674620769,391.1882629394531,66289200,391.1882629394531
2026-02-06,396.65359346172795,399.2570717870675,390.44299427907015,398.6111755371094,53515300,398.6111755371094
2026-02-09,402.2977759502542,412.2744908996196,398.3428555009064,410.99261474609375,45480500,410.99261474609375
2026-02-10,416.9746165751398,421.009018998737,410.09825878894065,410.6646423339844,44857900,410.6646423339844
2026-02-11,413.5563153661985,413.8345489802859,398.4819668946231,401.8207702636719,42491000,401.8207702636719
2026-02-12,402.44684542456184,403.6392926521932,395.50092068537,399.3067626953125,40802400,399.3067626953125
2026-02-13,401.90028127287496,402.98340606348665,395.54060384789733,398.7900085449219,34091600,398.7900085449219
2026-02-17,396.7032617740463,397.9950542597942,392.04282577248057,394.3581237792969,32078800,394.3581237792969
2026-02-18,395.6201070500213,400.02217209191446,393.8215201082963,397.0808410644531,23223400,397.0808410644531
2026-02-19,399.07278661262325,402.7976819572589,395.0690225854118,396.8517761230469,28234000,396.8517761230469
2026-02-20,394.51123443489973,398.5050592846536,393.56508699389525,395.6267395019531,34015200,395.6267395019531
2026-02-23,393.405742102137,393.7642745182822,381.55377772275136,382.9182434082031,43238300,382.9182434082031
2026-02-24,382.5895619940176,387.78846403174964,380.1693467763097,387.429931640625,33884700,387.429931640625
2026-02-25,388.95376053046306,399.84960746436826,388.5852587696308,398.9831237792969,43625500,398.9831237792969
2026-02-26,403.0765245044552,405.8453028142193,397.1306190557743,400.0986022949219,34405900,400.0986022949219
2026-02-27,389.30236795593413,395.2183958601928,388.30640407164015,391.15484619140625,51367200,391.15484619140625
2026-03-02,391.2743390590049,399.57073485574693,389.0533591512552,396.9413757324219,35474900,396.9413757324219
2026-03-03,391.5532542396072,405.05852201627056,391.0851500003899,402.2996826171875,38199200,402.2996826171875
2026-03-04,399.6504140582061,409.3710312257941,398.69429724653685,403.5645751953125,35808000,403.5645751953125
2026-03-05,402.78771732924594,409.9486695143622,402.7677785996419,409.0224304199219,39001300,409.0224304199219
2026-03-06,407.54843921074234,411.38287590243635,406.8612216895844,407.30938720703125,31123900,407.30938720703125
2026-03-09,403.2857003455267,408.55432729115563,401.8714182880504,407.757568359375,30131900,407.757568359375
2026-03-10,408.37506928692744,408.5443965203919,401.30371964643086,404.122314453125,31706400,404.122314453125
2026-03-11,403.9330670994013,407.35918518479474,399.96912002302975,403.245849609375,25512100,403.245849609375
2026-03-12,402.9968458288957,404.4808221962511,400.0886180975,400.2380065917969,27263900,400.2380065917969
2026-03-13,399.3815063856616,403.16615688192843,392.65875035547907,393.9534912109375,26848000,393.9534912109375
2026-03-16,396.4633374914087,399.01300251860397,393.1965772756644,398.33575439453125,27733700,398.33575439453125
2026-03-17,398.6544574759768,402.7677932271478,396.1446394015159,397.7979431152344,26228300,397.7979431152344
2026-03-18,395.5271224277118,396.3936061005556,389.42185925959103,390.20867919921875,25908500,390.20867919921875
2026-03-19,388.52551763585893,390.90585551603124,385.4977789148814,387.4498596191406,25138800,387.4498596191406
2026-03-20,385.2288602760525,385.43800417098345,378.58576812261686,380.3287048339844,50853200,380.3287048339844
2026-03-23,382.3505545919761,385.64719283721575,380.1395134056624,381.4541931152344,29680100,381.4541931152344
2026-03-24,380.8167328036651,380.9263046350485,370.34917314154325,371.2355651855469,42733600,371.2355651855469
2026-03-25,375.39872248264555,375.5381416220395,368.13813722010167,369.5424499511719,31181200,369.5424499511719
2026-03-26,369.32332012922615,373.2075730440749,363.7160388213271,364.4928894042969,36836600,364.4928894042969
2026-03-27,360.43934753557875,360.9871459448897,355.07111764854045,355.3300476074219,37883400,355.3300476074219
2026-03-30,360.43933630538186,363.88536295562653,354.84202394218255,357.5111999511719,44797000,357.5111999511719
2026-03-31,363.07862179545566,371.3949263066763,361.6046146993887,368.67596435546875,45244400,368.67596435546875
2026-04-01,371.98254731341393,372.48052926345224,366.7139201659809,367.8791809082031,29417200,367.8791809082031
2026-04-02,365.7278929006101,372.1319638369453,362.680245817395,371.9526672363281,24099100,371.9526672363281
2026-04-06,371.9825539180967,372.22160592655575,368.0086676124431,371.3750305175781,16146600,371.3750305175781
2026-04-07,368.8452727581139,370.9467724245638,365.080530373921,370.78741455078125,21443300,370.78741455078125
2026-04-08,383.4261612830284,383.44606961738685,369.91092498913014,372.8191223144531,33064800,372.8191223144531
2026-04-09,370.9965328148009,371.9924966612836,365.5685176937085,371.5642395019531,30435300,371.5642395019531
2026-04-10,371.47460743717505,374.1238749235223,368.5365019241105,369.37310791015625,28111100,369.37310791015625
2026-04-13,372.10205289266787,382.98796126737693,369.5225100750242,382.8186340332031,35745800,382.8186340332031
2026-04-14,386.3543213772784,393.09698589720546,384.95994763093,391.5233459472656,37504500,391.5233459472656
2026-04-15,396.3936283702306,412.69755239260473,395.1287651714373,409.5602722167969,45063400,409.5602722167969
2026-04-16,418.16537187855886,419.12151906860663,410.4765600541581,418.56378173828125,41642400,418.56378173828125
2026-04-17,423.10539315661504,429.83808848207923,418.99205736838906,421.0835876464844,48568200,421.0835876464844
2026-04-20,419.4501847919345,421.6213787702164,414.6197538627068,416.38262939453125,27582200,416.38262939453125
2026-04-21,418.5438369146158,425.45582843737157,415.516128706763,422.4480285644531,32048500,422.4480285644531
2026-04-22,424.4698510786937,431.9495495900464,421.9600330275293,431.1726989746094,29378200,431.1726989746094
2026-04-23,418.19529609754903,421.9500690544079,409.7495112929088,414.0719909667969,38308000,414.0719909667969
2026-04-24,415.28707116170386,423.23487407473965,414.12178001797366,422.90618896484375,27457400,422.90618896484375
2026-04-27,420.6752229306716,425.38611256831246,415.3866572294081,423.1053771972656,30867300,423.1053771972656
2026-04-28,422.8563830057505,428.1847957314844,420.197146128082,427.5174865722656,30438100,427.5174865722656
2026-04-29,422.8663369761165,425.0973167681131,418.59367375245296,422.746826171875,38288300,422.746826171875
2026-04-30,409.15192465494977,412.74737011555624,396.4035989759817,406.1341552734375,70909400,406.1341552734375
2026-05-01,411.1338775963461,415.4264794885345,408.7834174283456,412.76727294921875,31372400,412.76727294921875
2026-05-04,409.87897009526375,419.0816663151199,409.14193618030583,411.9505615234375,28066500,411.9505615234375
2026-05-05,413.6437044066962,415.09780308537887,407.1500007946646,409.7196044921875,25700900,409.7196044921875
2026-05-06,406.3532485673598,416.73120520087787,403.4748984673602,412.2891845703125,30285900,412.2891845703125
2026-05-07,418.41437649189606,426.25263786097554,417.06984955189336,419.07171630859375,34942400,419.07171630859375
2026-05-08,415.70537649227293,416.9403619714099,412.32904436576047,413.44451904296875,33383800,413.44451904296875
2026-05-11,406.22377045102496,411.02432350049145,403.86334099070683,410.99444580078125,35657900,410.99444580078125
2026-05-12,412.8071154720842,413.8229876767416,404.9987623844293,406.1241760253906,38594200,406.1241760253906
2026-05-13,401.57265715241186,404.6700902960666,399.41140211310335,403.57452392578125,29667100,403.57452392578125
2026-05-14,402.8474630718804,410.17774231087935,399.2619871856725,407.7774658203125,27077500,407.7774658203125
2026-05-15,412.5979239362014,426.4418454559798,411.2434277199191,420.2170715332031,50771200,420.2170715332031
2026-05-18,414.93848271907115,423.40417602339767,413.9325494355234,421.83056640625,32564100,421.83056640625
2026-05-19,428.16486989475214,430.9535870211983,414.808990493047,415.7352600097656,33018700,415.7352600097656
2026-05-20,412.49835957243755,420.3963455784958,409.63991780241736,419.36053466796875,27864000,419.36053466796875
2026-05-21,423.9518891931334,425.5388979071037,414.92886694253497,418.3025207519531,31393500,418.3025207519531
2026-05-22,418.7517174636334,423.60257118762803,415.54772693408205,417.7835388183594,22390300,417.7835388183594
2026-05-26,415.6475333356961,418.9812539216563,412.24393696715845,415.248291015625,30398000,415.248291015625
2026-05-27,410.23773822181624,415.15846763645,408.8104019854481,411.8946228027344,28901500,411.8946228027344
2026-05-28,412.2040283766931,428.68298564682067,411.89461329838434,426.18768310546875,47250500,426.18768310546875
2026-05-29,431.7372486144539,449.48383969057267,431.54760317786213,449.3940124511719,79654400,449.3940124511719
2026-06-01,463.96658383705716,465.4438139523178,457.40892124774234,459.6546936035156,53628900,459.6546936035156
2026-06-02,446.0403151791343,452.64787129328397,439.6024225764256,440.48077392578125,37036800,440.48077392578125
2026-06-03,437.62618910935214,439.56254639446627,423.45285793258154,426.53704833984375,39037000,426.53704833984375
2026-06-04,434.9911260035114,435.33048350032107,425.60879436274143,427.2456970214844,26899500,427.2456970214844
2026-06-05,427.5351398188391,428.66302140752947,413.6213308264138,415.8870849609375,34782200,415.8870849609375
2026-06-08,413.3618539280056,416.37616844333525,407.79232157753756,410.9663391113281,32086700,410.9663391113281
2026-06-09,408.26144336727174,411.20591258759293,397.7312786929967,402.6520080566406,35317300,402.6520080566406
2026-06-10,397.80110870103243,404.2789346443135,396.41373636313654,396.61334228515625,32576000,396.61334228515625
2026-06-11,394.46741202742857,396.1043451719433,383.278483574852,389.6065673828125,47224100,389.6065673828125
2026-06-12,390.6945042817559,391.003919361718,381.55171206615995,390.00579833984375,34865800,390.00579833984375
2026-06-15,396.05442037645633,400.99513175706005,392.11186050588947,399.0088806152344,32266400,399.0088806152344
2026-06-16,395.0463355104342,396.094350419825,389.9559121071713,393.0899963378906,31506800,393.0899963378906
2026-06-17,389.51671695343225,389.6364865987809,376.6110198431126,378.1980285644531,41987800,378.1980285644531
2026-06-18,377.11008548581106,380.6534028700893,372.5786075934489,378.6871032714844,59714200,378.6871032714844
2026-06-22,375.0339909424311,380.9129385065033,366.3802985575179,366.6497802734375,45171100,366.6497802734375
2026-06-23,371.6802994138851,376.51120135394876,369.9735210485466,373.23736572265625,40647600,373.23736572265625
2026-06-24,370.87185096853153,378.16811350773463,364.09460041679364,364.7733154296875,44509900,364.7733154296875
2026-06-25,362.0883479855026,363.5456265920902,348.54386902384044,352.1670227050781,66179000,352.1670227050781
2026-06-26,356.4789138154501,375.90234020580533,354.762144454129,372.2691955566406,186201600,372.2691955566406
2026-06-29,376.790685328561,379.7850483907747,359.2237492715265,367.8774719238281,51229900,367.8774719238281
2026-06-30,370.3328407149792,373.44697342275583,366.7595808670141,372.319091796875,44945700,372.319091796875
2026-07-01,380.1144231011508,388.09939143880604,374.18561213385976,383.5579528808594,48065800,383.5579528808594
2026-07-02,383.7575696594082,391.4630649298244,382.97903650468743,389.7562561035156,42128900,389.7562561035156
2026-07-06,386.31276024010407,388.418780928489,380.5036887115837,386.0133056640625,34224500,386.0133056640625
2026-07-07,391.75251064257776,394.8267404517197,387.4905448392632,388.109375,29297500,388.109375
2026-07-08,383.3084264217563,384.58602015004215,380.6134873969759,382.6197204589844,25908300,382.6197204589844
2026-07-09,373.74643420118315,383.92725049460796,372.64849496928053,383.6377868652344,31083200,383.6377868652344
2026-07-10,387.07131223677504,391.1736053926777,380.783162110783,384.37640380859375,24644600,384.37640380859375
2026-07-13,387.02143811329415,392.91034623109437,383.4281962321871,390.2553405761719,28914900,390.2553405761719
2026-07-14,382.1007052927433,387.46061042423804,377.93852713765,384.20672607421875,27863900,384.20672607421875
2026-07-15,387.07132248997675,398.2103568181361,385.6739591427675,394.8866271972656,36253700,394.8866271972656
2026-07-16,397.56157784187184,405.2271399033625,391.31333055964967,400.3463439941406,37047400,400.3463439941406
2026-07-17,394.1180409920291,397.64143734197864,388.6583483977542,393.08001708984375,33049800,393.08001708984375
2026-07-20,390.67455694621333,402.4224305318551,388.91785418191677,401.53411865234375,27915800,401.53411865234375
2026-07-21,398.0606303262699,400.7156358198418,395.57531880381754,397.00262451171875,24126600,397.00262451171875
2026-07-22,398.8291961465565,400.246541441447,386.2329133568751,389.6065673828125,28142500,389.6065673828125
2026-07-23,389.23725659651495,391.04385321150613,376.68090752842744,380.8630065917969,30351800,380.8630065917969
2026-07-24,386.32274187573427,388.29903252889795,379.9347732203772,380.9828186035156,27659400,380.9828186035156
2026-07-27,389.3470355932277,393.45931979821836,387.2609663085435,388.368896484375,27856200,388.368896484375
2026-07-28,392.4212554523594,399.56780545733704,390.5647345556998,392.61090087890625,32367500,392.61090087890625
2026-07-29,392.6607942930367,400.4960502148319,388.00954678983055,389.8061828613281,47209000,389.8061828613281
2026-07-30,437.07720086969465,457.8281459885008,431.6274684759506,450.2524108886719,110160700,450.2524108886719
2026-07-31,449.1544591210436,465.962813447145,448.4857046349594,463.8468017578125,60846000,463.8468017578125
2026-08-03,475.2353605631651,490.7261876465455,474.10747895013026,486.73370361328125,66762100,486.73370361328125
2026-08-04,479.99640781848416,498.50158065157444,478.2696778930625,491.884033203125,50455500,491.884033203125
2026-08-05,495.42733843271316,497.3038108374591,484.7674131728324,486.5440673828125,33388900,486.5440673828125
2026-08-06,487.6319998350186,500.61756372489685,487.60205742358346,498.9207458496094,36441500,498.9207458496094
2026-08-07,498.2719734340298,504.23075699317457,497.79289485093346,499.0505065917969,28846200,499.0505065917969
2026-08-10,502.4940586092805,512.7647021753171,501.32624359045303,505.109130859375,31206100,505.109130859375
2026-08-11,503.3823542433026,504.38047525067043,498.61133704649393,502.86334228515625,23049800,502.86334228515625
2026-08-12,499.0505227551261,500.557695253814,490.59643643442394,491.5047302246094,29001500,491.5047302246094
2026-08-13,492.34314786956145,500.3979918654044,492.0836571155829,495.9463806152344,23039000,495.9463806152344
2026-08-14,495.42733437790497,499.07050046550256,492.991947114923,494.4691467285156,16217600,494.4691467285156
2026-08-17,489.21906226283284,491.73431632358415,477.51109147171053,479.44744873046875,29635800,479.44744873046875
2026-08-18,480.6352093836093,483.36006030134655,476.2534434403709,480.72503662109375,24087600,480.72503662109375
2026-08-19,479.16797047398614,488.3806080919379,478.4592826108848,483.3999938964844,19961900,483.3999938964844
2026-08-20,483.29998779296875,484.1600036621094,479.5,481.1499938964844,20020800,481.1499938964844
2026-08-21,479.8800048828125,486.3599853515625,478.5299987792969,483.239990234375,22510800,483.239990234375
2026-08-24,483.2099914550781,490.6099853515625,481.8599853515625,487.30999755859375,17230800,487.30999755859375
2026-08-25,485.44000244140625,492.44000244140625,484.29998779296875,491.7099914550781,19519000,491.7099914550781
2026-08-26,487.8500061035156,497.3999938964844,487.30999755859375,496.3699951171875,20758900,496.3699951171875
2026-08-27,494.8800048828125,506.4800109863281,490.0799865722656,505.05999755859375,28688800,505.05999755859375
2026-08-28,505.3299865722656,517.780029296875,504.8699951171875,513.530029296875,29207300,513.530029296875
2026-08-31,510.3800048828125,512.1900024414062,506.3900146484375,507.2900085449219,27208900,507.2900085449219
2026-09-01,497.5199890136719,505.9700012207031,496.7799987792969,501.0199890136719,21046900,501.0199890136719
2026-09-02,499.8500061035156,500.2699890136719,493.80999755859375,496.82000732421875,15336100,496.82000732421875
2026-09-03,501.6600036621094,515.6500244140625,500.79998779296875,510.1199951171875,24125900,510.1199951171875
2026-09-04,510.0,511.0,499.3599853515625,499.70001220703125,18101800,499.70001220703125
2026-09-08,493.010009765625,495.19000244140625,490.1499938964844,493.95001220703125,18882300,493.95001220703125
2026-09-09,493.07000732421875,494.3900146484375,489.79998779296875,491.6499938964844,12889600,491.6499938964844
2026-09-10,488.32000732421875,494.5199890136719,486.0,492.44000244140625,16038800,492.44000244140625
2026-09-11,495.6499938964844,498.9700012207031,492.5799865722656,495.6300048828125,14510500,495.6300048828125
2026-09-14,497.05999755859375,509.95001220703125,495.3399963378906,505.4100036621094,23091900,505.4100036621094
2026-09-15,500.05999755859375,505.8999938964844,495.5400085449219,497.1199951171875,17794600,497.1199951171875
2026-09-16,493.0299987792969,495.9700012207031,487.2300109863281,490.29998779296875,16670300,490.29998779296875
2026-09-17,497.79998779296875,501.4700012207031,493.1700134277344,497.75,17841600,497.75
2026-09-18,497.9700012207031,498.6499938964844,491.1000061035156,493.7799987792969,39622300,493.7799987792969
2026-09-21,494.95001220703125,501.8699951171875,491.3299865722656,501.6099853515625,27959900,501.6099853515625
2026-09-22,507.32000732421875,508.5,493.6499938964844,498.0,21652800,498.0
2026-09-23,500.760009765625,509.44000244140625,495.8800048828125,500.5899963378906,19445600,500.5899963378906
2026-09-24,495.07000732421875,498.8999938964844,491.2200012207031,497.92999267578125,16657600,497.92999267578125
2026-09-25,499.0400085449219,519.4000244140625,497.25,516.1699829101562,38193100,516.1699829101562
2026-09-28,505.4700012207031,513.3300170898438,502.2200012207031,509.2200012207031,19626900,509.2200012207031
2026-09-29,508.30999755859375,513.6400146484375,502.3999938964844,508.9599914550781,21326100,508.9599914550781
2026-09-30,510.79998779296875,516.3900146484375,510.3299865722656,515.719970703125,2284600,515.719970703125
