Date,Open,High,Low,Close,Volume,Adj_Close
2021-12-02,151.85855675362384,155.84312023997938,152.4177570181032,153.03203126276128,36097888,153.03203126276128
2021-12-03,149.4598986432162,150.5297730664751,149.2053855817812,150.0639607869266,18217185,150.0639607869266
2021-12-06,150.83074830719116,154.16757220297436,150.75194463406848,151.4484199057849,10672175,151.4484199057849
2021-12-07,152.81268193446806,153.53973755649668,151.24201033415073,152.96259244562393,8890408,152.96259244562393
2021-12-08,156.62842371926706,157.76455501655457,154.41506211563674,156.32904709356512,31061892,156.32904709356512
2021-12-09,157.28647340332492,158.71636641603638,152.5903220392104,156.0575553124958,24862036,156.0575553124958
2021-12-10,154.23986109230378,158.49546494089725,154.58441046161352,155.36202612765828,31328929,155.36202612765828
2021-12-13,153.03802118203814,156.2178852733026,149.5129199489377,152.449632475421,20280088,152.449632475421
2021-12-14,155.97232960375175,158.83509906521962,154.10113015586342,155.16615147269152,35756174,155.16615147269152
2021-12-15,155.47718121797834,156.8448473123644,152.75687469128587,155.87598260636156,43040464,155.87598260636156
2021-12-16,153.5474034406756,155.12403488566315,151.51921937405686,154.72082556434077,44734781,154.72082556434077
2021-12-17,154.07014286411896,156.19850652635222,154.3349985406288,154.79942543169574,13466191,154.79942543169574
2021-12-20,155.67977658190975,156.55512728976697,154.7135260784081,155.71607153016083,45927943,155.71607153016083
2021-12-21,152.63948706827426,154.30779306306965,151.193598567545,153.73680770634311,6971269,153.73680770634311
2021-12-22,152.98553240415924,153.06355380631717,149.5944747618632,152.53686962942973,32685349,152.53686962942973
2021-12-23,153.44689888793235,155.9282972755578,152.10630875323048,153.83667118101104,34486771,153.83667118101104
2021-12-24,149.00612467255348,151.22666805206902,146.26962577615075,148.78219388085515,8508228,148.78219388085515
2021-12-27,146.78898940322668,149.2412292323374,145.61687874925053,147.7889849298479,37598649,147.7889849298479
2021-12-28,150.13715760224585,150.29068189569236,148.19849424077833,149.43800286114273,14109787,149.43800286114273
2021-12-29,149.1169127319898,151.76069012945715,146.7618103316404,148.58150212036043,19827826,148.58150212036043
2021-12-30,142.72692989392584,145.7144397281979,139.81714722425167,142.83744143032723,39916451,142.83744143032723
2021-12-31,146.32651481984936,148.6440684787821,145.09992450359474,146.50962559189514,35775610,146.50962559189514
2022-01-03,145.7365472081426,148.66821373242905,144.7530174497895,146.57208252318355,29333391,146.57208252318355
2022-01-04,147.7491905809425,148.30121273115955,143.85737384070305,146.65972047166497,21756169,146.65972047166497
2022-01-05,149.47668812368457,151.8879843711608,146.06316776924604,149.16870026996529,7630625,149.16870026996529
2022-01-06,147.03429297376942,146.7830424457782,144.194567008654,146.16926852884689,33893392,146.16926852884689
2022-01-07,143.08115988224702,144.28803234658412,141.55289706861987,143.41445764361637,19613285,143.41445764361637
2022-01-10,148.90056065480715,148.71592839832556,147.12409706334674,148.02853467835484,40252156,148.02853467835484
2022-01-11,148.47346884973587,149.4027626004202,145.50129093889748,147.61763407157795,24545770,147.61763407157795
2022-01-12,147.77920424219468,149.4807204797552,146.1471738155491,147.22608359013572,24779996,147.22608359013572
2022-01-13,146.84078213334996,150.4813981063151,144.4051456314485,146.8542918315964,10544657,146.8542918315964
2022-01-14,143.22574680296665,144.6504005521935,141.07910305530606,144.09987545270107,12173704,144.09987545270107
2022-01-17,141.0528856740437,142.24007809606732,137.97970253960952,140.51764515167142,29201542,140.51764515167142
2022-01-18,138.21336098018452,140.22243239418617,135.55920864600523,138.62577554489462,40822979,138.62577554489462
2022-01-19,136.14784363672118,139.57784322117024,134.97907858382786,136.48282044118636,27894395,136.48282044118636
2022-01-20,136.37809725596213,137.99630559488352,135.67479854317068,136.46498354499434,49399198,136.46498354499434
2022-01-21,134.99973480029317,137.42815092320438,132.03424011950398,134.13077726937598,35913586,134.13077726937598
2022-01-24,136.2726867874245,137.51098281654424,136.3868397557591,136.81567793404145,21325889,136.81567793404145
2022-01-25,138.61145435074494,141.23568998657103,137.90291349867326,139.4363056312292,5812590,139.4363056312292
2022-01-26,137.9722566151331,140.3092755403027,135.33909267667636,138.69253578684985,5684404,138.69253578684985
2022-01-27,133.14994553237946,134.7476974351035,130.9557477876029,133.24030405438842,19039821,133.24030405438842
2022-01-28,136.75451806940717,137.56456389352437,135.53572884095124,136.14628614621404,34292325,136.14628614621404
2022-01-31,132.27466767965134,134.8169261950717,129.67377807574402,131.75060837519155,49992083,131.75060837519155
2022-02-01,129.83640531395258,130.63235544799295,127.99468543987038,129.5883845925381,49097892,129.5883845925381
2022-02-02,124.82041532977156,125.66981339460679,122.37926435246436,124.8957803444613,12685771,124.8957803444613
2022-02-03,124.19243704583324,124.6479698857055,122.35570982348838,123.89961625905948,44262428,123.89961625905948
2022-02-04,127.90504980898106,129.6420242076286,127.34155047454026,128.5455332390813,5654241,128.5455332390813
2022-02-07,131.442862492558,133.9110979722741,131.2914164497904,131.8460232896481,41483446,131.8460232896481
2022-02-08,129.048483404008,130.28770037487317,126.15350087207497,128.87953811703508,49080229,128.87953811703508
2022-02-09,130.80492206941636,131.4126376723198,127.31751750513509,130.19101733617075,26637908,130.19101733617075
2022-02-10,132.3687769406516,133.83561569289094,131.1893123447139,133.12256346184924,46171733,133.12256346184924
2022-02-11,130.26293969454116,130.34582551849783,126.93514784939306,129.5559433792392,21350350,129.5559433792392
2022-02-14,130.5039700121183,133.19564774337857,128.8193301006293,130.35295003541506,30059668,130.35295003541506
2022-02-15,130.69224007354813,132.77722340015603,128.60609036310206,131.34597395967802,23606135,131.34597395967802
2022-02-16,130.5843111312875,134.39275151717743,128.95008202418998,131.17388797717985,46988848,131.17388797717985
2022-02-17,134.69898344557728,135.34970452014397,130.9110525278895,133.66698265392495,11105959,133.66698265392495
2022-02-18,133.02599862213825,136.0686938512479,131.79829393898018,133.03206990168005,7167442,133.03206990168005
2022-02-21,131.66945262518848,134.84588722141152,129.4569871157765,131.60002658779248,34149455,131.60002658779248
2022-02-22,129.83639505979875,133.18227473386776,130.07059755251777,130.84019579980315,22096425,130.84019579980315
2022-02-23,130.07114708589975,132.25428488128776,128.5581826406954,129.75999426692192,39266639,129.75999426692192
2022-02-24,129.3802314775013,132.29818830800033,127.40620908003176,129.22577149905683,31243323,129.22577149905683
2022-02-25,125.32281689651875,126.79539720308335,124.83762357754934,126.13427872718735,34281072,126.13427872718735
2022-02-28,129.3433286635161,130.7077350686856,126.85963948065007,129.27107944902627,20879347,129.27107944902627
2022-03-01,128.7013332567907,130.1068101417422,125.54815563949036,128.74458044515382,45425518,128.74458044515382
2022-03-02,131.61691591149932,132.3693099033578,128.20275320894004,131.4699194679462,12293225,131.4699194679462
2022-03-03,134.9694871264969,135.59518955954732,133.15294141282988,134.71891907758587,49069106,134.71891907758587
2022-03-04,136.37118602216233,138.36330453714106,132.3170331472858,135.6091303468296,14816497,135.6091303468296
2022-03-07,137.39339357149825,137.36150278818408,135.13337634493956,136.89675537572361,34725437,136.89675537572361
2022-03-08,138.1542758359783,139.735315302162,136.32110996252862,138.16474404213665,39318413,138.16474404213665
2022-03-09,137.55107878801257,139.8950526740178,136.61479674272923,138.0863845489826,6583996,138.0863845489826
2022-03-10,137.9551583882793,138.5767236261687,135.3388808070512,137.32497747078312,12243582,137.32497747078312
2022-03-11,141.17993272497017,143.53822418410337,139.91725079472855,141.22902061491735,19018936,141.22902061491735
2022-03-14,145.7904185920448,146.34267767926528,142.58870695324396,145.93890960517197,16185788,145.93890960517197
2022-03-15,146.94624399920266,149.81689079709884,145.27810569902323,147.76261912091363,42110937,147.76261912091363
2022-03-16,153.40655211149468,154.95585571282894,151.53626914899826,152.61294689561927,22915522,152.61294689561927
2022-03-17,154.61689579433408,156.93320115589947,152.89906239282175,153.59896160090904,27629207,153.59896160090904
2022-03-18,157.8215547812135,162.22384293457148,157.25631605609126,158.51009214903985,37231210,158.51009214903985
2022-03-21,158.2884488111925,160.3822490981884,157.31742905935496,158.48880165477112,32550624,158.48880165477112
2022-03-22,157.9024640401826,157.75588348293974,154.2290079640245,157.1911533034856,11355276,157.1911533034856
2022-03-23,153.99607156843788,155.89704334216552,152.43073510888607,153.2697983462808,30404823,153.2697983462808
2022-03-24,152.64903076131915,156.32767690802933,149.97269654237252,153.14493179339556,14175333,153.14493179339556
2022-03-25,150.00624700355505,154.75285528304266,150.61101713527725,150.98643421534175,26263475,150.98643421534175
2022-03-28,153.0736047794558,157.21773833717205,151.53207590346776,153.7146786259637,7309124,153.7146786259637
2022-03-29,153.5516292890255,155.38717590961033,150.32320008847717,153.37246043152405,7407590,153.37246043152405
2022-03-30,147.1676038096666,151.85851724619903,145.70963630950743,148.17440587853955,28008270,148.17440587853955
2022-03-31,149.5777680156083,153.23452444009263,148.44598609193017,150.18258214995532,17378079,150.18258214995532
2022-04-01,151.47009291194206,155.02785486092657,148.33900274330293,151.6309092929197,23124260,151.6309092929197
2022-04-04,149.147433100762,149.73026480870377,148.55539381094695,149.32828308366527,21210149,149.32828308366527
2022-04-05,148.00199926167232,148.45219212847107,145.34995496032084,147.34754052354873,19057294,147.34754052354873
2022-04-06,150.44041114367565,152.7676561429052,149.9836194328958,150.86209341762483,16268018,150.86209341762483
2022-04-07,154.63314246658825,155.078670824887,149.91482168519386,153.6611375315704,36672772,153.6611375315704
2022-04-08,153.1874424179535,154.99659675890214,151.95352371429902,154.03974576776858,12039066,154.03974576776858
2022-04-11,152.01855262091783,151.46783628427926,147.3087503688451,151.0132219787606,46027216,151.0132219787606
2022-04-12,148.4710478576975,150.24791405097363,146.65184462775485,147.55643066435593,34599786,147.55643066435593
2022-04-13,147.09605588435304,147.5263422887126,144.55105347221627,146.06669294435912,23665609,146.06669294435912
2022-04-14,147.36290555617583,148.31463959978376,144.8186630618281,146.25539721188278,11462926,146.25539721188278
2022-04-15,148.8754139412428,151.06162312268927,147.86925999771742,148.4280702284904,46594308,148.4280702284904
2022-04-18,145.9120007597762,146.46515687642014,143.91857023075028,145.4153938210312,46211175,145.4153938210312
2022-04-19,146.66012557304967,150.41486882323312,145.55527243163937,147.62395267798598,39776859,147.62395267798598
2022-04-20,145.31524879284913,149.72856565308925,144.07682914450177,146.37511224481779,10179602,146.37511224481779
2022-04-21,144.21427164163538,147.75254828000396,144.49995857960403,144.94550320224485,47911189,144.94550320224485
2022-04-22,142.06887548381238,146.05053764060125,139.55663390362372,143.00179245180675,43748304,143.00179245180675
2022-04-25,142.75029099315267,143.03971880626557,140.2171507700332,141.84701128626944,6764750,141.84701128626944
2022-04-26,138.91096688391576,141.42087950205186,136.9616848703185,139.4494658287152,40448821,139.4494658287152
2022-04-27,139.4084087374894,142.39548979065512,136.81996937739055,139.29241185125827,24890314,139.29241185125827
2022-04-28,142.1266443545351,143.40166601449297,138.31933669912667,141.0388854571207,16522199,141.0388854571207
2022-04-29,139.3449233449146,142.02311195560748,137.29041509060457,139.09926045848468,38003018,139.09926045848468
2022-05-02,140.87747274254446,143.3548748861655,138.83991392163057,140.28978814070354,40266152,140.28978814070354
2022-05-03,139.5406106802919,141.58795835382617,138.10878894404823,138.78819360829374,5332140,138.78819360829374
2022-05-04,140.27932521222175,142.01449265690877,138.71699847889258,139.3161854387661,44700841,139.3161854387661
2022-05-05,141.0657325490587,143.07462103851944,138.42205145486525,141.7768538721955,36021251,141.7768538721955
2022-05-06,145.1582343999754,147.5317777675937,141.96474480424482,145.2367859506262,5280722,145.2367859506262
2022-05-09,146.24848677383505,149.87550740950692,144.4781313332373,146.4474224909838,30815023,146.4474224909838
2022-05-10,148.3389467562335,149.1091095681557,146.61107322435234,148.01617324425388,40262200,148.01617324425388
2022-05-11,147.85060588757136,151.12009882028576,147.43113017643012,149.03764280494892,18939547,149.03764280494892
2022-05-12,149.73030617612886,152.66980022874102,146.33457113073405,149.17300004987092,14437067,149.17300004987092
2022-05-13,155.1446580646656,158.815744320534,152.279432787585,155.02552352096566,13612236,155.02552352096566
2022-05-16,156.39478817535118,157.15100156501023,152.42600179465288,155.88052246741418,42483671,155.88052246741418
2022-05-17,155.0119417392683,158.70893218763942,151.56385960438305,155.43274392663946,43704817,155.43274392663946
2022-05-18,154.840148348997,158.08501739307943,150.9715864892851,154.3334628706315,18417817,154.3334628706315
2022-05-19,153.02479116421836,153.4150767133317,151.0120100024185,152.89620849071042,9882243,152.89620849071042
2022-05-20,150.70787573422993,152.218909007946,150.22215443919276,150.99057728514583,20129437,150.99057728514583
2022-05-23,156.07014795747799,158.34651670010177,154.63168269911296,155.28458319873684,17395587,155.28458319873684
2022-05-24,158.1179602096084,161.34190890679196,156.5817584422924,159.22104193942312,29668560,159.22104193942312
2022-05-25,161.61578048280762,162.99173329925114,160.05841542652726,161.52032973220716,16243367,161.52032973220716
2022-05-26,158.45233802112355,157.8247661077789,154.8481309273295,157.44340740072928,6293426,157.44340740072928
2022-05-27,156.22944288291694,158.3931997476815,153.37601985941464,155.05938000211427,25280870,155.05938000211427
2022-05-30,155.04884325201715,158.4473597173905,154.07360777546222,155.19680844142528,28046285,155.19680844142528
2022-05-31,154.0715699885452,157.0327308407717,151.4254923105461,154.13954217154452,12755138,154.13954217154452
2022-06-01,152.59607208056727,156.1674686595703,150.03117697800707,152.53663978725413,47462751,152.53663978725413
2022-06-02,158.12165096526354,158.6718920475703,155.08491084632686,158.08602589773164,23576689,158.08602589773164
2022-06-03,160.08750431097556,161.99144017464312,157.56244453366924,160.40949673645036,42934471,160.40949673645036
2022-06-06,159.17816030127477,161.21759483028353,154.9116147202685,158.4087373556811,14525946,158.4087373556811
2022-06-07,161.30960400445997,161.75309365746728,158.49385123396831,161.10203934965492,15016301,161.10203934965492
2022-06-08,162.70472880810016,164.49638734836248,162.14932572036992,162.55120081555387,28432347,162.55120081555387
2022-06-09,159.52373752752197,161.18620254698368,160.06757762310065,160.47455005108182,32101822,160.47455005108182
2022-06-10,166.20311346693333,167.15029540380215,165.606111772639,166.56721236603875,20064631,166.56721236603875
2022-06-13,169.53632838385573,172.4502507516877,166.31811203402017,170.19569684495738,49344485,170.19569684495738
2022-06-14,162.6552353400501,164.18596224195045,161.37937345935165,163.3467431153275,6063864,163.3467431153275
2022-06-15,167.49033466661464,169.0255466872252,164.96085266336001,166.47484900085976,7581437,166.47484900085976
2022-06-16,163.43987353464146,164.61990541737802,159.91499452952516,163.8866668138096,34943027,163.8866668138096
2022-06-17,163.67142875593024,167.14812799303562,162.47411549176596,164.8830100387825,12718192,164.8830100387825
2022-06-20,164.0749091709579,167.09914117417176,162.8397450516306,163.98720562066492,37474569,163.98720562066492
2022-06-21,161.79776106326585,164.20239313284614,158.93795732650293,161.28955564747278,21134142,161.28955564747278
2022-06-22,165.3313126791304,164.76973349497632,160.7646687912756,164.27186471987153,33429325,164.27186471987153
2022-06-23,164.90741464928573,168.76767435974796,162.20745480628946,165.26429596147767,40746927,165.26429596147767
2022-06-24,166.75397224030385,168.39319573124942,165.91376181271298,167.20893874299264,12307021,167.20893874299264
2022-06-27,166.6008442370803,170.38909940376436,166.25612487588216,166.88775812430225,17890959,166.88775812430225
2022-06-28,170.83413984356338,171.41402212339068,168.24873441050175,170.39536926352255,16172547,170.39536926352255
2022-06-29,173.88509318825552,175.6398209348774,172.10961443098182,173.83217473339297,10087778,173.83217473339297
2022-06-30,170.94402162845293,170.79446632312983,167.64631513594122,170.23035422059087,43523104,170.23035422059087
2022-07-01,166.3931504675349,169.19888262156067,164.07597342530005,167.65734098512584,28286882,167.65734098512584
2022-07-04,173.4988478490919,175.3214763945466,170.78806430266687,173.29587915946945,9299655,173.29587915946945
2022-07-05,175.14790375778983,177.13409532651124,172.2612318595633,175.22325267019374,44044806,175.22325267019374
2022-07-06,180.23605321722283,185.71494508671964,178.02593458970233,181.245662262756,47056046,181.245662262756
2022-07-07,181.12656764310486,184.63368621465403,177.95697872310404,181.13355084893826,49260632,181.13355084893826
2022-07-08,183.36553383718896,183.92656675176997,181.62786812330447,182.49649521653043,37032491,182.49649521653043
2022-07-11,179.74217933939576,183.88352174761854,180.08399347479988,180.86049258796888,32565318,180.86049258796888
2022-07-12,182.87953553294577,185.70832702437409,180.87652989037,182.32760805424516,29415292,182.32760805424516
2022-07-13,181.9113532782868,183.72143547003418,181.1129674324277,182.49724771932875,15202628,182.49724771932875
2022-07-14,180.69019084473845,182.84489041038492,178.70778055381993,181.1035715962166,41755363,181.1035715962166
2022-07-15,178.76702049494853,179.12813391048167,175.09072329494174,178.67018589854516,31103627,178.67018589854516
2022-07-18,183.23704983228362,187.36429290709304,180.77442407535938,183.1918721934272,43375106,183.1918721934272
2022-07-19,184.74937706508572,186.40073680467205,180.59428877788136,183.98282232170354,35774984,183.98282232170354
2022-07-20,181.08269020012477,181.64787839596224,178.80193881322464,180.32416744840586,49087376,180.32416744840586
2022-07-21,182.4911860402297,183.2038923840575,181.11588433927628,182.737741580135,39447192,182.737741580135
2022-07-22,185.0187284890358,188.41723160577655,182.41315561498266,184.9617320322636,29002833,184.9617320322636
2022-07-25,181.70761861303163,181.44638918844035,176.32191197485076,180.74418171020687,13989062,180.74418171020687
2022-07-26,188.04649384359357,187.92788742162307,186.27397009272357,187.3089643197152,18882670,187.3089643197152
2022-07-27,186.75341649986376,186.8242608227354,182.37311887997336,185.7238216062228,18997446,185.7238216062228
2022-07-28,183.26205662480976,185.76628645050167,179.389048366002,182.34306538862813,18397658,182.34306538862813
2022-07-29,183.74593184599493,183.75045252416308,178.19801447976263,182.45689235601154,17260796,182.45689235601154
2022-08-01,183.2244929615116,186.2942693084614,182.0366199613783,182.62737027971266,12755638,182.62737027971266
2022-08-02,184.79899276725948,185.6364496801124,179.78876740066283,183.4394651189406,28373379,183.4394651189406
2022-08-03,177.57533706462544,179.72306906525318,174.9685957145466,178.60689314456906,30391133,178.60689314456906
2022-08-04,177.27454704865644,182.20156627404447,177.03349707767217,178.07484243132205,29554079,178.07484243132205
2022-08-05,182.6883140205888,185.9067273211441,179.8536175870458,181.50618147690102,12505891,181.50618147690102
2022-08-08,182.1154359152476,184.21393112564184,179.73048053303881,181.57734451495813,15524800,181.57734451495813
2022-08-09,180.9372899298479,181.33793098150198,180.0267097156508,180.8744897438161,13852729,180.8744897438161
2022-08-10,177.8348360001881,180.91859851428683,176.96855669737226,178.71874712805433,14579625,178.71874712805433
2022-08-11,170.97747248441104,173.22976895302116,169.3549257117015,171.63769777201716,35590159,171.63769777201716
2022-08-12,169.83516805986167,175.1438001080511,166.99061543648676,170.8806724791722,18700315,170.8806724791722
2022-08-15,166.05069691221522,166.7156298257928,164.13486753774663,166.11628441567413,30281471,166.11628441567413
2022-08-16,167.2103743817097,169.71224181897338,164.9491239104263,167.61697206914178,42301863,167.61697206914178
2022-08-17,165.06251294418126,167.16916936410516,162.60310875225358,164.95675931501842,30262811,164.95675931501842
2022-08-18,168.56620964582874,171.24315262892276,164.88913687377686,167.91987704842506,19931654,167.91987704842506
2022-08-19,167.879379296703,171.0186106893723,165.544212890741,168.9200555574575,19636224,168.9200555574575
2022-08-22,169.83249539578347,172.08587106625026,165.27099454061218,168.55306647894778,40421272,168.55306647894778
2022-08-23,167.84468272532763,167.9114526093684,165.5148873642756,167.50569055370394,16238009,167.50569055370394
2022-08-24,168.04980607580453,170.2088171237639,166.9150686317275,168.46656694526965,21959747,168.46656694526965
2022-08-25,166.1921195432633,166.9305344012358,163.12935255032008,165.50190761777478,49846818,165.50190761777478
2022-08-26,161.09438859527566,163.91004331641176,160.6394294401641,162.3580307151954,27487179,162.3580307151954
2022-08-29,163.19372472515533,166.48382228940278,163.08383180772267,164.3939760417694,42834172,164.3939760417694
2022-08-30,160.82048835008416,163.17303294476406,158.2402122230315,160.63162343728357,38062808,160.63162343728357
2022-08-31,159.16791516160416,161.00190322058288,159.67596321544735,160.3180018698146,8071026,160.3180018698146
2022-09-01,164.09592337119895,166.9772435168121,162.36904458326305,163.71271477944498,47239197,163.71271477944498
2022-09-02,166.01779245090665,169.35150723538803,164.55835897865157,165.76257567868086,18711771,165.76257567868086
2022-09-05,161.5648048211345,166.09533068794337,158.84163990060833,162.05880055782285,31158853,162.05880055782285
2022-09-06,162.4865861041427,162.47600139926737,159.44581608816634,161.5716870436444,44540788,161.5716870436444
2022-09-07,159.56423648240013,160.91138966027566,158.60551009995763,159.37078835324328,19497865,159.37078835324328
2022-09-08,155.10145688474222,155.22259824647426,152.45832197978544,154.75746756471165,34526445,154.75746756471165
2022-09-09,149.32845739872016,152.83444943076415,147.84948145713685,150.15810835672946,16159194,150.15810835672946
2022-09-12,148.99028599466558,152.62591243183542,149.29868564514314,150.11348866391978,13311025,150.11348866391978
2022-09-13,146.7270075954791,150.64377583559812,145.4724598259735,147.7574415750098,25295900,147.7574415750098
2022-09-14,149.26320104546653,150.38190029317644,146.3033173763827,148.19643132484174,39899627,148.19643132484174
2022-09-15,151.6299205218473,154.1415979155264,148.2627987671376,150.6314852696936,9051505,150.6314852696936
2022-09-16,147.79516867834053,150.10828366046445,148.2127029146908,148.89575895219787,46592163,148.89575895219787
2022-09-19,150.79694425657888,151.4964233297835,146.57686648169067,150.2266708641133,10968129,150.2266708641133
2022-09-20,146.8399232197265,148.3999700843571,146.50323507694222,147.74622821873288,38466284,147.74622821873288
2022-09-21,148.2087176409308,150.76443533502814,148.5864136714771,148.89968148617527,31260592,148.89968148617527
2022-09-22,144.22772146817167,147.3651830457543,143.00712683394414,145.37918018948864,15458079,145.37918018948864
2022-09-23,143.69141940114048,147.49430568438905,143.1421462020558,144.66512833639166,15452600,144.66512833639166
2022-09-26,145.3157319955607,145.5687328054751,141.60650383742197,144.25313874552896,8933831,144.25313874552896
2022-09-27,145.72710574565806,147.24986459134135,143.5837852463992,146.312771821118,46616154,146.312771821118
2022-09-28,147.507696980797,148.5624995207643,145.09197216836031,148.02460063522693,12519946,148.02460063522693
2022-09-29,149.60544317738035,151.16257663227995,149.9332710140617,150.63514870557916,31772526,150.63514870557916
2022-09-30,154.77445881238327,155.99385761987938,152.3495355782798,153.63940602799912,22177669,153.63940602799912
2022-10-03,150.600448183023,153.8779875768187,147.46892250636836,151.08526057010863,45758523,151.08526057010863
2022-10-04,150.07412143973906,150.21738454665012,146.01302268500143,149.31231828583034,31576961,149.31231828583034
2022-10-05,150.40720050949506,151.50948457270627,148.4890474056498,151.149405767244,27039861,151.149405767244
2022-10-06,148.08682879185352,151.3706209603287,144.8991615207351,147.98717567692609,19185484,147.98717567692609
2022-10-07,146.55869990400384,147.925499252125,144.09903063233799,146.51051691214397,23486172,146.51051691214397
2022-10-10,143.5968475280614,145.34531861925444,141.9881672319699,144.3029294081315,32341980,144.3029294081315
2022-10-11,145.54352809901567,145.48845871399968,142.78394355915432,145.04926707171353,11046903,145.04926707171353
2022-10-12,145.7308019939813,147.62233067941108,144.98651565701812,146.2535257818579,12542715,146.2535257818579
2022-10-13,144.9443089991553,147.36375482302805,144.2337575930503,144.76041356861933,33495659,144.76041356861933
2022-10-14,144.15520570145284,145.6310329434538,144.0045850205401,145.16613755005514,25758651,145.16613755005514
2022-10-17,144.96729634937304,144.9364272713656,141.8885738184138,143.99906486410836,27893486,143.99906486410836
2022-10-18,141.05445349183506,144.79542794866327,141.0349943655005,141.66830725607235,17396402,141.66830725607235
2022-10-19,141.77510687570208,142.3607424529941,140.81934701855724,141.81806957703225,28912818,141.81806957703225
2022-10-20,142.51714274055846,144.7684999491671,140.18042747730635,141.5487808326652,36433930,141.5487808326652
2022-10-21,141.44824406104192,142.31203563377812,138.89780976648169,140.69417260673345,26034077,140.69417260673345
2022-10-24,141.78937103250652,143.02419567312245,140.91632491470693,142.49980704664748,31872500,142.49980704664748
2022-10-25,139.6710130130799,142.4032701998709,137.24381731599985,140.23635206238518,11293160,140.23635206238518
2022-10-26,140.80499761187656,142.37721242620435,138.5750769281114,141.56418841313712,33271865,141.56418841313712
2022-10-27,138.4731065821081,138.7808927612395,137.0083850489834,138.09228685658096,33488867,138.09228685658096
2022-10-28,135.33692443894248,136.564942275222,132.8143167700625,135.6048909517634,25319195,135.6048909517634
2022-10-31,139.64002130354186,140.70425281211885,137.2190961130618,138.9878416344329,20303752,138.9878416344329
2022-11-01,140.27790414495374,141.86669503899472,139.68775545136657,141.36089084402897,11792241,141.36089084402897
2022-11-02,142.05954594328213,142.5419726799632,139.54346388013863,141.07770314060656,26737384,141.07770314060656
2022-11-03,140.12326567301136,142.44234916903554,138.26433548358327,139.4748012820014,34205571,139.4748012820014
2022-11-04,137.80993884135842,139.77751297886,136.22388686351545,137.90876930496586,40722121,137.90876930496586
2022-11-07,137.75063754698897,137.88114752834986,133.96970461644102,137.3316096071875,21800266,137.3316096071875
2022-11-08,140.1061105277367,143.41104430039886,138.84322339744625,140.14199202953833,48033303,140.14199202953833
2022-11-09,140.17519170007358,140.26614325459448,138.03756179458924,139.8251875491949,21746331,139.8251875491949
2022-11-10,141.3755930705804,143.86731247266053,138.03547599457482,140.49689577440782,23842970,140.49689577440782
2022-11-11,143.11358650991306,146.15042028807818,141.4884005502795,143.19930004892262,8483591,143.19930004892262
2022-11-14,141.53221046580109,143.55478426378255,141.4534932686906,141.9516077145818,7018076,141.9516077145818
2022-11-15,140.61267646104642,143.40241590624572,139.9644052887875,140.41167932132714,44995327,140.41167932132714
2022-11-16,143.4611931128566,143.7986470522458,139.2310157624192,142.7520098045955,21467454,142.7520098045955
2022-11-17,139.0094614445528,142.50262895887323,137.55664010407847,139.9312590258373,43626513,139.9312590258373
2022-11-18,139.61747967954264,140.25511642453088,138.6140793076348,139.42995532997082,26488006,139.42995532997082
2022-11-21,139.53154028513518,140.30322329496124,138.5949989942248,139.94954915741104,5573579,139.94954915741104
2022-11-22,139.4652126860635,143.1322326129972,140.018538593789,140.37474149784637,48217182,140.37474149784637
2022-11-23,138.8322208064605,141.31958792776697,138.510017192583,139.62020532412856,26685912,139.62020532412856
2022-11-24,142.33112250309335,142.65420886906688,140.359710595133,141.70093154187413,10328444,141.70093154187413
2022-11-25,141.90958479311925,142.03571900873902,138.14344026530418,140.85316919719187,46658227,140.85316919719187
2022-11-28,135.34321754674866,139.00411310025314,134.72049772322038,136.3697217766141,49841840,136.3697217766141
2022-11-29,134.85173840947408,137.82716951029505,133.83686820856536,135.02503350902956,8378232,135.02503350902956
2022-11-30,134.02594298758822,137.70715230878835,133.76374795536205,134.5838577213356,11076309,134.5838577213356
2022-12-01,134.42865047602706,137.44686371249932,132.67157950929513,135.15786972257916,22814112,135.15786972257916
2022-12-02,134.63421107350942,137.66828116425236,132.73329857524524,134.54505825800555,22697305,134.54505825800555
2022-12-05,130.93456138089618,134.72835911506786,131.4010144179149,131.76728590960002,11437358,131.76728590960002
2022-12-06,130.26312768950655,131.1878565243825,128.33276724743303,129.4559487438467,43352925,129.4559487438467
2022-12-07,127.32187994003023,130.639059998038,126.34836663956563,127.77392034246361,44682762,127.77392034246361
2022-12-08,127.62977398010493,130.1283448898403,124.51544082471457,127.12740131745456,5135066,127.12740131745456
2022-12-09,124.97470279064142,126.3534064059364,123.4916408891343,125.60204921643061,48019845,125.60204921643061
2022-12-12,121.6711788155644,124.16964651141781,120.81137456635165,122.33201367209595,21473913,122.33201367209595
2022-12-13,119.51907621702556,119.80394941674093,116.53315589233145,119.3927588071258,19043870,119.3927588071258
2022-12-14,118.52323772836081,121.0596729191067,116.91133049825686,118.83585076898981,24771198,118.83585076898981
2022-12-15,114.18869708572532,116.05000800868422,113.85305896372822,114.67257148648724,16163619,114.67257148648724
2022-12-16,112.55597769412034,114.45401556718171,110.72120168449574,111.72966423300431,30638839,111.72966423300431
2022-12-19,112.4562243384888,113.53911721138601,110.06623990909286,111.9402386106655,45611398,111.9402386106655
2022-12-20,111.36680493097933,113.43502907845881,110.82688751480357,112.12067393251972,11091329,112.12067393251972
2022-12-21,112.24698375190043,114.21430129090963,111.28369687729776,112.3781068460863,43645328,112.3781068460863
2022-12-22,111.899151089653,113.48062345163676,111.27754597179197,112.0613514894235,9057979,112.0613514894235
2022-12-23,114.79335691340302,116.56349701114272,111.94992388183469,114.06810964743802,47198813,114.06810964743802
2022-12-26,114.72516447581965,116.08641827617711,112.48053633451579,114.59204423687267,26417917,114.59204423687267
2022-12-27,113.45012011478097,113.53688000782913,110.3681463294216,112.89088026011733,37146207,112.89088026011733
2022-12-28,116.25852057264856,118.16104138088805,113.12348723715259,115.71293666736719,45185194,115.71293666736719
2022-12-29,115.99294607481103,117.85777622517483,114.71970032602454,115.9605426281719,19968014,115.9605426281719
2022-12-30,115.66304126075887,117.17999059143249,115.10622349794465,115.73940710219082,25390633,115.73940710219082
2023-01-02,113.10731149854654,113.72726572737953,111.73873084480272,113.1159840752625,44564098,113.1159840752625
2023-01-03,111.8573456749145,114.4474072658313,111.74496681519418,112.43632382701055,33803650,112.43632382701055
2023-01-04,111.4867078960603,113.93245328182405,109.91943837209051,111.22721246189523,30357339,111.22721246189523
2023-01-05,115.15950433536082,115.18207777263798,112.28128907433826,114.9191330105374,11019586,114.9191330105374
2023-01-06,117.18607968250726,119.32355058223786,115.92453681637194,117.04665127010044,33710762,117.04665127010044
2023-01-09,117.3391439748626,119.32450082572572,116.03786119856362,116.58744233615542,10530247,116.58744233615542
2023-01-10,115.2194156232625,117.80810499790508,113.20188675150816,115.69393023636334,19967592,115.69393023636334
2023-01-11,117.93362164090676,120.40416968803946,117.80147338491996,118.41117371277149,42827103,118.41117371277149
2023-01-12,114.66901633174997,116.8390850578328,113.4308179987948,114.8424300039943,10996209,114.8424300039943
2023-01-13,116.87368076408893,117.96478045909784,114.58728219352987,116.16106573547202,22372790,116.16106573547202
2023-01-16,115.47021817736903,117.62917826966863,113.69076332646011,114.96865810394033,29375830,114.96865810394033
2023-01-17,115.152732863203,115.01349767342292,112.54846637977593,114.60490845332247,12404270,114.60490845332247
2023-01-18,113.21599232882929,115.78236432994515,111.39514773417017,113.33661531143449,35853012,113.33661531143449
2023-01-19,111.33189015899534,112.27310287357143,110.43840116633838,111.6217057136754,27998012,111.6217057136754
2023-01-20,113.02061923225692,113.92107029372842,112.10075469752108,113.53815614597286,40111092,113.53815614597286
2023-01-23,112.52165689615431,116.15622312880733,113.15464633867009,113.42067702508841,7947666,113.42067702508841
2023-01-24,113.19864679996296,114.83212059991305,112.62934729551914,113.26740268498646,32682788,113.26740268498646
2023-01-25,106.66145514037756,107.64685867737676,104.65193701458882,106.48750810894913,22113280,106.48750810894913
2023-01-26,103.87615892705486,104.44673403689731,102.29317105232636,104.20306792937431,43496930,104.20306792937431
2023-01-27,102.068783069797,104.16182931026786,101.91954628231743,102.46049352491082,17953974,102.46049352491082
2023-01-30,103.93655182279937,105.07756395916108,102.94721337561568,103.93184781338785,24295070,103.93184781338785
2023-01-31,105.89361190352334,108.32646745536277,104.66792447489348,106.15948869920861,48201344,106.15948869920861
2023-02-01,108.72961165238988,110.08279642986501,107.184928907245,109.01936951976852,17065687,109.01936951976852
2023-02-02,107.16045713493035,109.59746161130573,105.55911601936582,107.77415456255196,30643306,107.77415456255196
2023-02-03,108.67782417464224,110.13392914164959,107.87999176285413,108.93825888683006,5541494,108.93825888683006
2023-02-06,107.75637041693102,109.93021661429711,107.41245501556683,107.67133552421605,31497717,107.67133552421605
2023-02-07,108.96089195259272,110.96631303037027,108.06051477538855,109.33967544849254,10740505,109.33967544849254
2023-02-08,114.47275973083389,117.9000918924365,113.850170386449,115.10510103679651,38470687,115.10510103679651
2023-02-09,114.73139151213762,115.43727092998112,114.10693223182994,114.8813188909789,19050752,114.8813188909789
2023-02-10,114.86606882750546,115.48784241854996,112.84500953737091,114.91705096729152,33798866,114.91705096729152
2023-02-13,109.98047828487655,111.56869133569218,109.0416751641129,110.23383717472143,9697819,110.23383717472143
2023-02-14,108.93859744158765,110.11135833984612,108.8674110774726,109.1141680455612,17984734,109.1141680455612
2023-02-15,114.23114605880325,114.1222611154164,110.98120488257443,113.62664254359085,18175138,113.62664254359085
2023-02-16,111.74207422197708,114.97047724715542,111.6161023766021,112.20649202228337,19501972,112.20649202228337
2023-02-17,110.249151387307,112.40046676338017,110.30186822688084,110.93243713112791,7924724,110.93243713112791
2023-02-20,109.4411915266644,111.3150592524638,109.56681626676738,109.94192071269791,36601941,109.94192071269791
2023-02-21,110.87570524786753,112.76991706870848,109.67135822705701,110.40629887174804,24306451,110.40629887174804
2023-02-22,108.19658939487142,109.25403060621733,106.52668532257407,108.78166893845787,48080642,108.78166893845787
2023-02-23,109.41328897569737,109.52164962703623,106.28109471254255,108.98147819641925,48938177,108.98147819641925
2023-02-24,110.33435422353372,113.31250966666114,108.23101246120073,110.75381937115336,5077828,110.75381937115336
2023-02-27,108.2167928625144,110.37233664810691,107.79193993795522,108.69850654716718,18449239,108.69850654716718
2023-02-28,109.8934018938819,112.96733016700699,109.02781731580595,110.6842363599646,11823309,110.6842363599646
2023-03-01,111.26552792428247,112.4457104708553,108.78533415364313,110.6146940701857,25049888,110.6146940701857
2023-03-02,109.23046892434888,110.99793178914629,107.87051384743478,108.7501095436662,37386581,108.7501095436662
2023-03-03,107.43675108895967,108.39481953591061,106.53697893514348,107.19064750792698,28559931,107.19064750792698
2023-03-06,104.26532434754519,106.66017589307639,103.11037609946726,104.19291291143382,8566911,104.19291291143382
2023-03-07,105.78308824228553,106.88248348341969,104.01751546046121,104.954226970584,39083167,104.954226970584
2023-03-08,103.00206273103986,104.88207625759946,102.77141215031826,103.03057482724154,31763759,103.03057482724154
2023-03-09,101.03138625976842,103.24082274129654,100.05834739817442,101.26044003870811,45889559,101.26044003870811
2023-03-10,101.85278221337475,103.22825283097269,98.73066935909719,101.2314984319465,22997658,101.2314984319465
2023-03-13,102.07713240393623,103.62232446403273,100.6785135489618,101.80218651407894,18330920,101.80218651407894
2023-03-14,100.3483612771008,101.42896058803542,98.27012518074615,100.56376864668188,8276825,100.56376864668188
2023-03-15,104.20158582047094,106.34844972506184,103.67697325876527,105.01767963086576,32617919,105.01767963086576
2023-03-16,107.56834912827455,108.71334510756974,105.13578067970384,107.31766254445613,43816227,107.31766254445613
2023-03-17,105.65103823479198,106.0229982217927,103.27355392018092,105.33076568652132,10395163,105.33076568652132
2023-03-20,107.35318224464487,108.72030277535649,106.72738311750969,108.15610531709228,5845612,108.15610531709228
2023-03-21,110.85567133490065,111.36363892321145,108.91528733991606,110.69521588749694,22030521,110.69521588749694
2023-03-22,110.88345368951204,110.59225805787638,107.9304354546382,110.3292158989366,38928082,110.3292158989366
2023-03-23,109.58944562430382,110.94880207601236,108.6324259289946,108.90004398562209,49811004,108.90004398562209
2023-03-24,106.74118596398985,109.35262484801662,105.14934086701491,107.0102013493566,45196762,107.0102013493566
2023-03-27,112.62841562878303,114.15094494339408,110.36049111995409,111.96687803575053,47175698,111.96687803575053
2023-03-28,109.15454600401448,110.89832712689048,109.06143159580505,109.96304070127843,41152926,109.96304070127843
2023-03-29,113.50747239010994,114.61590996518159,112.09039479808804,113.19149499989021,30394004,113.19149499989021
2023-03-30,113.90702490872913,114.65687160661,112.5289546875194,113.77108199456961,10495101,113.77108199456961
2023-03-31,115.67486603574929,117.81266577195429,114.19517513612945,116.1347203936758,11488604,116.1347203936758
2023-04-03,116.6269515474255,118.68446242663366,116.9488643761873,117.42578671884709,36123896,117.42578671884709
2023-04-04,119.47831748568643,119.90643333869663,116.03020333882553,118.67143117760145,35820000,118.67143117760145
2023-04-05,119.395049671688,122.52767207889684,119.35269353441456,120.2655677173153,19908897,120.2655677173153
2023-04-06,125.56302506500373,125.38973486989275,124.28669590368156,124.67787144725008,49473289,124.67787144725008
2023-04-07,124.74513617239488,125.36575025899103,122.62148357535868,124.94033494144843,37092134,124.94033494144843
2023-04-10,128.04289110694288,130.77111116080013,125.38815024754915,128.562325107655,19044152,128.562325107655
2023-04-11,131.0944497836948,133.2344011069532,130.56305885301393,130.91972671319715,35097353,130.91972671319715
2023-04-12,136.09010319032086,139.14155218838437,133.75984525053727,136.19902593315322,41814170,136.19902593315322
2023-04-13,136.8480804180845,138.2060142752771,135.02551016486882,137.51428467519028,26133516,137.51428467519028
2023-04-14,139.28112030689545,141.29089528712126,137.7414990917456,138.67110600399025,22668409,138.67110600399025
2023-04-17,138.80341529660762,140.1538994009613,135.27275352425423,138.4212530897263,44648244,138.4212530897263
2023-04-18,135.83123043816082,138.95501312807184,132.93557471590768,135.90112997682695,45868230,135.90112997682695
2023-04-19,138.97935826725626,141.80774201845475,137.49682421230844,139.01186594960012,12064385,139.01186594960012
2023-04-20,137.53605212448554,139.78548798790476,136.4143768683015,138.10261966309236,21962035,138.10261966309236
2023-04-21,140.05417221959465,142.40957024510305,138.56988852795462,138.98401864744696,44144119,138.98401864744696
2023-04-24,136.8795459287946,140.36578433162836,136.43499631057873,137.5904520643542,23804169,137.5904520643542
2023-04-25,138.806915281643,139.8539106169464,136.69499324156268,139.18434168625757,37609711,139.18434168625757
2023-04-26,143.58480465238074,144.3659271130333,141.18333487016744,142.45392752033376,36454825,142.45392752033376
2023-04-27,140.18900518733656,143.37067685651562,137.5403154966042,139.97235900715725,13440227,139.97235900715725
2023-04-28,137.7514725499228,140.92151613758264,137.65890504119594,138.45621280972065,26755075,138.45621280972065
2023-05-01,136.47440825477932,137.89466797873598,135.1961238153407,136.67626594204478,16505758,136.67626594204478
2023-05-02,131.75448699162428,134.87058055405336,130.86455472996627,132.47563054465533,17895511,132.47563054465533
2023-05-03,132.92568069747827,133.85406623610427,132.12915561827268,133.38021327586213,34742392,133.38021327586213
2023-05-04,133.65811261979627,134.43331791568295,130.74430669801612,133.52574918571284,42094504,133.52574918571284
2023-05-05,134.36808027847135,137.24180727180024,132.99768813231435,135.22785096428717,31749370,135.22785096428717
2023-05-08,129.2737197214121,129.91288942353074,127.18556549225302,129.65341693001082,24960686,129.65341693001082
2023-05-09,128.45452685603115,128.9408669228719,126.45066219437585,127.79952815208048,42021664,127.79952815208048
2023-05-10,127.77278943532328,127.89406473745846,126.34316362745011,127.13747276398497,9874574,127.13747276398497
2023-05-11,124.84454492680581,127.67544520294403,121.63770819456752,124.61542179736638,19864390,124.61542179736638
2023-05-12,121.55669446884893,122.24602172018366,118.98918513131832,121.34632200160652,31791822,121.34632200160652
2023-05-15,119.28846452230974,120.45520509359545,117.43129908450273,119.22182118238736,37452524,119.22182118238736
2023-05-16,120.10563103484617,119.97619620185228,117.43751046652083,119.46698856115681,41231893,119.46698856115681
2023-05-17,122.33364204817985,122.67483780898748,118.69735620926859,121.60274593424039,30276806,121.60274593424039
2023-05-18,120.28683957498669,123.58002617774184,119.51376723211132,120.99595087658676,7192155,120.99595087658676
2023-05-19,119.68316539071122,121.31189339230909,117.59199224437388,120.25150122223425,48008461,120.25150122223425
2023-05-22,121.07156161268341,123.0241347241566,121.21209962377121,122.02801169174614,17402175,122.02801169174614
2023-05-23,122.29828406091636,124.33339808429598,120.41342365888462,121.43076034250463,41646144,121.43076034250463
2023-05-24,119.65830169350632,123.23443737377562,118.10063311673812,120.46646461538857,10685940,120.46646461538857
2023-05-25,121.30092233611265,123.98989996959415,118.99476488474696,121.58622598703245,28498660,121.58622598703245
2023-05-26,123.47717899642517,126.6685720222563,123.52538600008297,124.20584225484896,11049066,124.20584225484896
2023-05-29,122.02390095841,124.54644908180913,120.88115408141434,121.70044105769705,27771628,121.70044105769705
2023-05-30,122.31202941827706,123.67464233996614,122.51767573915969,123.09359110095744,20196693,123.09359110095744
2023-05-31,126.66329026164613,128.624555309945,125.75341000746533,127.26466808116653,14001556,127.26466808116653
2023-06-01,129.37788066393665,131.1964536662144,128.9891157346824,129.8298715199588,21218104,129.8298715199588
2023-06-02,130.46036154648905,132.4211863008541,128.71559701384578,131.3442776145855,40559294,131.3442776145855
2023-06-05,131.4248309939337,134.02215317724236,131.10473906176566,132.36609739147977,35403750,132.36609739147977
2023-06-06,135.0077604574487,137.13333274566048,130.97268203994932,134.32490921254666,41572259,134.32490921254666
2023-06-07,133.7626990267861,135.07496970118973,129.8046557728712,133.10669242604095,42110551,133.10669242604095
2023-06-08,134.61142174542823,134.86761448962272,134.04501687334744,134.33929735663668,17285891,134.33929735663668
2023-06-09,138.56654722717627,140.5240958854171,137.1887425878919,139.0266624905025,19446840,139.0266624905025
2023-06-12,139.2180208414335,140.35086289113798,136.66882637554727,138.57308138987622,21464304,138.57308138987622
2023-06-13,137.34079699333643,137.4640171513127,136.0550218671454,136.5840233334304,38376735,136.5840233334304
2023-06-14,138.66587206678773,139.02272623144344,136.49227088256242,138.05745061020724,47129417,138.05745061020724
2023-06-15,134.77414161550772,137.99898597934427,135.025282519915,135.76925836702466,39907688,135.76925836702466
2023-06-16,131.49435055652842,134.21906414189695,128.35645567162712,131.04236107492596,10458390,131.04236107492596
2023-06-19,130.4583227821553,130.22508244555797,128.0221209361491,129.5763163883185,30635035,129.5763163883185
2023-06-20,128.36774211881004,131.44506955065035,127.22389987670947,129.28463948406073,6559696,129.28463948406073
2023-06-21,127.99987469662906,130.75956215899066,125.34806092202219,128.12740724729372,30307761,128.12740724729372
2023-06-22,127.00859609669553,130.18142742142606,125.38897375955958,127.4639144432655,34821038,127.4639144432655
2023-06-23,127.58937970674032,128.47533939909763,126.51844025279398,127.7691668812161,46069844,127.7691668812161
2023-06-26,126.42398274302661,126.7496996292317,124.10924007066171,125.97021219696165,9776831,125.97021219696165
2023-06-27,123.70870021734851,126.03180504957898,122.23329427627579,123.08727527277094,20016274,123.08727527277094
2023-06-28,120.54158261446148,123.30120430834694,119.75856679823178,121.11087565784932,27818497,121.11087565784932
2023-06-29,123.84811728991836,124.94220738212508,122.33178132417301,123.99629107760867,5913872,123.99629107760867
2023-06-30,124.07520487750693,126.40591575807285,122.71938879547193,124.94785964615751,22080981,124.94785964615751
2023-07-03,125.26425518505063,126.28023820326884,122.27951405600987,125.26894417883108,18769720,125.26894417883108
2023-07-04,120.80923381338114,123.88088177996278,119.04588546641918,120.93235259729768,46339920,120.93235259729768
2023-07-05,119.51596173109368,121.2442037902914,118.29057331614135,119.49200995647792,6683392,119.49200995647792
2023-07-06,116.93137719372275,119.24767249726989,115.4803775714323,117.62733402084217,36980975,117.62733402084217
2023-07-07,114.87140123731665,117.28887377965354,113.5627105147738,115.51069486117227,26333425,115.51069486117227
2023-07-10,113.99532872980022,114.95969432020432,113.87852704726608,114.304283458634,23685369,114.304283458634
2023-07-11,112.83036215158806,115.8421054635097,111.40905873355136,113.11172243553219,37232502,113.11172243553219
2023-07-12,113.05182887087179,114.93220100148737,111.90999858598543,113.69665998785395,11371214,113.69665998785395
2023-07-13,110.65675048606022,112.50416047012976,108.90498598584315,110.80965701879848,18066743,110.80965701879848
2023-07-14,114.09165089728198,114.92613172880193,113.77556094293779,114.3180242308974,45879458,114.3180242308974
2023-07-17,114.89411943528317,116.4480659869849,111.9841643614921,114.37167495155656,11017930,114.37167495155656
2023-07-18,114.30229483509252,115.38020247568558,113.25152028782486,114.96678583966484,22752399,114.96678583966484
2023-07-19,111.41390104603765,114.06323561772658,110.33680283865655,112.00705260179285,34388790,112.00705260179285
2023-07-20,111.74495196592288,112.73092686402615,110.68711848695395,112.22485559175604,41388350,112.22485559175604
2023-07-21,113.40215758678637,113.68457155796263,112.0836427915499,113.3342983494873,26322227,113.3342983494873
2023-07-24,112.72603729350809,113.94412236348995,111.54730967393648,112.94152850957599,8330649,112.94152850957599
2023-07-25,111.61793419397505,113.75317033200878,111.73388442735727,112.06744580585341,22523456,112.06744580585341
2023-07-26,110.9445077378293,112.60891019404383,109.73201274351003,111.16664964661848,10867957,111.16664964661848
2023-07-27,111.65742937240337,114.28976861179378,111.80812340207497,112.30162868068591,27373916,112.30162868068591
2023-07-28,112.43955953086262,112.14272222392313,110.02696046383568,111.774308407359,29037271,111.774308407359
2023-07-31,110.77791738751013,111.36112100481246,110.0455712945075,110.39393960690933,28406628,110.39393960690933
2023-08-01,111.4192576076215,113.60720424699242,110.75293792535714,112.08400412543776,38115677,112.08400412543776
2023-08-02,112.2258013115076,113.41458915400135,110.86182509989352,112.49698670596062,17019858,112.49698670596062
2023-08-03,109.80326436731353,112.59025885621452,108.46792757896911,110.62063450893366,17789676,110.62063450893366
2023-08-04,113.77881669346326,115.20948963423939,110.82360920019994,113.46160659361723,18968244,113.46160659361723
2023-08-07,113.10006126984604,115.6906371626822,111.59740127082559,113.0948654857792,18905913,113.0948654857792
2023-08-08,110.55166943761883,112.06128553132386,110.49281113020369,110.90759884182773,17501290,110.90759884182773
2023-08-09,112.27408708236567,113.79555232050207,109.75416024686346,111.59555003674863,22895182,111.59555003674863
2023-08-10,112.3935572848914,113.50373237770019,110.65216315479286,112.30672330706815,10287359,112.30672330706815
2023-08-11,117.70219534265405,118.71181539983272,114.9248848873128,116.91905085212471,29339527,116.91905085212471
2023-08-14,118.62937889260655,121.69988097198292,117.50440678918507,119.56576471289087,34940591,119.56576471289087
2023-08-15,119.38610820542208,120.87644598380271,118.12492772993366,120.28864779278692,17945849,120.28864779278692
2023-08-16,122.33874464059802,124.92556426258258,121.58282528403743,122.29399987314787,26260499,122.29399987314787
2023-08-17,121.53327538438991,122.4748506672607,118.37467909045286,121.27959026595667,13848929,121.27959026595667
2023-08-18,114.91223895308228,115.73066929633067,114.41980153892906,115.08551782196848,8759814,115.08551782196848
2023-08-21,115.14994111471898,116.06767055388994,114.22918847183197,115.2838012385182,9079595,115.2838012385182
2023-08-22,118.21407282444702,119.24266176815793,117.69812327665885,118.6843874184573,19421099,118.6843874184573
2023-08-23,123.71558084188945,124.85187327060851,121.45100358371985,123.9989523817711,42068604,123.9989523817711
2023-08-24,127.5585318240844,129.1030196274072,126.50105776299172,128.2829832588877,19581676,128.2829832588877
2023-08-25,125.23597101745291,126.73734880331564,124.59468080008742,126.17687519130499,23669726,126.17687519130499
2023-08-28,127.7877091635982,127.6588876639953,125.70070579128014,127.21149798574805,38597750,127.21149798574805
2023-08-29,125.88503296310273,126.29225813972722,123.91736324670606,125.94632937096965,23646764,125.94632937096965
2023-08-30,126.16393220336683,127.0384702255255,124.72994666233164,125.86917386704413,39010041,125.86917386704413
2023-08-31,122.78076830272812,126.3394129520838,122.61872368492425,123.59300189402234,25212472,123.59300189402234
2023-09-01,120.06646423666456,121.41630816227082,119.32032546311744,119.65693226986532,11793176,119.65693226986532
2023-09-04,121.27980314494661,122.47449487491956,119.45711059193968,122.14288126338872,14324074,122.14288126338872
2023-09-05,121.03513027491076,122.57833517204601,119.80742630686993,121.8151258533944,9340523,121.8151258533944
2023-09-06,121.20257693283799,121.45035545444996,118.69962262349958,120.96581925482322,27752245,120.96581925482322
2023-09-07,122.93758275559514,125.38251265580078,123.09317566624944,123.66036644670764,10064572,123.66036644670764
2023-09-08,121.78948801478197,122.94725008959581,120.32795094903098,122.69614679849988,36440857,122.69614679849988
2023-09-11,118.74576774045494,120.83841048405583,116.09100595078621,118.00101676440175,20493654,118.00101676440175
2023-09-12,118.40137312092317,118.83743573219913,117.73079467782279,118.23744291380135,26017466,118.23744291380135
2023-09-13,121.87993459324508,122.9435036680214,120.11836432603661,121.18409750270305,39566454,121.18409750270305
2023-09-14,118.02163313577702,118.43167963522143,116.32743082676556,117.5889234032806,17435323,117.5889234032806
2023-09-15,116.77871944986956,119.1729196708241,117.19560407903938,117.46077511676177,30010284,117.46077511676177
2023-09-18,122.1423344834942,122.34091272667294,120.62819931580351,122.02958199931537,14964235,122.02958199931537
2023-09-19,124.5460016489116,125.88985384944198,123.20197024053324,123.90004779870368,38307323,123.90004779870368
2023-09-20,122.37929603315635,124.51179065506082,120.84707841564278,122.70455780044578,46195155,122.70455780044578
2023-09-21,121.84525202138997,123.08264263838254,121.02013213128257,121.37249100311945,29413330,121.37249100311945
2023-09-22,121.05745916863273,123.03164434762999,120.93030017640221,121.9958440696627,19389558,121.9958440696627
2023-09-25,121.93577602682988,123.1542247485724,119.66022596830761,122.1430749391262,20892950,122.1430749391262
2023-09-26,122.94101336643556,124.18833869148344,122.92368822175449,123.85837464241081,37453409,123.85837464241081
2023-09-27,122.4716892362467,125.5945994053932,120.75408884586234,122.70020609599365,29618831,122.70020609599365
2023-09-28,125.10442841969945,126.63917191752192,121.49440199976331,124.40682737674618,34289252,124.40682737674618
2023-09-29,121.6491337179657,123.34832369989078,120.24531544058776,121.09238307726139,16470136,121.09238307726139
2023-10-02,121.33997801771154,122.89316705700305,117.9431169537747,120.85193715558262,33259070,120.85193715558262
2023-10-03,117.26833487502982,117.93740295682423,114.96034100471667,116.7480348780385,22202279,116.7480348780385
2023-10-04,118.5844042722497,119.57864711774685,116.72526213710849,117.79998620979956,47639287,117.79998620979956
2023-10-05,114.892655334548,116.71246535899539,114.98333322053357,115.48742187387506,43544590,115.48742187387506
2023-10-06,115.08670118170977,116.94195181962934,113.77279028571058,115.74170477473254,45785404,115.74170477473254
2023-10-09,115.43649098911925,116.83446198738595,114.95958261971143,115.98641577022859,33479188,115.98641577022859
2023-10-10,116.95743778860694,118.44292544731762,114.39396175320992,116.21508405400617,29296211,116.21508405400617
2023-10-11,118.06549328655811,118.71198301380045,115.86049226142124,117.82346354845221,20674214,117.82346354845221
2023-10-12,117.9686185401699,121.25923531856047,117.18620441849473,118.46170820328837,47566005,118.46170820328837
2023-10-13,120.33971942530063,122.39792889826936,117.84944910598448,119.64061423361471,29804279,119.64061423361471
2023-10-16,118.34825108435352,121.84988119451566,116.78274058556033,119.2984352369691,19652521,119.2984352369691
2023-10-17,123.76444681236443,124.60909385589214,122.08256308140835,122.88173153445989,41764681,122.88173153445989
2023-10-18,127.47517442620124,131.02706339418276,126.85808112629226,128.33203650420498,11436451,128.33203650420498
2023-10-19,125.13386311030524,127.73006205415993,123.68123191134602,125.65455448332364,16531503,125.65455448332364
2023-10-20,128.27278862915043,131.29922986918106,127.04904604247679,128.9138009607875,16694715,128.9138009607875
2023-10-23,132.48218495827248,133.39561823279018,130.042765353144,132.2523391542558,26978290,132.2523391542558
2023-10-24,132.88723497638563,133.04493361807536,130.22496953531856,132.38279914999717,20170532,132.38279914999717
2023-10-25,128.9873835350524,131.44966405893598,127.23954237311149,129.57697084750424,48857452,129.57697084750424
2023-10-26,129.05859390981905,131.22462298333951,129.41592099765046,129.7622962508315,11504721,129.7622962508315
2023-10-27,133.0565776886017,134.76546994092345,130.37467227843996,133.09270327913282,17490412,133.09270327913282
2023-10-30,135.2225152179705,138.05440348334506,134.29035803763168,135.73150638073275,28996413,135.73150638073275
2023-10-31,135.31241842570648,138.19692581549126,133.42889027687795,135.00520219508357,26050188,135.00520219508357
2023-11-01,135.93796691884577,139.45518247372036,134.4687834873465,136.28824183031864,6656919,136.28824183031864
2023-11-02,132.40925718516672,133.6424975885128,130.82623468339838,133.04157917274043,36322710,133.04157917274043
2023-11-03,136.5214920666543,139.14596995197616,133.04544286636167,135.92095472607338,8291161,135.92095472607338
2023-11-06,135.3355188165697,137.019370780527,134.28686857626332,134.5949006134184,38809646,134.5949006134184
2023-11-07,133.8604513693635,137.60306569769156,132.39816700329354,134.75601206635096,18764683,134.75601206635096
2023-11-08,136.57528574300073,139.24111126466968,133.33647730210564,136.17489987560478,42659630,136.17489987560478
2023-11-09,136.57210328827705,138.7032415840916,135.7086614642905,136.6621984797706,47995866,136.6621984797706
2023-11-10,137.55319674094983,138.78864294177032,135.2317804010487,138.01927338472362,39501549,138.01927338472362
2023-11-13,138.4902127042666,139.63331600477704,138.16770347672914,138.72401742554845,38580084,138.72401742554845
2023-11-14,137.9055877059126,139.45118750905883,136.17534146961412,138.55762453166076,15500485,138.55762453166076
2023-11-15,138.85738221750495,141.7103805695801,135.7988278338611,138.54434952278731,33777275,138.54434952278731
2023-11-16,137.7587384522799,139.14328027747496,134.44425178797212,137.5548943317207,19365392,137.5548943317207
2023-11-17,136.45412160945241,137.96929928274375,134.7529669338539,137.2046977247075,15498529,137.2046977247075
2023-11-20,134.36945389781098,138.30547925077096,134.20068584829053,135.15687097692935,25175819,135.15687097692935
2023-11-21,136.45509885624705,139.24194701380713,134.11247320905676,136.00842569912493,16758169,136.00842569912493
2023-11-22,133.95845396002733,136.32248724954252,131.4938579682491,134.23253044257996,14567782,134.23253044257996
2023-11-23,128.56730534044567,131.0417980844315,127.38852970019407,128.8864501722861,29996977,128.8864501722861
2023-11-24,129.9361814691795,129.74762010774543,126.45500001920733,128.96377274730156,24857468,128.96377274730156
2023-11-27,126.99750479385604,128.3141097944963,126.8688677388441,127.86306244421586,6839548,127.86306244421586
2023-11-28,124.4081598425205,126.35998932944155,122.14579390302495,124.62991933995119,41673179,124.62991933995119
2023-11-29,126.8435905875558,129.07050975674474,125.35738895700138,127.1421338418709,34342607,127.1421338418709
2023-11-30,127.98917243360073,130.19327946254577,126.68065681139207,128.21530693586823,26624182,128.21530693586823
2023-12-01,131.43881248624638,131.76742023184707,129.29608057476014,130.8509113719798,8641042,130.8509113719798
2023-12-04,126.3766445738091,127.66702883523061,124.37633883403645,126.3062584750223,25803859,126.3062584750223
2023-12-05,126.67345411953127,128.6420327441179,125.59725773137389,127.5137005018748,5460323,127.5137005018748
2023-12-06,131.20433850930405,133.0846333688923,129.97597404872425,132.0322352766001,28492004,132.0322352766001
2023-12-07,129.5921796950217,132.13133266863537,129.35013911794508,130.0497081511047,37654718,130.0497081511047
2023-12-08,126.41464078940764,126.18841986118113,123.41137839926508,125.77326037909364,39901612,125.77326037909364
2023-12-11,125.08319013819943,128.5054510567182,125.42415528183336,125.77317216917027,34202665,125.77317216917027
2023-12-12,124.22920147208949,126.53726374143426,124.47563885601257,125.20307261118865,13831020,125.20307261118865
2023-12-13,124.48373794877183,125.7061015589067,122.77424585737974,125.09516599799662,15076688,125.09516599799662
2023-12-14,123.69425958372464,127.12951542556195,123.01814310364361,124.42994960316237,23732555,124.42994960316237
2023-12-15,121.45674033218049,124.42173046946681,119.19326719738459,121.95791251606703,37944216,121.95791251606703
2023-12-18,124.723244116487,125.67257697296711,121.85013254868005,123.93815876223987,42616056,123.93815876223987
2023-12-19,121.44577092153257,123.37261810510314,118.10005337723194,120.92517193896747,17612399,120.92517193896747
2023-12-20,122.20192171637166,123.714076549886,119.28982627692422,121.71009408420332,22541683,121.71009408420332
2023-12-21,124.33709329629124,125.2841977384569,121.54394899436947,123.5241057556261,15208958,123.5241057556261
2023-12-22,125.5932132024692,128.2826675463253,123.22994264309708,126.19422004949672,6856223,126.19422004949672
2023-12-25,128.45547190427175,130.16624295028066,126.42321274685574,127.88068408653727,22959535,127.88068408653727
2023-12-26,128.7302188791721,132.15701287325874,128.62650408190524,129.42918444338648,12941162,129.42918444338648
2023-12-27,130.67907696732087,133.3945694864262,129.37700213481943,131.00056525971948,26013926,131.00056525971948
2023-12-28,131.24325804435415,133.51957531094556,129.36704499267967,130.6150234760863,20971505,130.6150234760863
2023-12-29,132.15987504342132,133.43881588480426,129.58056517475046,131.88874915143228,47128003,131.88874915143228
2024-01-01,130.62688472169347,131.7546179472035,130.18568346090737,131.10610039020105,48265450,131.10610039020105
2024-01-02,132.71659004353216,134.73642662212316,131.57355412997182,131.94827044743704,36577989,131.94827044743704
2024-01-03,128.09372870212303,129.17931985672266,127.32023459651631,128.4008990903635,44131763,128.4008990903635
2024-01-04,128.86969596525205,130.08623339914345,127.2609626225235,129.14975596568945,20299605,129.14975596568945
2024-01-05,128.42664521166913,129.72311701041465,128.16778920934297,129.4122033343424,48980595,129.4122033343424
2024-01-08,123.98721391471435,127.35384357097536,123.87205411137738,124.44334775723298,31267281,124.44334775723298
2024-01-09,129.28019790163762,131.65485863553997,126.69697854491643,128.6559387831539,25110651,128.6559387831539
2024-01-10,129.25470828136744,131.26826129514333,126.3264023749802,128.96197852732206,41376459,128.96197852732206
2024-01-11,132.83545265153055,133.61403271803465,131.24801923360187,132.63574867516454,33398259,132.63574867516454
2024-01-12,131.59331310614724,132.90520909316947,131.69823182861865,132.14741491875506,43264108,132.14741491875506
2024-01-15,133.93555368768668,134.9633556173348,131.58043163203476,133.83648123368062,42029385,133.83648123368062
2024-01-16,132.93758394674566,133.99340112872716,130.5516391825252,132.57839941956234,32047967,132.57839941956234
2024-01-17,136.79371596306228,139.92459120967368,135.07177906470076,136.62733728162644,12539565,136.62733728162644
2024-01-18,132.43599306644123,135.59558633823508,131.2045423884676,133.1816768541228,9170414,133.1816768541228
2024-01-19,133.9299646566843,136.3117498200738,133.2373462831575,134.60475565185592,26606454,134.60475565185592
2024-01-22,133.76241815593218,135.54534548569106,131.64775188642756,133.02515062410208,48795384,133.02515062410208
2024-01-23,135.46146591268325,137.85221098839847,134.1697522466307,134.64856798166804,28650853,134.64856798166804
2024-01-24,136.89119133571486,140.84560335141992,135.75235483920713,137.90500403669657,36202932,137.90500403669657
2024-01-25,138.99752695601742,143.3708127929779,136.85202892820206,139.89110199905224,34054351,139.89110199905224
2024-01-26,142.4646678983128,144.32922695020866,142.7522716122714,143.16817665342367,28006282,143.16817665342367
2024-01-29,143.76608310243392,144.51917391866775,141.82281413762814,143.08561323518205,19428771,143.08561323518205
2024-01-30,139.76878892362774,141.71754725482097,137.3556881247858,139.51886905476215,33322591,139.51886905476215
2024-01-31,136.03814133330707,137.53316188644789,136.3458396708402,136.755471490867,41641410,136.755471490867
2024-02-01,134.60220567968787,133.92754630684047,132.6224794398758,133.54842699747144,8569180,133.54842699747144
2024-02-02,132.32257916950834,134.6665146288855,129.94599679743902,132.44154380483556,35161478,132.44154380483556
2024-02-05,133.80759376602091,134.930825080404,132.01038206834747,132.971206957036,36569301,132.971206957036
2024-02-06,134.5916753469555,136.38255841726726,133.75631651124326,134.9528560204073,5720124,134.9528560204073
2024-02-07,132.72339167981772,134.6898312416732,131.06605525060587,132.63096383038456,40425083,132.63096383038456
2024-02-08,136.78253391036483,136.65543597568788,133.98457527356442,135.70463785601743,27625439,135.70463785601743
2024-02-09,133.5945180977509,135.21052707814468,132.6455966679136,134.53509332703783,20630865,134.53509332703783
2024-02-12,135.59378099553368,136.17192542406616,131.67653538619592,134.68861225754094,24590411,134.68861225754094
2024-02-13,131.9270726348793,134.1884084836645,130.61939703472447,132.84195708473612,41235698,132.84195708473612
2024-02-14,129.75497349121807,132.58575460955984,127.25769661216984,129.61057679827206,45068935,129.61057679827206
2024-02-15,129.1260686990226,132.72275271052797,126.89786574878701,130.09903959956463,44741293,130.09903959956463
2024-02-16,127.36477537047236,127.80359293710809,125.00127175822065,127.26392270463919,24871637,127.26392270463919
2024-02-19,126.3079827454668,128.2987454499636,126.36187503205322,127.22496235183922,34500511,127.22496235183922
2024-02-20,130.99243072585574,133.84281733246067,128.01357078521406,130.83600115970813,11499295,130.83600115970813
2024-02-21,133.22534123000193,133.9798602737045,130.32611030086224,133.25194557216568,46826682,133.25194557216568
2024-02-22,128.64432378204623,130.20446075475093,126.40502531438817,128.91015410996422,16208361,128.91015410996422
2024-02-23,129.20113592659706,130.70509741217535,128.74623224994076,130.19016197881535,30057451,130.19016197881535
2024-02-26,131.46924613250115,133.75059962389201,130.80002775203332,131.856240174161,26995451,131.856240174161
2024-02-27,135.7022125614866,136.264721518205,133.71477010084064,135.72665701286516,28510615,135.72665701286516
2024-02-28,131.9468972121459,134.97731766907313,129.80716342826506,132.01033226075654,24103494,132.01033226075654
2024-02-29,130.13149031741864,130.34676265044223,129.21300565394387,129.87227304197532,22727803,129.87227304197532
2024-03-01,129.52614861562017,130.9951316183914,125.99052942820826,129.0014536462922,17747608,129.0014536462922
2024-03-04,129.89189850116603,131.4743697020502,127.15968054984232,129.24810112364165,24560565,129.24810112364165
2024-03-05,125.64450044189998,126.50977319824852,124.08137262836325,125.0090484459998,26887976,125.0090484459998
2024-03-06,119.67010328135504,120.96025768786961,120.25487539460394,120.57540073597345,42851752,120.57540073597345
2024-03-07,123.71815276490037,126.80499182221189,122.14864558959077,124.64906409331898,25551650,124.64906409331898
2024-03-08,123.7346653254558,125.21686525350745,121.94300222178444,124.47476285382447,10359369,124.47476285382447
2024-03-11,126.53307502785614,126.65874681904802,124.90166254588047,126.19338340100299,22239121,126.19338340100299
2024-03-12,126.79827412433337,128.04806779026003,125.1716800439538,126.13293567142416,8667597,126.13293567142416
2024-03-13,121.23691805914785,124.03597066608849,119.15396685520496,121.94799612412065,17467663,121.94799612412065
2024-03-14,124.23492434032259,125.25926282167704,122.39806416761618,123.70872827573989,47544120,123.70872827573989
2024-03-15,121.01144958330133,121.22489083575091,118.00338861306646,120.61782172511099,33933527,120.61782172511099
2024-03-18,119.40856076727576,121.24239115364796,118.11229420169163,119.74520715717395,35547671,119.74520715717395
2024-03-19,125.98380734039434,126.05016822123427,122.6119445604177,125.20574568247171,18305476,125.20574568247171
2024-03-20,126.84943633479477,127.62751612868907,124.13824762134836,127.17308730647055,45547705,127.17308730647055
2024-03-21,125.89953091559853,127.96018555378907,125.8974887551903,126.18961373127819,34115309,126.18961373127819
2024-03-22,126.28988026685751,127.51250376557418,125.21596788903474,126.7561311833727,44615464,126.7561311833727
2024-03-25,125.35629988510131,125.28409125692518,123.31490252637124,124.62524913096419,36013647,124.62524913096419
2024-03-26,125.45160788063238,126.12532814431735,122.57438777513588,125.0506725469889,8194901,125.0506725469889
2024-03-27,127.25759897815792,130.13361872522168,125.13633978418113,127.41328404472809,13743041,127.41328404472809
2024-03-28,128.29329281774073,129.27258559712178,126.93474289698742,128.72217084606018,21910499,128.72217084606018
2024-03-29,126.88904938438833,128.93070963486528,126.00780844820969,126.5768112562424,35084407,126.5768112562424
2024-04-01,126.16730060211468,129.69866464369355,124.56604092913604,126.62931880748661,44809152,126.62931880748661
2024-04-02,126.27118827891125,128.71826469294842,125.15864480521057,126.52993424522444,6879558,126.52993424522444
2024-04-03,127.06904998896859,127.33434850230219,125.5232279260818,126.62700837942565,46404644,126.62700837942565
2024-04-04,123.66846531376021,126.83931860691496,121.47730228991726,124.20745355321789,47823150,124.20745355321789
2024-04-05,124.0280886621146,124.76346920367058,121.34556108567075,124.19839090282454,40700659,124.19839090282454
2024-04-08,125.20361186257752,128.84946324437286,124.66963911234775,125.92283948682918,8636263,125.92283948682918
2024-04-09,123.82180046238801,127.73998903174757,124.37950303740887,124.63361691994942,32392184,124.63361691994942
2024-04-10,122.93936903622132,123.45975415874078,122.82822101355505,123.16044218725624,20167377,123.16044218725624
2024-04-11,120.91517549771949,122.98086858207458,119.40128790463577,120.36190678269148,28193459,120.36190678269148
2024-04-12,122.85127278544701,123.77278728392965,120.57860847090355,123.28487043308373,25936877,123.28487043308373
2024-04-15,117.27899304399016,119.52588811114595,116.10663346616963,117.64082137067037,38285437,117.64082137067037
2024-04-16,121.8296625060441,121.81268387468373,120.20585642296942,121.25557061383257,30576118,121.25557061383257
2024-04-17,123.25153054903419,123.30906344855455,120.63878558892256,122.85299886677943,9551731,122.85299886677943
2024-04-18,120.65970642188785,121.21093671872073,119.46786072407106,120.4246454934489,31214083,120.4246454934489
2024-04-19,119.2757885771868,121.59392461870031,118.3242520084885,119.60488944832441,37440357,119.60488944832441
2024-04-22,122.50189302096545,124.55636232271162,119.90883283536284,122.8649005228825,21070326,122.8649005228825
2024-04-23,127.67253878463487,129.99865207498647,124.34192675882197,127.10879437723305,48368693,127.10879437723305
2024-04-24,124.38237449800805,124.44540720756751,123.44923159784466,124.16230574238294,18260860,124.16230574238294
2024-04-25,127.54051026264742,129.3917915391625,125.4772027535734,128.31933673035485,35298177,128.31933673035485
2024-04-26,129.86153535336314,133.44550913837912,127.58650852539712,130.45520727378613,44557387,130.45520727378613
2024-04-29,131.84915314243221,133.31544054832787,128.93884284206658,131.96221669512795,40806471,131.96221669512795
2024-04-30,129.6941384531386,130.5879786717473,127.319731141424,128.85705371215096,37336512,128.85705371215096
2024-05-01,128.5740240622351,130.62198695322593,127.61676326853174,128.2762621579026,46415097,128.2762621579026
2024-05-02,128.4433503434925,131.6472161669631,127.26128894033883,128.6136636278463,21088950,128.6136636278463
2024-05-03,135.2734584448126,137.37814907007922,131.6769966489965,134.44896250518403,28577571,134.44896250518403
2024-05-06,137.42826661774407,140.23442265287431,136.67581943294192,137.21834465947015,10613708,137.21834465947015
2024-05-07,142.78790887288199,144.42238757244496,141.8838492063725,143.26343050271075,34688069,143.26343050271075
2024-05-08,144.0215827611625,145.72078908007833,143.05836019052055,143.74630951196409,20226581,143.74630951196409
2024-05-09,146.93672463790435,148.93886638756672,146.71604630473706,147.4813729270611,14436868,147.4813729270611
2024-05-10,151.85678870103598,151.59945406277356,148.32976714714172,151.17483723623963,29176038,151.17483723623963
2024-05-13,149.9818408716019,152.6759668282813,148.2933541607773,150.56700762891452,10628826,150.56700762891452
2024-05-14,142.62720850577549,146.0242566003365,142.86103106610443,143.46867158636584,40968571,143.46867158636584
2024-05-15,149.6032904075026,150.92594942076843,146.26707487717417,149.75067098700188,5000393,149.75067098700188
2024-05-16,149.3188715566316,153.71555288282653,146.42707772688354,149.9797635888097,8452236,149.9797635888097
2024-05-17,150.18400395649553,152.3240305775116,147.8390417520976,149.81920222399717,27969862,149.81920222399717
2024-05-20,149.27492644341015,148.65378120383556,146.20547198364412,148.22193765257393,12372992,148.22193765257393
2024-05-21,145.4030549919857,148.50451404975772,143.0443239820837,145.21780124659617,17438518,145.21780124659617
2024-05-22,143.85551421338178,145.88005455382427,142.21113008399678,143.982701787495,11137925,143.982701787495
2024-05-23,144.14643832123136,144.34974724547575,140.62084626399076,143.26920623043588,33231926,143.26920623043588
2024-05-24,142.8164479672053,145.83151096895233,140.58695040434927,143.94125314292248,16959595,143.94125314292248
2024-05-27,144.003072940493,145.45625425676852,140.5767611512786,143.21685259531162,26164153,143.21685259531162
2024-05-28,148.62737401281825,151.11716811762025,146.03251505718893,148.46726023675683,46601056,148.46726023675683
2024-05-29,148.16332476052568,148.23181489865402,144.31666566061895,147.56367821997014,41583186,147.56367821997014
2024-05-30,148.42852011147005,148.87040797723796,145.68418238590084,147.83603822826745,15431808,147.83603822826745
2024-05-31,146.51732070449356,147.3302359647147,143.69263154587227,146.7771084056836,8135301,146.7771084056836
2024-06-03,144.46365412944934,147.31351865261487,143.67014632070104,145.26022536641793,17611864,145.26022536641793
2024-06-04,149.91185870630545,153.72230703111717,147.9229920916989,150.16386505992276,39164188,150.16386505992276
2024-06-05,151.70902367910833,151.41538001283726,148.12029797585893,150.72207795826145,19631894,150.72207795826145
2024-06-06,151.63447644796116,153.88677830357642,148.48859560568593,151.15693194177155,40493618,151.15693194177155
2024-06-07,152.73476234496485,155.64681445180398,149.84029322017332,153.62439591129927,48820248,153.62439591129927
2024-06-10,160.60386047606872,160.97241197290606,158.60746286630598,159.76414212629516,45832066,159.76414212629516
2024-06-11,161.3708007184879,163.09685955609697,158.54755445760753,161.3117014263811,48127178,161.3117014263811
2024-06-12,165.43138064013712,167.87326892138628,163.1142946425997,165.8578128292014,7802016,165.8578128292014
2024-06-13,166.98542774263163,170.73719976529642,166.25852636459146,168.211851277404,33619839,168.211851277404
2024-06-14,170.42253129850232,173.58821584518927,168.66668573482707,170.04140796631873,7983722,170.04140796631873
2024-06-17,174.45182032769026,175.8799370515898,172.20044836527916,173.3196503189782,26626445,173.3196503189782
2024-06-18,175.45046936899212,177.5777139279781,171.27323982976648,175.36681022444202,31747691,175.36681022444202
2024-06-19,174.9271565847764,176.73881396512002,172.1453693531989,175.19235555689286,27241159,175.19235555689286
2024-06-20,173.5344230636603,177.3446912759271,173.23936506387827,174.65581731268585,25442407,174.65581731268585
2024-06-21,174.7152358411567,177.8508989597691,171.6927063036942,174.73938937059216,10712781,174.73938937059216
2024-06-24,172.82659478274226,176.78157432948524,172.40566565894633,174.17210970644587,44489803,174.17210970644587
2024-06-25,172.75921658426768,173.70564854836374,171.02662148381992,171.71632788034537,37282292,171.71632788034537
2024-06-26,173.81409821171098,174.83794745239717,171.04326475533205,172.79588554527942,23452369,172.79588554527942
2024-06-27,174.68271354683912,176.46235189797102,172.5224028099556,175.10798761496122,11039493,175.10798761496122
2024-06-28,175.18162543266092,178.9153987161364,174.13186065390244,175.9913442757367,30428625,175.9913442757367
2024-07-01,181.876912625205,183.36433956895658,178.35622017365623,182.23980328794966,33960787,182.23980328794966
2024-07-02,182.4937457562265,186.41170866128834,179.3406853744749,183.42696725233836,40684170,183.42696725233836
2024-07-03,186.74486292723833,189.2482739444154,184.60126918336093,187.08480269213246,10443472,187.08480269213246
2024-07-04,189.82220698734224,194.34397591056688,186.72153740441206,191.28337797239078,43002158,191.28337797239078
2024-07-05,192.7111684880522,193.47423059322117,187.27975477235668,191.48426554417247,5757333,191.48426554417247
2024-07-08,191.05052073234955,193.66013970380538,186.47422723917018,190.28661430845708,19104677,190.28661430845708
2024-07-09,198.56141466122682,201.12032199302558,196.90754135789751,198.70911361801515,42311880,198.70911361801515
2024-07-10,192.09988847220782,194.86385231172395,191.5909266721887,193.40569050157956,23133079,193.40569050157956
2024-07-11,201.25232428698132,201.4985991696478,198.031853537537,200.2622238963728,24599714,200.2622238963728
2024-07-12,200.04530891162239,204.54490900365425,197.1291138097791,200.97850604699607,27921417,200.97850604699607
2024-07-15,201.51744777958106,208.13536003470043,202.07612523746445,203.13040197959288,24049565,203.13040197959288
2024-07-16,205.19418732081203,208.28936995099704,203.22100879736453,203.74218549371562,26091540,203.74218549371562
2024-07-17,205.11389195464318,208.3259541005833,202.73108169001358,204.82135767311345,30558475,204.82135767311345
2024-07-18,206.0198453719402,208.90480082629574,202.27486171950014,204.68838313263132,43449901,204.68838313263132
2024-07-19,204.9671756433505,207.02570087604488,204.1151396362358,205.84373968438408,20871343,205.84373968438408
2024-07-22,204.69136706135018,207.85267218408939,201.92017562010594,204.9368502801112,6783154,204.9368502801112
2024-07-23,201.50179881336334,203.9737745475538,197.8295707323188,202.64479915795016,12604316,202.64479915795016
2024-07-24,206.2262920581471,209.32612153538537,203.5086654146575,205.72434363356697,12114954,205.72434363356697
2024-07-25,206.10274452194335,208.75402308643598,205.10241635511363,207.704343626686,7445609,207.704343626686
2024-07-26,209.75506982233074,213.01193068676994,206.44383323403025,208.9913196682704,43995911,208.9913196682704
2024-07-29,211.61125423975628,214.00267627801193,208.3411652736237,210.5203113026505,22083491,210.5203113026505
2024-07-30,207.7914364869635,210.15439934610268,206.25349905825436,208.0967385587463,46489271,208.0967385587463
2024-07-31,207.1249624118283,210.14054335748898,203.9676269996197,207.9146629978572,44985201,207.9146629978572
2024-08-01,204.62392845717272,205.91074438274296,201.47885828568536,204.93625470074772,5724892,204.93625470074772
2024-08-02,199.133313608014,200.69425620364404,198.33607532855268,198.76089746485542,39811808,198.76089746485542
2024-08-05,201.78052156004034,201.79109211081578,198.57527972994149,201.18671897632962,44263926,201.18671897632962
2024-08-06,200.98473626750078,206.0992985823038,200.25280600122213,202.2622752099654,29988328,202.2622752099654
2024-08-07,193.39163025515992,195.24944043032002,190.2806331699387,193.63162362894468,8735584,193.63162362894468
2024-08-08,196.87050336116297,198.06205511526326,194.12496928674284,195.75561804764826,11066879,195.75561804764826
2024-08-09,191.15358524666388,192.5860082711355,188.4136920593727,191.71205745854982,20936567,191.71205745854982
2024-08-12,191.8452528989469,193.73532395446856,192.05984298321795,193.02438219916525,29249739,193.02438219916525
2024-08-13,196.46407603994624,198.45252457951904,192.6965106332463,196.0296272116909,48678638,196.0296272116909
2024-08-14,194.9948555531925,197.42291365603785,191.01977080278058,195.76975417318084,39366898,195.76975417318084
2024-08-15,194.47806938768886,195.79513409919795,191.42960450451037,194.87027290948095,17908035,194.87027290948095
2024-08-16,190.92457652196498,193.2626007434463,191.45635695362662,192.30902686995452,44127660,192.30902686995452
2024-08-19,196.87842638145295,199.90229369468807,192.73679786500352,195.59852061867986,38868696,195.59852061867986
2024-08-20,196.80706831388179,203.10307150353555,193.5054229139854,198.21854277472133,5927540,198.21854277472133
2024-08-21,200.0769179539973,202.1984548327943,198.26075159779774,200.79544229972632,12880303,200.79544229972632
2024-08-22,199.8972561182471,201.65793603432658,197.65103771622128,201.0492335589434,27460330,201.0492335589434
2024-08-23,204.3385005551031,204.35564211349353,200.93628721686926,203.1650825703134,26510904,203.1650825703134
2024-08-26,205.0436325777435,209.19094017852277,202.30111020300896,205.4072575132068,17088575,205.4072575132068
2024-08-27,207.59805304604086,211.13773590382408,201.94906278809017,206.10621284558837,6398115,206.10621284558837
2024-08-28,204.9890032456577,206.97943247809437,205.93748600117488,206.39518220832304,40795698,206.39518220832304
2024-08-29,210.05059677053097,213.94233394583645,205.61187443191864,209.80705674613105,9643342,209.80705674613105
2024-08-30,208.6881730311111,212.11218521740278,208.0594907085427,209.48700962848835,33877920,209.48700962848835
2024-09-02,207.56746300068423,210.80832856852822,205.36930652939176,206.33720698538693,34814048,206.33720698538693
2024-09-03,203.37654598107355,206.57192850144767,201.77896035555221,205.01599784351046,9763850,205.01599784351046
2024-09-04,206.527796385768,208.56809973476376,203.9675337435792,206.05067415873407,9914848,206.05067415873407
2024-09-05,206.8853164406447,212.3417214916662,205.17820547141764,207.82269180644806,6738635,207.82269180644806
2024-09-06,204.1387667169702,208.40720266398438,201.265623763339,205.36562169616815,38938731,205.36562169616815
2024-09-09,200.93119638850675,203.47163346030885,197.39667479777282,200.79655818787703,15360886,200.79655818787703
2024-09-10,206.84358415025238,210.75890917621726,202.4413347302951,206.17882030918378,5181670,206.17882030918378
2024-09-11,211.1424181099977,214.98631963789092,207.24864484729045,210.6758670936448,14416636,210.6758670936448
2024-09-12,209.6402792248151,210.53136598687192,204.56581766158934,208.62566709325213,16269940,208.62566709325213
2024-09-13,204.88492902502915,206.86901924660373,201.8045170858323,206.32380681179282,18266608,206.32380681179282
2024-09-16,207.1182660485358,209.53514762175107,204.74919813967173,207.63372950012666,43657036,207.63372950012666
2024-09-17,211.1019775379742,212.1646403321579,205.01605673397756,210.0532232153993,26332086,210.0532232153993
2024-09-18,213.47119598176278,212.7388588426344,207.33180412388387,212.27058906892464,24759624,212.27058906892464
2024-09-19,209.62511992162726,210.13032558109674,209.0419095969285,209.5758335030684,13418084,209.5758335030684
2024-09-20,212.29038474560386,213.23687430624156,206.00246349833472,211.15856780155056,47460384,211.15856780155056
2024-09-23,211.56110263314898,213.88799730179417,210.07981673119767,212.46236494221841,38684413,212.46236494221841
2024-09-24,217.5156770610539,216.5759468530393,214.02363324288484,216.06700068208897,42861860,216.06700068208897
2024-09-25,215.68091455466242,217.7290908934522,213.0044977633789,217.2041252265476,7571357,217.2041252265476
2024-09-26,214.75650621250566,218.2886557101649,213.454370687465,213.88488062397516,19500391,213.88488062397516
2024-09-27,210.90959620174036,210.62615403935715,205.11955133806543,209.44858864379592,30577371,209.44858864379592
2024-09-30,205.67043851850045,208.52576916016207,205.22485184131992,207.31001184286342,42834923,207.31001184286342
2024-10-01,205.33003714527703,210.82260455460795,203.49171607556957,206.13676145273203,49716956,206.13676145273203
2024-10-02,203.98829303530164,205.72816741842286,198.37668460435626,202.71906911125365,43109382,202.71906911125365
2024-10-03,195.57047189098506,199.669815669361,192.14847679683288,195.88513468393498,18033957,195.88513468393498
2024-10-04,200.04844592634748,202.94972664710596,197.48900472101238,200.5410420266662,10772261,200.5410420266662
2024-10-07,203.81789907899557,204.05726652781448,197.67927953327552,202.38997608567882,10622662,202.38997608567882
2024-10-08,211.01197563905157,215.85357996555993,208.23626644821468,212.2892649151953,40294172,212.2892649151953
2024-10-09,215.0977854203585,219.5201209214017,211.90215897715802,214.49434764031665,16188269,214.49434764031665
2024-10-10,218.85697261559636,219.06883837262407,213.62898382466713,217.19315713956024,37389893,217.19315713956024
2024-10-11,217.93873176691832,220.33926530137012,218.03860027380202,218.62153946405414,41633726,218.62153946405414
2024-10-14,220.05987210930772,221.03263835194525,216.55232889805677,219.51834215432143,24059476,219.51834215432143
2024-10-15,223.23947133535736,226.44994937698738,218.28045337020467,222.28777950446909,5556374,222.28777950446909
2024-10-16,226.83615231367932,230.9685599028838,223.4273060029321,226.28524884188423,49622656,226.28524884188423
2024-10-17,221.37718592449176,224.6382027634166,218.46439737366953,219.8979932158841,23998555,219.8979932158841
2024-10-18,228.00948081549907,228.78393987255933,226.57168166677152,227.40768415041435,41176771,227.40768415041435
2024-10-21,223.8793675589485,227.49733178147184,223.3214412216783,225.29831141546777,49626409,225.29831141546777
2024-10-22,231.0503714338453,237.87008567689637,230.40827615901443,232.74398235901893,21115894,232.74398235901893
2024-10-23,230.72006701136849,232.50134346617006,229.5954594254866,231.19017921449498,20053252,231.19017921449498
2024-10-24,228.899467058505,228.85317280873252,221.90663891413965,227.39677382632811,39638525,227.39677382632811
2024-10-25,228.41335185459482,231.81752166601692,224.04243213881762,226.77670276138514,34593520,226.77670276138514
2024-10-28,230.89908356441043,234.89631023888901,224.55023628179308,229.93774513233944,46168210,229.93774513233944
2024-10-29,232.2924294946192,233.3354217041636,229.1513654154905,231.1617682678876,12327951,231.1617682678876
2024-10-30,230.3403897008214,235.89441934936238,228.7795136089835,231.6775699422609,18725181,231.6775699422609
2024-10-31,229.43695489146106,230.23769823369435,226.50108974285519,228.85742321325776,7775416,228.85742321325776
2024-11-01,232.67467898928848,234.98064674202925,226.41789704066397,231.01268894608376,45895253,231.01268894608376
2024-11-04,227.01740104819703,232.48877730437144,223.58717664081874,227.269316759409,48836527,227.269316759409
2024-11-05,229.33305647025705,232.7153726820781,226.07159366239415,228.88220035148632,49155144,228.88220035148632
2024-11-06,230.71099800736266,236.37243579424722,226.44814647222154,231.26440718120355,17076104,231.26440718120355
2024-11-07,236.0732944322532,238.42837045352024,228.96348354491164,234.67175741280852,31408700,234.67175741280852
2024-11-08,240.3165217533209,241.23979682179632,237.11303097397573,239.0515991726153,29004453,239.0515991726153
2024-11-11,238.403683575049,245.8079261822149,239.19692619811806,239.9072323669567,15119555,239.9072323669567
2024-11-12,240.90242506099054,245.16464953146382,239.5088950906742,240.170608206137,49312312,240.170608206137
2024-11-13,237.85314447838797,243.11944245392075,232.70999153411375,238.14049085685338,16538889,238.14049085685338
2024-11-14,237.76930520898733,241.78054561216314,236.75924509162726,238.61309108520234,40181285,238.61309108520234
2024-11-15,240.523065614892,243.1252241448558,235.19373310797496,241.19706170770985,38621065,241.19706170770985
2024-11-18,246.78612225921952,251.50918610075405,242.10336108061395,248.1807897089158,14773352,248.1807897089158
2024-11-19,246.927667844508,248.40327530347778,242.45286278382204,247.40513892677092,47333427,247.40513892677092
2024-11-20,242.24881138570254,245.1360897927276,243.2756539920165,243.7810747783235,34887873,243.7810747783235
2024-11-21,240.1202638634322,242.95640155701577,236.62933802987718,241.8740913231626,48058505,241.8740913231626
2024-11-22,243.84042109801118,246.23764068066126,241.90294039802615,243.30537568539404,28893958,243.30537568539404
2024-11-25,246.25879702658892,249.8374687452035,243.29265928211973,244.3197166957994,41721027,244.3197166957994
2024-11-26,243.25227174873294,245.66990572753522,236.23457933414483,242.04372141247592,24207934,242.04372141247592
2024-11-27,237.9796306141651,242.01557193648893,231.9449914898561,237.01535877268213,16179237,237.01535877268213
2024-11-28,232.48193372617737,236.29557021182544,225.991313759986,230.94009179847896,43915243,230.94009179847896
2024-11-29,229.73756616373495,231.15837501188307,225.2830923929915,229.59670390464484,11100792,229.59670390464484
2024-12-02,232.5185730908756,234.17945676982578,226.49632693425878,231.24329491946895,33382258,231.24329491946895
2024-12-03,224.0253533923581,226.52236672591178,219.24533049723908,223.89145233370073,9607951,223.89145233370073
2024-12-04,220.39149234189435,221.4962739241571,215.5421759641087,220.2518241828613,17385078,220.2518241828613
2024-12-05,217.8432203943052,219.03537002437514,212.69628084211536,216.44619280857034,39364186,216.44619280857034
2024-12-06,223.8568132116378,229.2339471479365,220.69612069523606,223.89729301484647,28195064,223.89729301484647
2024-12-09,230.1851765169278,236.36640790179737,226.24691057965714,231.2007742045637,42536079,231.2007742045637
2024-12-10,230.22771799520504,234.20649962336907,224.710770249437,230.18202623887754,7007352,230.18202623887754
2024-12-11,237.23719919157253,238.87735680988501,232.44691551055362,236.49569574513788,42417275,236.49569574513788
2024-12-12,239.596886560391,242.89522385751872,234.08861785730872,239.1444574177508,49101260,239.1444574177508
2024-12-13,235.8248798915955,240.72243530257518,235.75475776249328,237.61411392851846,5207754,237.61411392851846
2024-12-16,238.89599496172372,241.09290686569187,235.46943922626383,238.43260513416135,35432944,238.43260513416135
2024-12-17,235.5185894672977,238.15362390848438,231.57266398349995,237.3340241939735,26706694,237.3340241939735
2024-12-18,241.41707227945076,248.28680750950264,239.00283153725735,243.3225794046661,38592670,243.3225794046661
2024-12-19,234.30683853849285,237.11577917095033,231.17916554295041,234.39404000704275,13014846,234.39404000704275
2024-12-20,238.92427365099587,240.59557733760445,238.18914338343185,238.8711382063596,14039036,238.8711382063596
2024-12-23,245.14673708521488,246.2733857753777,241.98664001338864,245.50041968933408,23184049,245.50041968933408
2024-12-24,234.3125419064969,236.70136670758382,233.74150586006476,235.4815106426188,8270738,235.4815106426188
2024-12-25,228.97414789818424,232.67922963315505,228.1196546929205,230.433417602037,15734668,230.433417602037
2024-12-26,225.67613511049197,228.93942409510495,220.41396031985371,224.26538845601254,9262850,224.26538845601254
2024-12-27,227.0011321923156,230.88213061354503,220.43034183418638,225.57479256139237,43695764,225.57479256139237
2024-12-30,231.04549158240985,230.8268132702919,224.90961505882768,230.17482860979567,7246310,230.17482860979567
2024-12-31,227.20161550188004,230.2132107084425,225.03537388984577,225.53452417970985,44821510,225.53452417970985
2025-01-01,219.4910729966742,224.48212762957473,217.95417099801688,220.75226498659455,15247197,220.75226498659455
2025-01-02,227.16226385944097,226.32905893871103,222.71633202986922,225.52291404674827,33325339,225.52291404674827
2025-01-03,223.04443088744907,226.24276625553406,217.30520161486183,221.895360232734,19811744,221.895360232734
2025-01-06,215.58941845049256,215.1621073577486,209.06462515729092,214.40980231129652,39815874,214.40980231129652
2025-01-07,212.3403723821965,218.62004324542073,211.4384242707256,213.71041659455187,21709433,213.71041659455187
2025-01-08,215.7183976770203,217.8053727107324,213.3355652101413,216.47345181809195,15719332,216.47345181809195
2025-01-09,220.2467383141109,219.95652247654743,217.01217716803805,218.5710624591328,48266722,218.5710624591328
2025-01-10,221.54878615642352,221.8062982896988,217.00724450859138,220.73464534099097,20909591,220.73464534099097
2025-01-13,217.59410345415006,219.5371392160005,213.85558141515705,218.9741067606407,42003604,218.9741067606407
2025-01-14,219.4191215687795,224.55203541813563,215.82413904939253,220.53279447256872,10178971,220.53279447256872
2025-01-15,223.31983408160755,228.11081084988197,222.9432474182151,223.6337602585421,5948601,223.6337602585421
2025-01-16,222.86559563836963,224.76400618277722,217.38779208711304,221.42059391407147,31535287,221.42059391407147
2025-01-17,220.7022195991068,226.7649750481441,219.08289905764784,222.0745959443122,13232362,222.0745959443122
2025-01-20,220.13064901157665,222.3759353315134,216.8113822097173,221.16884365243357,42023172,221.16884365243357
2025-01-21,222.85342889757177,226.46768589292688,217.19411256117195,221.97346171935502,14036943,221.97346171935502
2025-01-22,225.38079360794424,228.59595498581746,225.3833569661533,226.1337432886993,31557102,226.1337432886993
2025-01-23,228.44986093349266,232.4339205387063,223.51226715987093,229.17589324955324,46191867,229.17589324955324
2025-01-24,224.1982195774578,224.63749663143398,222.64639655666844,223.22499469445722,47469452,223.22499469445722
2025-01-27,220.05570717802996,224.79848532923913,217.26821448999132,221.1187420145075,16472099,221.1187420145075
2025-01-28,220.34577413416605,224.2484019074995,218.38810748288964,219.6558736388308,10599241,219.6558736388308
2025-01-29,219.5273359801399,225.18406111678465,218.41220743756855,220.90473123836108,23376007,220.90473123836108
2025-01-30,221.81361094880202,226.11162296657807,220.78792538478893,221.5573024824597,11789299,221.5573024824597
2025-01-31,219.74292813019488,224.1382319313508,220.66382525071873,221.40683717491032,42623879,221.40683717491032
2025-02-03,220.86539413446542,223.92971725677324,218.5025753418251,221.51793903299804,41799117,221.51793903299804
2025-02-04,219.92268900530055,221.20154766621587,215.4980838377983,219.43999816644052,12249767,219.43999816644052
2025-02-05,228.63302355010276,235.34381623649602,226.07921126458416,229.86501262370405,36409964,229.86501262370405
2025-02-06,230.71699484998422,232.21261766078806,224.37479084047473,229.40759984539494,23328224,229.40759984539494
2025-02-07,226.27030436258553,228.65499028137177,223.0152863212761,225.83154647190725,38815836,225.83154647190725
2025-02-10,226.1779060566391,228.7179130003284,224.63899124317547,225.42771737663975,8416969,225.42771737663975
2025-02-11,229.9863468061392,232.81464630068106,229.36831417920092,229.90923012598563,34287070,229.90923012598563
2025-02-12,230.30833036545616,234.49612152540996,228.6050908681766,231.98239184199934,25300874,231.98239184199934
2025-02-13,233.7942191656479,236.46745892616227,233.2035653484753,233.98824782390835,32357124,233.98824782390835
2025-02-14,233.8307493147681,238.57590709036,228.0645591899721,233.57010775816494,44777335,233.57010775816494
2025-02-17,233.82984424441258,237.62714863291873,233.55510482400467,235.56286968394187,33338252,235.56286968394187
2025-02-18,242.41021935648487,243.53455482488454,240.23260210921552,241.75579325753475,13007108,241.75579325753475
2025-02-19,232.0989222228065,234.18555289880283,233.12136407544708,233.71633074321412,26864093,233.71633074321412
2025-02-20,235.28915949390162,238.72480502013468,233.00497966615993,236.02310519429003,38220482,236.02310519429003
2025-02-21,236.92499202451955,235.76968241938448,233.62501061330477,235.25221430303336,10008535,235.25221430303336
2025-02-24,236.10276558208267,238.75936797159764,234.12019716518952,236.53957634201626,15908149,236.53957634201626
2025-02-25,233.45254641269545,236.5876640294776,229.48789681704935,233.43831887836956,22741149,233.43831887836956
2025-02-26,234.6971530907833,239.37023019477974,228.60911985130835,234.41744859838778,9051077,234.41744859838778
2025-02-27,228.44917700777236,229.1997137907572,226.02504411724678,227.8465121548536,16527660,227.8465121548536
2025-02-28,221.9400691702008,229.08022911988303,218.28424017460938,223.5686991795978,11460200,223.5686991795978
2025-03-03,223.94279218313866,225.24588009976623,223.51760874326794,223.97353248693256,47136046,223.97353248693256
2025-03-04,222.41854926395084,221.4444697444087,219.37416531065597,220.80796280520323,26662134,220.80796280520323
2025-03-05,226.23527203606668,228.54450388079226,224.45395770363376,227.2843064625444,10486163,227.2843064625444
2025-03-06,230.46136092902918,231.22926356193196,227.92545643566078,229.94549990315147,19383590,229.94549990315147
2025-03-07,226.2619156632465,227.20367362684024,221.4607329715214,226.00943903688923,26124412,226.00943903688923
2025-03-10,230.72362844826378,233.35272202670498,224.89420887324076,229.10140238461608,48871439,229.10140238461608
2025-03-11,225.4538696165097,228.53884922529662,224.79796757693913,225.82185471320895,12842840,225.82185471320895
2025-03-12,222.33622457005072,223.3229552138885,219.4506897276292,222.77110246777377,15923959,222.77110246777377
2025-03-13,224.8938244919583,229.37803814666285,221.14865939848403,223.91681766643396,21465708,223.91681766643396
2025-03-14,231.25004212996652,231.73507130090917,228.4617548369036,230.7984385104422,46619577,230.7984385104422
2025-03-17,228.49897545445143,232.16257921339516,223.98135526358482,229.09982895446313,22279232,229.09982895446313
2025-03-18,233.3884199925604,237.7841256323396,229.57805217137354,233.8942557833618,5293548,233.8942557833618
2025-03-19,240.25585465792346,243.79016573977015,235.0500107041521,239.76022328266166,39998752,239.76022328266166
2025-03-20,228.67484493089114,233.65235780175982,226.3969771811099,229.85742432257416,17455118,229.85742432257416
2025-03-21,229.10266894406206,234.1830394236323,223.83479323740184,229.1540242323459,21524073,229.1540242323459
2025-03-24,231.10560055563005,233.8498035539333,224.58438159257258,229.77672444144594,13422943,229.77672444144594
2025-03-25,228.4213022185601,231.41993779303647,225.43834118505785,227.04934128812485,33360641,227.04934128812485
2025-03-26,223.08162193201363,227.3846583909187,221.1869810749323,222.20933574563148,49010451,222.20933574563148
2025-03-27,220.32146962553324,222.29412393484847,220.0881233750505,220.84124843880426,22857072,220.84124843880426
2025-03-28,223.17202597339448,226.6135121684673,219.51157497335132,221.6342429948417,16059307,221.6342429948417
2025-03-31,224.14650800130738,223.6951521711516,217.67972671664,222.38500492800097,37465053,222.38500492800097
2025-04-01,212.45501157949147,214.95943329920107,210.38540224583517,212.62380638029626,37037691,212.62380638029626
2025-04-02,213.60371218606002,216.32268476513784,207.57947603993784,212.6083872894642,30663983,212.6083872894642
2025-04-03,211.63976198381795,214.22690891226577,207.58374626827407,212.76791980405957,25683989,212.76791980405957
2025-04-04,211.26944052468903,213.38409199244728,205.93822203453956,210.91897747502193,9324196,210.91897747502193
2025-04-07,218.91728848398645,224.2975715115044,215.30442211737827,219.46578573872688,27785456,219.46578573872688
2025-04-08,220.35496602907241,221.32261646029733,215.4910297035259,220.15308565562523,20516058,220.15308565562523
2025-04-09,221.56782265850342,226.3149924258718,218.9346360704768,222.35967215071727,38130861,222.35967215071727
2025-04-10,219.47444515746903,220.58361046675773,214.89667712104367,218.36354358928932,29017603,218.36354358928932
2025-04-11,224.43866369963655,225.5469201150835,222.75320180477826,223.57319831084504,20774296,223.57319831084504
2025-04-14,223.04127476200898,228.77847642667416,220.579722458671,223.64343212038935,43415100,223.64343212038935
2025-04-15,220.61579266309568,222.76915660517122,219.32036385870146,221.3817589060555,44183006,221.3817589060555
2025-04-16,224.87361276418198,228.71821372309503,225.592780496722,226.29816510134293,24387836,226.29816510134293
2025-04-17,228.35336188745268,230.35478442373423,223.1710858731638,227.684953993029,42277858,227.684953993029
2025-04-18,236.07191646536137,240.9297777157205,233.17687966119803,236.71520261038287,29897807,236.71520261038287
2025-04-21,230.8945840002256,233.64684518571752,228.5034528446277,232.68144979211303,49379076,232.68144979211303
2025-04-22,233.52813902613775,234.69938691642764,231.4041355277278,233.28131347739023,22293317,233.28131347739023
2025-04-23,226.11041832570513,232.97314928855548,223.0580520091722,227.74239103573723,34216199,227.74239103573723
2025-04-24,224.4841257690249,227.1851632521781,224.80858362523367,225.84068358820448,49397981,225.84068358820448
2025-04-25,228.61472164516002,232.90351642859116,222.54585904778827,227.88848748770963,5237787,227.88848748770963
2025-04-28,227.03652001457206,231.2036964086796,223.387180551843,227.99045597199617,40542857,227.99045597199617
2025-04-29,222.78369233949635,227.41218198721992,218.9626493211122,223.64367356271836,36308617,223.64367356271836
2025-04-30,234.80477364757738,234.80507424396274,228.99209559822555,234.2830069276295,44396862,234.2830069276295
2025-05-01,238.53135813855607,238.82933343462307,237.1669842367935,237.69896752845182,25738447,237.69896752845182
2025-05-02,235.20691226837,237.13934461031732,231.36887765333657,235.25841803566377,29024352,235.25841803566377
2025-05-05,233.9070272002784,236.70906221663085,230.81915122510333,235.76120840303977,21805145,235.76120840303977
2025-05-06,229.1114473750802,232.94212567913843,223.14468538489388,227.45311877908918,30723351,227.45311877908918
2025-05-07,224.3513384346159,227.81798900582174,219.7218181876827,222.64607742810315,16655855,222.64607742810315
2025-05-08,219.27855871621236,220.4218082395789,216.59628335418327,219.8981744012983,17106154,219.8981744012983
2025-05-09,220.95950658994352,222.8295654142926,216.9464794895602,220.006939655056,28110012,220.006939655056
2025-05-12,225.17608444398334,229.14963539019652,220.0665574776071,224.0374611762687,41432956,224.0374611762687
2025-05-13,231.21255631416014,233.26204391862092,228.1558442535208,230.96446524610795,11064368,230.96446524610795
2025-05-14,224.09147830703466,226.06450966272425,220.72249269556946,225.5939751476855,21178627,225.5939751476855
2025-05-15,224.81229000357493,226.67717632699248,220.06291286124386,223.14326641810155,17091524,223.14326641810155
2025-05-16,223.09883692152115,227.72904898640553,221.65743304621452,222.6018900051669,46519105,222.6018900051669
2025-05-19,214.90120368040238,219.00133468041562,214.628617164684,216.49778358936177,8669143,216.49778358936177
2025-05-20,210.1013549801321,212.39466290389228,206.7715858551218,209.4149681049398,34879450,209.4149681049398
2025-05-21,214.43216547533552,216.4487462032091,209.2870262382048,213.1309970986811,37709750,213.1309970986811
2025-05-22,218.07588780226658,218.74587353508184,214.56277920300369,217.7501912493423,9751280,217.7501912493423
2025-05-23,218.11114194819945,218.59177589032717,216.10415862971243,217.03966000679864,36357488,217.03966000679864
2025-05-26,219.61860899409314,221.14160628223675,218.1916223716458,218.6833673754291,44879025,218.6833673754291
2025-05-27,212.07983609173704,213.0822566740579,210.2209528079799,211.05046183451205,24818654,211.05046183451205
2025-05-28,208.56713746931666,212.74866762304447,207.41225023549052,208.45299049916323,48126490,208.45299049916323
2025-05-29,209.39910366104533,214.12331539244136,206.52125593469117,209.41718349113845,12932844,209.41718349113845
2025-05-30,208.08518042241042,208.7457171652435,204.30856410350552,207.70898227597166,35018864,207.70898227597166
2025-06-02,207.0407533457304,208.82038001745667,205.48454999337787,207.72182326080215,19511740,207.72182326080215
2025-06-03,209.99958974809456,213.34671671755183,206.29447222074722,209.81008448556298,13162941,209.81008448556298
2025-06-04,205.29702994233375,209.63139786731867,199.85152345587986,204.78172516814047,27456379,204.78172516814047
2025-06-05,205.2803723189994,208.08583807712827,202.15240649383807,206.24389752459257,28252363,206.24389752459257
2025-06-06,204.90567353170286,207.10890643020596,200.9114321269442,206.05175966433777,24505943,206.05175966433777
2025-06-09,209.2437198978175,208.39737387673713,204.42359519846767,207.65217170209044,23630363,207.65217170209044
2025-06-10,209.42367880378822,209.37933377130912,206.5793650780156,208.73141954729354,34864069,208.73141954729354
2025-06-11,204.61902745775396,206.92539691358502,203.2265928478919,205.36627011085756,30799409,205.36627011085756
2025-06-12,203.98416596748623,205.61484941616325,199.6955832677303,202.99380752918503,16182466,202.99380752918503
2025-06-13,206.3310368927657,210.12745670558826,204.56482367650594,207.4647548948983,8991765,207.4647548948983
2025-06-16,206.2319124334952,208.26734423744688,204.2342298117593,205.84002932438185,32078267,205.84002932438185
2025-06-17,211.0821549733334,213.19891537231027,206.92868241380188,209.66703228417535,25756060,209.66703228417535
2025-06-18,208.16559812442384,209.91981346491156,202.25468943074313,206.68964875203733,45238493,206.68964875203733
2025-06-19,212.71470532195744,212.06524402519068,207.5010860533892,211.63100265980208,6129518,211.63100265980208
2025-06-20,213.91765982604164,214.8394379195011,211.55030026354015,213.56408746529465,40337050,213.56408746529465
2025-06-23,219.99492761427294,221.58034575507793,217.9122542277339,218.52543202558033,8278738,218.52543202558033
2025-06-24,208.7827091421711,215.0872054715393,206.81096558093887,210.21311652100164,42087208,210.21311652100164
2025-06-25,213.92556946509114,215.25085833349286,209.6611542212332,212.32857024501618,25234938,212.32857024501618
2025-06-26,210.89281291623783,214.8984781156937,209.67625413790623,211.45776156314628,7560157,211.45776156314628
2025-06-27,211.62982086243017,212.16454322248507,208.88241509771956,211.5511719006673,49550343,211.5511719006673
2025-06-30,216.09475326288606,216.19059933885515,210.80540685381504,215.602528127342,18262324,215.602528127342
2025-07-01,211.3073676638623,217.08350543159557,212.10198235789372,212.68829130580235,38832196,212.68829130580235
2025-07-02,205.1097650668485,209.60606563607786,203.19413028090744,206.39650632616446,15826722,206.39650632616446
2025-07-03,212.71630038219436,216.89223319876902,212.17254494276742,213.19173104768308,17485301,213.19173104768308
2025-07-04,218.2003859462224,222.76445109663118,215.25114496739357,219.72214562328648,19683553,219.72214562328648
2025-07-07,214.80561066653422,220.46331805504377,211.38268555318925,215.43755847233663,20759857,215.43755847233663
2025-07-08,222.9953577775017,226.63812898708514,218.03823280201317,222.07947613023566,10518630,222.07947613023566
2025-07-09,216.21356993752795,219.60456023498836,215.27315102025193,215.993477176537,8672192,215.993477176537
2025-07-10,212.512241533795,216.05663166849303,211.21509802683315,211.94926714241944,32161461,211.94926714241944
2025-07-11,210.66670870417806,215.9477584307193,210.88455233291975,212.25781415415474,25536015,212.25781415415474
2025-07-14,215.11487982938337,215.65900322355944,209.6306612364742,214.5997897480614,24414411,214.5997897480614
2025-07-15,205.53049292483348,211.6361926096945,205.87248642600622,206.55100575983678,10387351,206.55100575983678
2025-07-16,210.63700086568653,211.4796486654986,209.02272717640915,209.59936011269505,19240150,209.59936011269505
2025-07-17,202.67840258175238,207.12686061377556,201.11393470174315,203.27118710054376,29667903,203.27118710054376
2025-07-18,197.4845444412016,198.68852532409872,196.97929645707197,197.57063029435093,41075874,197.57063029435093
2025-07-21,198.79619418264485,201.40578673612526,196.9663751953614,197.41856418974731,35184226,197.41856418974731
2025-07-22,198.92844545090358,204.51146844232332,198.5373218399599,200.4845167944353,35600115,200.4845167944353
2025-07-23,201.29762231722705,202.24136245647557,199.92143211300396,201.81808753469477,19635470,201.81808753469477
2025-07-24,205.20908675850217,205.54725951964033,199.78338240909102,204.5631149461309,44263969,204.5631149461309
2025-07-25,203.59465454802216,204.47501356690782,202.21572513032095,203.56472010498464,10733855,203.56472010498464
2025-07-28,202.89624670222022,207.73792736988506,202.61583529652884,203.75696186842632,30639314,203.75696186842632
2025-07-29,207.47420863516328,209.21845439390285,201.09459203950402,206.24996380912503,36616355,206.24996380912503
2025-07-30,206.97704868905512,212.63372384760373,205.7971140836219,208.43358757873898,37942577,208.43358757873898
2025-07-31,207.1071011129461,209.34781148652831,205.53392903033742,206.6888602254882,7028247,206.6888602254882
2025-08-01,208.81727782798768,212.3578895928218,206.23688211152114,209.7111958815063,41957247,209.7111958815063
2025-08-04,212.68643368212406,216.3934884124189,212.05902058232257,212.98537367618658,24808924,212.98537367618658
2025-08-05,217.70641153626758,221.5975061093585,214.30824130132837,216.276846560717,37892341,216.276846560717
2025-08-06,209.27849909746845,212.12156434010896,208.32952983175088,209.45852561146128,30733955,209.45852561146128
2025-08-07,213.13885499059447,213.10595404889443,209.4342642300605,212.11616760918744,34238508,212.11616760918744
2025-08-08,212.93540616173382,213.24665799869757,209.85657544026176,211.63870124658374,21551207,211.63870124658374
2025-08-11,212.98290849187688,214.61007174098197,211.72826253189638,212.6119507367336,43806543,212.6119507367336
2025-08-12,217.21045718025405,221.00581322389226,214.06013692752597,216.41964993314423,23574424,216.41964993314423
2025-08-13,214.89434517273318,217.73956293584044,213.13403829521292,216.54450028225452,48139108,216.54450028225452
2025-08-14,217.01295704954998,218.83435335177944,214.78963888536163,216.17899781528985,48424723,216.17899781528985
2025-08-15,219.93715049460306,226.33505661230615,218.9367328299731,221.29036964007744,38651499,221.29036964007744
2025-08-18,224.3513028275809,229.76192275529402,223.72155092195388,225.53699537244145,5406911,225.53699537244145
2025-08-19,229.84728536098885,233.5528044262768,227.034290482635,228.2240289675025,35376622,228.2240289675025
2025-08-20,224.79422276272982,229.65422008282843,221.9693751320485,225.98449002462675,11699941,225.98449002462675
2025-08-21,221.70746549041064,225.36100339431832,219.62959259616179,222.75760207081746,27571242,222.75760207081746
2025-08-22,228.45452032062715,232.68709691613878,226.9653100470185,229.4938628632531,12734068,229.4938628632531
2025-08-25,225.9997696780666,231.38414107390565,220.7925384904222,226.32070687852763,31464104,226.32070687852763
2025-08-26,219.91670810356158,226.52186191077257,219.71674247276886,221.37213015418024,28540388,221.37213015418024
2025-08-27,227.76802776978906,231.6222871149457,226.67230008957094,228.73965862670536,18534287,228.73965862670536
2025-08-28,223.65246476845635,225.06690567552496,220.3780155275583,223.66753543946132,17435587,223.66753543946132
2025-08-29,222.4540903107448,222.8454190593526,216.5794709577669,221.5254162124623,36260709,221.5254162124623
2025-09-01,222.99230679391658,227.89903494237964,222.08715057980012,224.6413621014814,21249721,224.6413621014814
2025-09-02,225.0703918700258,224.6965976697034,218.11046536715952,223.63198798244233,13638058,223.63198798244233
2025-09-03,216.29796225782468,220.9256261784162,213.46601332451277,217.7493762677689,45294380,217.7493762677689
2025-09-04,227.7474595033043,230.09974403163957,224.70483926121102,227.07998701877716,28971787,227.07998701877716
2025-09-05,228.39265064405458,232.72414665312374,227.80857362638588,229.36686847397218,41837217,229.36686847397218
2025-09-08,233.134156382265,236.33776158544933,227.9236010080293,231.4671511329154,22986256,231.4671511329154
2025-09-09,228.8934388840465,232.19585422305093,227.09693355972888,229.71891530684684,18873763,229.71891530684684
2025-09-10,224.64972234831654,230.12859321026525,222.10829380742092,226.4038207719041,38415078,226.4038207719041
2025-09-11,224.78760989452005,227.33863520733084,225.08243319552003,226.53110859926434,49072615,226.53110859926434
2025-09-12,230.06747918100106,234.55762209535885,228.42397903420752,230.43780908428158,27084294,230.43780908428158
2025-09-15,234.3467513855568,237.94781129277456,231.38581926794913,235.4214839494167,21368272,235.4214839494167
2025-09-16,235.98612457843797,242.37206706789183,236.79341403277925,237.37658727776747,39024809,237.37658727776747
2025-09-17,233.86477548713566,239.23637282462852,230.3507600191517,233.5870648798009,6783886,233.5870648798009
2025-09-18,235.42268406238216,240.7511144504185,230.42886133023876,235.10400131319378,39485824,235.10400131319378
2025-09-19,231.91756929881754,237.5617763158462,227.83014259843782,232.2976560334016,24796258,232.2976560334016
2025-09-22,237.55959132882273,243.31607538105646,238.16803222368787,239.33590798966767,16148484,239.33590798966767
2025-09-23,240.64521162752928,240.25945004605796,237.14928253570974,239.37991349140833,39924205,239.37991349140833
2025-09-24,234.89222591980746,238.96428486311706,232.1499484334414,236.55515093516985,44119467,236.55515093516985
2025-09-25,239.18487568400042,241.2912866387144,235.71470052908455,240.30422666781513,30851161,240.30422666781513
2025-09-26,241.4576607513606,245.93030222036302,238.05300522116707,243.3574507128952,29782404,243.3574507128952
2025-09-29,246.6503389126478,251.25784465195602,241.11376315430653,245.43294180259943,15400021,245.43294180259943
2025-09-30,239.6531810501494,242.48448890784144,235.4257654757583,240.05080010221408,48124491,240.05080010221408
2025-10-01,242.81829939573936,245.04346653100473,238.73796926720104,243.62612153912696,5530192,243.62612153912696
2025-10-02,239.32240248857676,241.46517822569123,236.91792132222758,240.68936904670883,11923136,240.68936904670883
2025-10-03,230.52425416161142,235.4767153481948,229.7065143303937,230.3179217463022,42626217,230.3179217463022
2025-10-06,233.47876086451527,236.60852118241144,229.62140475317284,234.22849595857124,9513300,234.22849595857124
2025-10-07,226.330280535744,228.48070690870722,224.3731293488676,226.17875108726943,16431220,226.17875108726943
2025-10-08,231.92595025542093,236.91806315449548,227.51842110118992,231.85016994799474,20033992,231.85016994799474
2025-10-09,227.9808124708905,231.50474463543833,224.9597555952235,228.4471267744512,12431617,228.4471267744512
2025-10-10,239.2559432508422,241.59796130525743,237.42435242545844,239.20395162680427,20552253,239.20395162680427
2025-10-13,235.86615864177944,241.2658267636258,232.03592677816022,235.5061082894538,22450416,235.5061082894538
2025-10-14,233.4969409003719,239.81564505013793,232.16081954995178,235.13765674182844,25693009,235.13765674182844
2025-10-15,234.197856284687,238.24222299377757,230.57605950106364,234.22897516352106,30550034,234.22897516352106
2025-10-16,228.18972951246963,232.2784153221368,222.67821387933793,227.90190880181066,13994529,227.90190880181066
2025-10-17,233.43223916935074,234.52794481239567,230.67723602757698,231.99851932554364,41006585,231.99851932554364
2025-10-20,235.8182237585072,241.47908323052212,233.8946911483586,237.12436935388007,29323649,237.12436935388007
2025-10-21,235.0987345251264,238.6492192490423,233.18217592744625,235.3409431361086,11779638,235.3409431361086
2025-10-22,235.23170911904265,239.511867054072,232.28681437380067,234.63134524174336,38467725,234.63134524174336
2025-10-23,238.00635009170858,240.27369142484346,233.55772842624978,237.72085942740418,9767324,237.72085942740418
2025-10-24,242.0065349040557,247.25979394905826,238.06109158603462,241.44515097923696,28364846,241.44515097923696
2025-10-27,240.2594562723701,247.14727600639367,237.250257595738,241.6696517503251,9575987,241.6696517503251
2025-10-28,246.47974933377532,250.87169971781833,243.19146581836313,248.22789910598064,30020457,248.22789910598064
2025-10-29,249.36067632027599,256.4817583380586,248.834803868608,251.34850092292135,49973778,251.34850092292135
2025-10-30,249.10938829801734,248.17084383857022,244.0019867091552,247.35701404251427,34197071,247.35701404251427
2025-10-31,253.3334701295325,254.53884940293847,249.7290116405081,251.4462996541842,38714883,251.4462996541842
2025-11-03,256.5331340315346,260.19956186348446,249.17897741959158,255.0745405349441,18789702,255.0745405349441
2025-11-04,254.16366012959858,256.707588127084,248.64580085664,254.4966408172121,24129489,254.4966408172121
2025-11-05,260.2202307853533,263.5431431685813,254.14088811975867,259.5952939496483,41078165,259.5952939496483
2025-11-06,267.7205552550596,270.2954395748775,267.5205749414585,268.07120459210694,14571458,268.07120459210694
2025-11-07,267.9028231478281,266.7591438785252,264.96131866421223,265.9019439626912,11289995,265.9019439626912
2025-11-10,264.249380207277,272.4859216117619,263.1187571606587,266.04347364338577,25611096,266.04347364338577
2025-11-11,262.62924319738477,264.81300640818887,260.67184576132604,262.6069181887421,34960565,262.6069181887421
2025-11-12,269.00605865588045,275.2047023056249,267.2871666183406,270.03519604435286,23701523,270.03519604435286
2025-11-13,274.27729484015737,278.72951187933876,271.17967654775043,274.047306284816,21195134,274.047306284816
2025-11-14,267.4167880831904,269.1098828463063,264.20009237630387,265.9064849056221,35366188,265.9064849056221
2025-11-17,264.087626595055,268.3877622266741,260.4052376245025,265.19537638880655,12134616,265.19537638880655
2025-11-18,269.2727326449171,272.75317728508776,269.2904454518668,270.1141369387154,27033904,270.1141369387154
2025-11-19,270.12188201220795,272.6274801388225,265.8104984948015,269.9393073905766,24544470,269.9393073905766
2025-11-20,263.8266746597356,269.61272705090516,261.30545719588395,265.94381571361487,6486303,265.94381571361487
2025-11-21,261.63318456616366,265.1771672819173,257.3080040003936,261.9320364902114,24931631,261.9320364902114
2025-11-24,258.5433407425998,260.36582290872883,258.01210186662865,259.4663942214344,20201709,259.4663942214344
2025-11-25,263.4597443069675,266.14893937850735,260.3388400790518,263.363468772059,21129861,263.363468772059
2025-11-26,259.56606750479517,262.1776588453777,256.4686930972783,261.35587101281664,25424467,261.35587101281664
2025-11-27,264.3189083252116,267.0721101461025,263.3024717738589,264.5891663022893,34699967,264.5891663022893
2025-11-28,267.4237735785715,272.3256345485095,264.66307395667303,267.6545507274882,15929985,267.6545507274882
2025-12-01,266.0401107340449,270.34245986612933,265.07515072235964,266.1191612432957,15656851,266.1191612432957
2025-12-02,272.60705122369586,276.024466902731,268.62742963690306,274.5010512613391,44524285,274.5010512613391
2025-12-03,276.4772503389201,275.74212395912855,270.4371682320464,274.5050810700875,10236071,274.5050810700875
2025-12-04,277.0820422661603,277.98848125493834,271.37749657547585,275.4905662692962,6148288,275.4905662692962
2025-12-05,282.6085996134799,283.1465940947829,279.57800785252994,280.5274478971039,49652878,280.5274478971039
2025-12-08,280.72664570735395,284.1886300154599,278.36698376964966,282.12785587685363,49620745,282.12785587685363
2025-12-09,285.03353231934597,289.1111571322186,282.9117384500017,284.27803604041526,24675799,284.27803604041526
2025-12-10,291.09431234685655,293.19484542017466,283.7490427656661,288.787862882293,6390553,288.787862882293
2025-12-11,290.7125570514719,297.3059454214433,289.41281442245406,290.57767949363483,40199720,290.57767949363483
2025-12-12,295.51881928087016,299.77788677866494,291.2980141735654,293.82357499247445,27449483,293.82357499247445
2025-12-15,288.27966061148976,291.58274293525267,284.3665483831231,289.57781027811234,16882593,289.57781027811234
2025-12-16,287.59991715669776,292.2849064914518,284.2996985175466,285.56571930560386,43659270,285.56571930560386
2025-12-17,280.25772883782446,280.5913493499806,275.63123443807416,279.01307398434363,39012931,279.01307398434363
2025-12-18,283.622084704108,286.5014039698754,282.0417149650575,282.9387928947547,38626520,282.9387928947547
2025-12-19,280.627405676364,284.5767195062972,279.7346258048738,280.33495102336616,40950596,280.33495102336616
2025-12-22,285.43645510859255,292.71976284383464,282.2597451278792,286.4103128493214,8748537,286.4103128493214
2025-12-23,288.6836550055056,293.4372254091894,286.06897293831867,286.93554877743975,47761676,286.93554877743975
2025-12-24,282.24488909853505,289.374741521711,278.1835903750747,283.50910044771933,40745257,283.50910044771933
2025-12-25,278.6457323616353,282.0718763762421,272.8566479074813,276.80168566201576,27435796,276.80168566201576
2025-12-26,265.9791934923181,268.3023536304368,261.71676189593325,266.3803364507761,24940735,266.3803364507761
2025-12-29,271.1339594511882,275.3868212504786,264.3378826483124,271.02650713383446,29638023,271.02650713383446
2025-12-30,269.9752737284367,273.9350840670705,266.2835127378039,268.4706290824855,44633084,268.4706290824855
2025-12-31,264.91440266381795,267.6459227702391,262.7705673861364,265.36146456412956,36526888,265.36146456412956
2026-01-01,271.92916226912354,273.5464556983041,267.1274079607727,271.0690687657305,12810520,271.0690687657305
2026-01-02,265.748984237314,269.50820801838444,262.5287164774954,265.50177520021913,46238785,265.50177520021913
2026-01-05,270.66262672106274,274.2430844332003,265.874186755625,272.2723757720116,49218704,272.2723757720116
2026-01-06,266.8641722164483,274.45852507448797,264.6185125500039,268.37267316696375,5902204,268.37267316696375
2026-01-07,267.5480054573084,268.8682102994625,262.5648779361441,265.6508319040935,38876741,265.6508319040935
2026-01-08,263.38202445623784,265.5955256019156,261.33205238042837,264.3878686058272,45548570,264.3878686058272
2026-01-09,266.04910669323897,272.2341927862935,260.43948575172664,266.1594352257527,31981530,266.1594352257527
2026-01-12,271.8171909096777,277.26914400511396,267.14687209901194,270.92126631595715,17213018,270.92126631595715
2026-01-13,268.661420139258,272.4889123236731,264.2655059423315,268.3481344290889,35260085,268.3481344290889
2026-01-14,267.9216372492146,272.3925438896923,262.0590339466863,267.20653121139463,43700909,267.20653121139463
2026-01-15,264.9201839870355,270.90994327783045,263.1636886377775,265.37188581786125,46255574,265.37188581786125
2026-01-16,261.8920192935295,262.18630656202015,256.51836570050506,260.6995996187311,30188640,260.6995996187311
2026-01-19,254.55719351596,256.3219618982088,251.7335448622154,254.23425719963484,28916843,254.23425719963484
2026-01-20,252.47990621843877,255.44062829263032,246.18113977172484,251.98321543691486,9862583,251.98321543691486
2026-01-21,254.28348480277103,254.38113063035647,251.84301787554278,253.82868759870777,27393732,253.82868759870777
2026-01-22,261.1456526214093,260.7078432613039,257.2910964900351,259.201480744541,21107252,259.201480744541
2026-01-23,261.198853054335,264.96837759990376,260.15093800512784,262.5989323473185,33055619,262.5989323473185
2026-01-26,263.61533325218994,268.7106879236316,258.8427756676595,264.33745152948126,34755882,264.33745152948126
2026-01-27,266.1870792358628,265.52854007478396,259.13627022826904,264.91674929170784,5719920,264.91674929170784
2026-01-28,268.2642624647663,269.5186378349128,266.2521411003442,268.4126267144864,26784274,268.4126267144864
2026-01-29,273.4527128814914,274.430180875853,271.8887497704451,272.7556555370335,13314230,272.7556555370335
2026-01-30,281.9722882226525,285.065372842258,280.3573983525467,281.0485283372138,5199997,281.0485283372138
2026-02-02,275.74293354791314,279.4028958145437,270.30729675236955,273.74115530145866,14024538,273.74115530145866
2026-02-03,267.5558053666143,275.62218976016675,265.22509718649593,269.13603484049963,13019356,269.13603484049963
2026-02-04,271.9894006147199,272.0367353275046,269.05544907670384,270.43382699164056,35696780,270.43382699164056
2026-02-05,276.7233335865115,279.98424669085256,271.3600841473339,276.9689540960178,9598573,276.9689540960178
2026-02-06,275.78474790980977,279.7914044347687,270.01529341373396,273.8002798583531,16825592,273.8002798583531
2026-02-09,277.82536518411047,279.02719872588494,277.1692901092837,277.8434050526557,27841299,277.8434050526557
2026-02-10,273.8474101817353,278.46344396362133,265.13173813630647,271.83892730459286,11274522,271.83892730459286
2026-02-11,265.82910214116276,269.80701993769406,258.81099632817785,264.4143468830157,28454558,264.4143468830157
2026-02-12,271.3213094404793,278.11971215951365,266.0137607582423,271.87270764229305,17802380,271.87270764229305
2026-02-13,272.2063691034039,276.55559068221567,270.0777835960169,273.0356248581037,42878036,273.0356248581037
2026-02-16,274.4046215485116,275.8232871495318,269.84896072265377,272.6977729778288,29992042,272.6977729778288
2026-02-17,261.95308850480416,264.93365792810044,261.73715882807437,263.0180173803159,13290034,263.0180173803159
2026-02-18,267.7446724254586,274.09388615949854,268.06483964806233,269.77488849668094,9102898,269.77488849668094
2026-02-19,278.1337535078375,280.24858976092094,272.12080426133895,276.4620413283155,20119253,276.4620413283155
2026-02-20,277.2253699065135,279.99136604927224,270.8250290087269,277.05473536445373,21939545,277.05473536445373
2026-02-23,290.5032414277205,297.6457116800383,288.7294855500653,291.6334446118626,47532905,291.6334446118626
2026-02-24,297.926217758965,303.1941603880311,296.35124565331756,297.9387882683865,24686974,297.9387882683865
2026-02-25,297.93920875113145,303.20471374700753,296.7777537045326,297.7121349862853,42781354,297.7121349862853
2026-02-26,297.3502911196256,302.6503292473388,294.35177214170966,298.81626640749477,46471777,298.81626640749477
2026-02-27,300.19304979811113,309.5254138162399,295.5639087873143,302.2520400809751,45569122,302.2520400809751
2026-03-02,301.6307694777461,305.2381169112182,295.474131812447,301.66540152893856,20804087,301.66540152893856
2026-03-03,305.50288911326794,307.41658267321066,303.3553980973704,306.5316157556097,29899243,306.5316157556097
2026-03-04,303.85042040044516,306.1583726344703,299.57141513093603,304.31864623834383,25321013,304.31864623834383
2026-03-05,296.40233153738234,301.67930853679076,297.3531786752449,298.1066637867893,37344599,298.1066637867893
2026-03-06,301.6870487379616,303.35935340352427,292.8905276086663,299.99621786926275,41247111,299.99621786926275
2026-03-09,296.82726098673027,296.3407047460627,290.65541489584575,295.715084872303,31959859,295.715084872303
2026-03-10,291.3112488244846,296.70255492996154,284.7758788355779,289.49606952781045,35870011,289.49606952781045
2026-03-11,292.7228488188842,296.08936208307347,290.66824707592474,291.84520959554084,44110589,291.84520959554084
2026-03-12,295.01718344941025,294.5653183200346,289.55457913689946,293.0674235042395,29460723,293.0674235042395
2026-03-13,291.6336988360647,297.84100602079275,286.8997487566141,291.0675554754717,14902409,291.0675554754717
2026-03-16,291.9989437856957,297.5151961187577,289.7875986779096,290.8331685305279,48261020,290.8331685305279
2026-03-17,282.7459370273797,284.6283110910997,282.9234148489331,283.9342103818584,43936226,283.9342103818584
2026-03-18,278.94818096281034,280.1746447690255,276.03148785981784,277.73601716318166,12893156,277.73601716318166
2026-03-19,276.57565966011776,281.5511252533761,269.276666643323,275.95693226714195,16198207,275.95693226714195
2026-03-20,277.5374022806982,278.32536150225496,276.13137588653285,276.8238943801275,42338721,276.8238943801275
2026-03-23,272.01396335932293,273.95450032876204,272.08355601181694,273.2980496877936,37843416,273.2980496877936
2026-03-24,277.67144617319195,282.51359665505663,271.63450398084257,276.0314898296519,31971457,276.0314898296519
2026-03-25,278.93113437712833,278.9001235907759,276.3344225695089,278.1441018841758,29179709,278.1441018841758
2026-03-26,279.82814943238833,283.66198277594896,274.120725335411,278.2939670403994,42764093,278.2939670403994
2026-03-27,278.6371763318864,281.4435369544499,274.71854631912845,277.3689888133783,22761580,277.3689888133783
2026-03-30,273.6295799612057,280.7623294208475,271.7569682956401,274.015381171225,31389071,274.015381171225
2026-03-31,273.83894214489834,273.7876792689794,266.92682935871943,272.788015074764,17342365,272.788015074764
2026-04-01,278.377105906606,281.0546756611673,274.9041124009424,276.3698216169613,26390472,276.3698216169613
2026-04-02,278.6862604577081,280.7232779523744,273.3303777397682,277.34193661300543,16100713,277.34193661300543
2026-04-03,281.2794884850744,286.60654948882006,276.7048165608836,280.40302982056113,17808141,280.40302982056113
2026-04-06,269.6106268211056,270.7814956631145,263.0967485995454,268.44247616259076,48240659,268.44247616259076
2026-04-07,262.24244238770393,270.21130502704585,262.2061823521226,263.99364328857433,30095529,263.99364328857433
2026-04-08,280.42157641732746,283.3223585769636,276.025107540873,279.3852338892955,15476821,279.3852338892955
2026-04-09,277.54249555643565,281.5990518850899,273.3528279595026,276.19312627020764,34372426,276.19312627020764
2026-04-10,283.0063126454129,283.28204754981243,278.96567244399085,281.6207888317217,35676576,281.6207888317217
2026-04-13,283.0744481230545,287.05023659779806,276.7414700911071,282.2652153133952,44723947,282.2652153133952
2026-04-14,283.91450485961275,286.3704949709583,279.3401441951087,284.94131802548685,33244220,284.94131802548685
2026-04-15,283.98910590091754,290.09623443128464,282.11600143722825,284.42973644310257,15613852,284.42973644310257
2026-04-16,282.11601704993313,284.041845019353,278.8995339219641,282.9748095099167,45105444,282.9748095099167
2026-04-17,280.3631015056842,286.78122088950926,278.64427770275654,282.5915001879305,35860637,282.5915001879305
2026-04-20,275.8308042426245,282.6186896397042,274.4298737715243,276.3304836615186,20769536,276.3304836615186
2026-04-21,272.2845371250644,272.8221565709962,265.4220676419828,270.744605228375,34230748,270.744605228375
2026-04-22,272.49309998849714,275.88055492890845,271.2641935823538,273.4235425973357,39999003,273.4235425973357
2026-04-23,269.96306195719836,274.58965187154854,270.6213211699268,271.235118843293,10457567,271.235118843293
2026-04-24,274.08175100795967,274.56541732262406,267.75214537872085,272.6764738352162,37642665,272.6764738352162
2026-04-27,263.4115808774371,263.4836662342408,258.8189918673645,262.44696349809027,44877821,262.44696349809027
2026-04-28,260.8327624881908,260.9079432222701,257.9068448781362,260.35696516473325,20815822,260.35696516473325
2026-04-29,262.57975904487245,263.3895944275901,258.09345605569916,260.95382743287735,7562969,260.95382743287735
2026-04-30,265.05070026722666,268.0033391862563,261.12279444558663,265.45249602942295,49066684,265.45249602942295
2026-05-01,271.4031369614542,273.8869303852268,263.9863533647268,269.7944334655084,6411784,269.7944334655084
2026-05-04,277.31999842648634,279.1807815433224,271.2512411044777,276.05961316690497,29770284,276.05961316690497
2026-05-05,278.9072344001709,283.43470467727536,276.57281849916944,278.388582636754,29180965,278.388582636754
2026-05-06,283.3205605749823,287.7828029288263,275.87597844416416,282.86661042357434,32526762,282.86661042357434
2026-05-07,277.17146886468515,282.64771277736384,273.3631764503848,279.14044622151863,37591936,279.14044622151863
2026-05-08,283.3433545400169,284.7819929151176,280.1561716781764,282.20797576045845,21503650,282.20797576045845
2026-05-11,276.41600171801775,281.71498324315775,273.17159884460625,277.1574111620094,37540458,277.1574111620094
2026-05-12,279.0634453252785,280.3248297191916,274.94313959079153,277.77380998742336,7604526,277.77380998742336
2026-05-13,278.03030401300254,277.0713082182841,274.531541931608,276.02561497037254,42300837,276.02561497037254
2026-05-14,278.04607162163416,283.11898159381366,270.11293393252896,276.2357427875859,27819205,276.2357427875859
2026-05-15,277.91508782548254,284.7139521304993,274.26759407001606,279.65002788102834,47147843,279.65002788102834
2026-05-18,282.53666628877056,286.04322620932976,279.73642074779116,283.551180735249,15123021,283.551180735249
2026-05-19,292.6713603617505,294.1593495925022,285.8839919760333,291.8647131275731,26809596,291.8647131275731
2026-05-20,287.9063494353936,292.2567123913404,283.11017949705825,290.0401692796252,10426030,290.0401692796252
2026-05-21,285.7182516686226,293.713720228367,280.577944358997,287.4575968573085,41541484,287.4575968573085
2026-05-22,294.8086501465998,297.92612599842056,291.5232423004506,297.0862169760937,21497038,297.0862169760937
2026-05-25,302.0009835219905,311.31788429104364,299.2722095204883,303.8150838948862,6370650,303.8150838948862
2026-05-26,294.681685307378,302.6014243071368,291.70602722919625,296.3582843158565,47225259,296.3582843158565
2026-05-27,310.288330227355,315.73527355853287,305.49390223621805,310.73330710807386,9180620,310.73330710807386
2026-05-28,319.7093089452632,325.4511575671135,311.77732207160517,318.907347068377,27071912,318.907347068377
2026-05-29,320.08492051039576,323.21985516749913,313.23623188935636,318.51773392251476,40905232,318.51773392251476
2026-06-01,325.1643784074467,326.73824254198684,316.9009323732304,324.9738678079644,18095081,324.9738678079644
2026-06-02,333.37934690714684,338.5216891500552,328.5866150181995,331.3479651616244,35689560,331.3479651616244
2026-06-03,329.812816357435,331.518566141302,324.50730259989217,328.88981636302447,48162509,328.88981636302447
2026-06-04,332.26604201974084,335.5036047772504,324.91095330578895,330.3237583152982,5125388,330.3237583152982
2026-06-05,325.40258002675785,330.2214943750241,319.428244463755,325.8555912340191,6344213,325.8555912340191
2026-06-08,327.10561701143746,331.77495320404176,324.12889557383374,326.0133341765968,8269704,326.0133341765968
2026-06-09,327.66110509733676,330.41387407003924,322.1934495457829,326.735564066644,30105265,326.735564066644
2026-06-10,325.12000115814374,328.15114302041235,324.0613246003436,324.81571038494616,47644197,324.81571038494616
2026-06-11,330.38132849667693,337.1805601894062,321.4801603106373,329.50609157502134,31486661,329.50609157502134
2026-06-12,332.52076468887606,337.2194613105506,327.83934366957783,332.586451084509,25855364,332.586451084509
2026-06-15,331.0280177274493,340.91485986414636,325.7065085391981,333.1068434888221,27218107,333.1068434888221
2026-06-16,337.1595488405003,342.2403420411912,327.4160917948639,335.03578753621275,7941792,335.03578753621275
2026-06-17,334.2220799353569,342.2120384543399,327.7663533298825,334.3413359911223,47961702,334.3413359911223
2026-06-18,331.394251964017,338.33636857448374,324.3085782336865,330.166523456999,6624170,330.166523456999
2026-06-19,336.56282542787847,337.9324745485529,333.15805371436346,336.61692681819727,32217556,336.61692681819727
2026-06-22,327.35097306118666,331.40157476014036,319.7690136805638,325.2668809197823,28747375,325.2668809197823
2026-06-23,323.5076145502949,332.74873158247004,319.81501215906223,324.74319622277557,22381419,324.74319622277557
2026-06-24,325.30346827405555,333.7768845056802,321.8176890487761,325.68323920007623,21509472,325.68323920007623
2026-06-25,317.46068455197803,323.5881780839933,311.4823668679872,317.1574114937999,29062943,317.1574114937999
2026-06-26,308.64712901103104,309.74635460706804,307.25194689002655,308.08154969052237,45007822,308.08154969052237
2026-06-29,299.44628243699094,308.2874452636867,294.97124540481843,301.639020894797,41794828,301.639020894797
2026-06-30,302.3082079162876,306.170404721643,296.63349396814925,302.9557402472178,30804147,302.9557402472178
2026-07-01,307.44047612444734,313.74457825768366,300.075081141677,306.4111263429481,30718972,306.4111263429481
2026-07-02,306.43832867387505,312.91405817589424,306.30120961749515,308.5694464913115,30465911,308.5694464913115
2026-07-03,313.1871302739156,313.49140872288376,303.64157090727446,310.9922120522969,28121944,310.9922120522969
2026-07-06,303.65980839580544,307.41719148116107,297.7059588176294,304.3352363526193,41000894,304.3352363526193
2026-07-07,302.30821272869406,309.4998134070965,300.2920802974729,303.48030489799305,12904748,303.48030489799305
2026-07-08,296.0420416955964,304.522351866499,294.6812300260681,298.2209241698911,19464711,298.2209241698911
2026-07-09,306.9908205117672,313.93853949961516,300.59885603552664,307.384628195022,19684177,307.384628195022
2026-07-10,298.22116986247653,304.1128910068973,297.94096466519096,300.34341920761267,8218958,300.34341920761267
2026-07-13,308.75621426169397,311.2315555710273,304.5468416643014,308.3959924024968,31898398,308.3959924024968
2026-07-14,308.4965052779825,309.20692502495837,300.1988838667418,306.88772382151024,26882904,306.88772382151024
2026-07-15,297.57493652541257,302.5457381286725,292.0286631247611,299.0805940312751,18372329,299.0805940312751
2026-07-16,286.57438687065184,290.2566894099056,281.1530287382822,287.888267544948,42814348,287.888267544948
2026-07-17,280.068408778244,282.31296082976354,275.6325013083019,279.48586180191177,9410488,279.48586180191177
2026-07-20,274.90001051308406,281.0520846993075,269.1312087515786,274.79434917224637,40848752,274.79434917224637
2026-07-21,265.79358722839487,270.9351900493923,264.94265437058766,266.22514857499283,11068132,266.22514857499283
2026-07-22,272.1277846193385,276.8042889279096,268.47733639687897,270.6629445705037,15961521,270.6629445705037
2026-07-23,268.63344272530605,273.70207752074447,266.13199483628347,269.3754070223153,20896586,269.3754070223153
2026-07-24,268.66319291280746,275.6353316738794,263.9493261906165,269.0366902806716,43413768,269.0366902806716
2026-07-27,268.9638496022554,273.3447098266334,266.9278762771112,268.31081866467866,14702492,268.31081866467866
2026-07-28,260.71426356413366,263.35336156627994,259.44571052737314,260.42245169051733,5699561,260.42245169051733
2026-07-29,260.6919365746482,262.3565967327532,258.3404425467197,258.9248018693757,17709192,258.9248018693757
2026-07-30,258.9846827583728,260.83679301277596,254.51538025915215,258.170576558922,5226135,258.170576558922
2026-07-31,246.18931008851962,247.11681833075377,242.4487321173374,246.46861756945705,31817727,246.46861756945705
2026-08-03,243.3520801216116,246.25836268565664,240.01086862300966,241.6641892291868,26899657,241.6641892291868
2026-08-04,243.60330110931338,247.39781659974685,241.08063628626923,244.7904824848882,6760683,244.7904824848882
2026-08-05,236.1881782065449,238.63305626438947,235.1209027724568,237.48255362011432,28612700,237.48255362011432
2026-08-06,238.86166291178395,243.77056930207982,235.402368468342,239.89942405095437,46598463,239.89942405095437
2026-08-07,248.8774302957525,251.44147547650877,244.4271463215974,248.05807601654078,29490031,248.05807601654078
2026-08-10,243.4171461781093,249.403597386131,242.63477385631785,244.663913560514,42607313,244.663913560514
2026-08-11,249.61982521919535,253.80711809226526,245.8265638195818,251.60551858071122,17132360,251.60551858071122
2026-08-12,248.83699370616583,252.13452122713306,246.20447698469823,247.54879320735776,9307247,247.54879320735776
2026-08-13,243.32679115629264,245.2961783444281,241.51488898387728,243.45767775418005,49506758,243.45767775418005
2026-08-14,245.83863299857506,249.0253053916656,240.06287503645706,244.54961983988312,45125966,244.54961983988312
2026-08-17,243.37426793053174,246.7519346975601,239.42523011250256,244.2039325307779,34662691,244.2039325307779
2026-08-18,242.10743370625562,242.38854079025603,238.6913723652701,241.22633839010194,16038070,241.22633839010194
2026-08-19,244.2774479387552,246.54018267910752,242.4584449658484,243.44138429818466,19176821,243.44138429818466
2026-08-20,239.25986648385646,241.28910567363474,235.64496633289846,238.2476932598162,12944932,238.2476932598162
2026-08-21,243.48347427893475,244.87191955086087,237.78600211977022,241.8654299852441,9931113,241.8654299852441
2026-08-24,247.71618615852745,252.51114802915546,247.50095261360008,248.79910817739298,46347088,248.79910817739298
2026-08-25,239.26383281899436,241.97476243951408,239.36240385594996,241.0301967709969,25202432,241.0301967709969
2026-08-26,242.53236520350313,241.7385537534362,235.27871920323688,240.82066784096412,35523889,240.82066784096412
2026-08-27,241.15582540957902,240.15231886832711,238.57646090039125,239.37685154947346,45304402,239.37685154947346
2026-08-28,245.22947635974106,252.1377482378143,243.7122681775652,246.08701146168372,44312154,246.08701146168372
2026-08-31,248.39016743577605,255.2404333946705,248.01798134995437,250.37737075581117,11719418,250.37737075581117
2026-09-01,257.48174540366693,259.9195677191948,254.26424254867598,256.0087492245863,26013808,256.0087492245863
2026-09-02,250.06689953091487,254.57732855383895,249.2932914623498,250.65022836495473,20506509,250.65022836495473
2026-09-03,254.957434513498,257.09127300379606,250.53610073797037,255.62710094134326,19301397,255.62710094134326
2026-09-04,257.60917977474884,261.5569430278755,255.43447534605104,259.3629925604345,19416188,259.3629925604345
2026-09-07,263.03625551800025,264.09198400644254,258.03695448330956,261.0051428149291,48858804,261.0051428149291
2026-09-08,255.78684062570565,260.75788777596955,253.8027036790025,257.1042644617456,17208142,257.1042644617456
2026-09-09,264.63615983025255,266.7122408524296,261.19248797388735,266.1739746592356,30281337,266.1739746592356
2026-09-10,261.798648749958,264.7743253429924,255.13952255050174,261.14677776304717,38556766,261.14677776304717
2026-09-11,255.88658435279774,259.3742238973516,249.7820804640862,255.33774708922286,24579571,255.33774708922286
2026-09-14,251.57405215727846,254.20883281539082,247.02967064232556,252.47607640259363,31867240,252.47607640259363
2026-09-15,248.51669008765674,252.40968468909756,245.41622627530938,250.34457609691657,44083146,250.34457609691657
2026-09-16,249.82191363612296,252.18985840242533,246.60722452075808,249.47038763490954,45286525,249.47038763490954
2026-09-17,253.843152253644,257.403767997739,250.1163741732161,255.1866229608379,40196197,255.1866229608379
2026-09-18,245.84314981278197,248.61932421192296,239.24275462644684,245.17909443118,42348386,245.17909443118
2026-09-21,246.95789016239732,252.52882873673536,244.50694356636984,246.7224203801358,33907873,246.7224203801358
2026-09-22,250.94259486208188,255.80411207067482,243.92668949769268,250.02458177569562,16905780,250.02458177569562
2026-09-23,252.51444153715008,257.3119271041879,252.2313731030923,254.05813712561857,23294032,254.05813712561857
2026-09-24,252.69528123798995,256.3391624175942,250.253559644063,252.90474545849366,46525421,252.90474545849366
2026-09-25,249.9163128501863,255.36929070549667,245.37422417833557,250.19693238783617,36678201,250.19693238783617
2026-09-28,250.34892793869506,253.21513363625996,246.64156643957452,249.57741110753855,6474271,249.57741110753855
2026-09-29,247.87320062413204,251.18216940199366,247.6602923897561,248.92838134243036,47949155,248.92838134243036
2026-09-30,249.51842919983213,255.36812368104864,247.03022108895485,249.71117423086957,7649675,249.71117423086957
