Date,Open,High,Low,Close,Volume,Adj_Close
2021-12-02,1223.4000427481146,1228.3908841196687,1204.4986969202514,1215.2595742721157,13166257,1215.2595742721157
2021-12-03,1225.1188329906836,1234.4532343683252,1203.1278197953895,1229.8914292582224,33030132,1229.8914292582224
2021-12-06,1261.1607045516769,1278.353462227976,1254.1094135167987,1258.2130381106622,23015289,1258.2130381106622
2021-12-07,1271.221206036595,1284.1257429875072,1233.941222843903,1264.1662673647515,35114816,1264.1662673647515
2021-12-08,1294.7372452490106,1320.0052411464142,1293.3040637856188,1298.729116800207,20938262,1298.729116800207
2021-12-09,1271.900477974878,1298.9403677609976,1259.093644717949,1274.4744644429252,19996506,1274.4744644429252
2021-12-10,1258.2950929333015,1284.4689201663446,1248.5925162692367,1256.2746901488445,29991201,1256.2746901488445
2021-12-13,1261.0611415396213,1285.3474852482518,1255.634805064651,1263.7934487954933,30255887,1263.7934487954933
2021-12-14,1264.484979764047,1295.6231855495303,1247.136969774668,1268.135131838946,46647051,1268.135131838946
2021-12-15,1275.5382240604984,1277.9008976738505,1249.568461328951,1275.1694112533978,43953649,1275.1694112533978
2021-12-16,1272.6933820314136,1301.2190000551477,1268.7212579214674,1275.2672419437545,37211926,1275.2672419437545
2021-12-17,1272.9769879779894,1282.914412252468,1239.747424068608,1262.9357123300304,22063806,1262.9357123300304
2021-12-20,1276.8926482952754,1296.5257134678952,1256.097094007378,1284.664890562924,19384863,1284.664890562924
2021-12-21,1274.787716674668,1294.8330773966454,1238.9778435101946,1267.7794677743534,21034664,1267.7794677743534
2021-12-22,1258.8365152711087,1266.9388367478816,1247.0381354536707,1255.9685496862726,44884580,1255.9685496862726
2021-12-23,1278.0249975677557,1303.0467754518654,1256.7239054703005,1273.6865813589222,28408712,1273.6865813589222
2021-12-24,1255.78152013549,1276.7619598884223,1243.0783184749398,1246.57618201281,39043414,1246.57618201281
2021-12-27,1288.8757279229624,1293.0165570243323,1269.6944226107555,1279.4032544300173,25573100,1279.4032544300173
2021-12-28,1257.3625834594666,1271.1290545448849,1233.8806436056366,1260.6663157714572,41937637,1260.6663157714572
2021-12-29,1263.5575974177186,1294.6167832159754,1241.245869548998,1264.5597629696974,5172441,1264.5597629696974
2021-12-30,1230.4968131102437,1260.1011764980665,1209.6787383157161,1236.6847043686719,43187382,1236.6847043686719
2021-12-31,1262.1101236594857,1281.2943401244852,1233.0278756587836,1259.7258253424045,10885155,1259.7258253424045
2022-01-03,1310.8049216146592,1343.760626352103,1295.291153020329,1320.5142698197835,7775720,1320.5142698197835
2022-01-04,1319.1843975431302,1326.876354355951,1298.292874012414,1311.27947113141,29634954,1311.27947113141
2022-01-05,1312.5862374055293,1340.0198587533819,1277.8731432361885,1310.1627656597186,37594552,1310.1627656597186
2022-01-06,1292.2078313845077,1308.7358689253715,1264.3607276396747,1295.7491507608052,6758194,1295.7491507608052
2022-01-07,1309.3667621191146,1337.7134946509673,1293.4469831406032,1318.8251473673997,24276569,1318.8251473673997
2022-01-10,1340.8218609570847,1350.968077740721,1327.1151538296333,1334.5707521922309,16582556,1334.5707521922309
2022-01-11,1346.7859940230314,1358.0173935961143,1318.1246407129645,1336.2436166749544,30797040,1336.2436166749544
2022-01-12,1341.4490558089713,1367.46243730379,1318.8173395854053,1335.5672117803895,32452816,1335.5672117803895
2022-01-13,1327.3997434670314,1333.3345412825101,1308.9831565065367,1322.8329869459053,20146807,1322.8329869459053
2022-01-14,1306.9468518141282,1344.2948762860415,1296.284041138329,1315.873040247106,19648374,1315.873040247106
2022-01-17,1326.0247465343402,1341.7819843833968,1300.4152611654863,1323.3882741311545,32934710,1323.3882741311545
2022-01-18,1309.2359527346255,1321.3421184483825,1300.6214794005737,1311.2255247401754,39196165,1311.2255247401754
2022-01-19,1287.1089692417793,1289.8459751078283,1269.9733367732074,1283.5142243483672,35011380,1283.5142243483672
2022-01-20,1230.2169773240646,1244.4796585452066,1214.7023285453013,1236.6672583835943,8648532,1236.6672583835943
2022-01-21,1252.784496337472,1268.7529246234305,1222.3763663737057,1250.6260202716694,9804252,1250.6260202716694
2022-01-24,1268.4484057643951,1292.0543109932564,1234.926327062997,1262.254709932268,27362344,1262.254709932268
2022-01-25,1260.3713627791801,1291.647164936135,1245.7079043156052,1266.7806771185378,10168603,1266.7806771185378
2022-01-26,1261.183520761231,1282.536166317249,1233.557584235337,1264.338025736766,44789138,1264.338025736766
2022-01-27,1267.506972526097,1293.4415089896243,1255.785160455184,1264.3627652653977,23484912,1264.3627652653977
2022-01-28,1247.238523500117,1255.709575642084,1245.2607083041785,1250.4795533994936,35413581,1250.4795533994936
2022-01-31,1252.7435688164062,1271.902064217579,1229.4786341733477,1258.2093737680582,32435417,1258.2093737680582
2022-02-01,1260.8591348966147,1285.8468226719567,1261.8792412724843,1269.9424455953488,22187089,1269.9424455953488
2022-02-02,1263.2883280866697,1278.8515926763273,1253.4891126607795,1265.6295151832387,19770793,1265.6295151832387
2022-02-03,1290.5656417300597,1316.2258934138572,1269.8872360819034,1288.8954901897355,11962599,1288.8954901897355
2022-02-04,1270.9733146846593,1301.327689349142,1244.142478998852,1272.4109975315184,34926195,1272.4109975315184
2022-02-07,1247.247551430303,1264.1570355355132,1222.1145168653559,1248.9664209358657,42152139,1248.9664209358657
2022-02-08,1268.6424813502517,1296.0043559576948,1245.7517249945495,1273.8409914174779,11678039,1273.8409914174779
2022-02-09,1259.0908739519357,1288.3313271510958,1230.7913275596457,1258.9499345572713,6616237,1258.9499345572713
2022-02-10,1233.8187505699123,1263.894874728892,1210.7789663862873,1239.133721264561,25556122,1239.133721264561
2022-02-11,1270.463653059095,1278.9331357431427,1259.9530319390847,1273.2789102218703,39122979,1273.2789102218703
2022-02-14,1280.1763543262318,1277.9229891415996,1264.9570388213542,1274.2963738613191,7184721,1274.2963738613191
2022-02-15,1287.5993944099293,1297.070666902201,1270.17193473908,1288.8730638778022,38120433,1288.8730638778022
2022-02-16,1301.9455354871548,1302.5736038592177,1289.6776206215688,1294.6799536196227,14227015,1294.6799536196227
2022-02-17,1268.0540558734535,1297.886274848062,1266.1987372545386,1277.7709207439357,16618939,1277.7709207439357
2022-02-18,1295.0771885546992,1294.0857549014484,1284.010007264706,1287.030879805586,49730368,1287.030879805586
2022-02-21,1260.5131212387128,1290.3318379574382,1261.403238307285,1268.6386533167338,5488109,1268.6386533167338
2022-02-22,1237.017365859283,1245.8706902028632,1229.5981680031548,1242.2065937203163,36512885,1242.2065937203163
2022-02-23,1243.7598151225518,1258.7463512973554,1225.757149603431,1250.4872416992807,42265853,1250.4872416992807
2022-02-24,1247.164361654805,1274.5749443978023,1229.0300761097133,1251.8360211283427,46091074,1251.8360211283427
2022-02-25,1267.995070605885,1299.7501764217243,1256.0949125202724,1274.0804914216965,30287778,1274.0804914216965
2022-02-28,1252.213627167607,1280.3841309351233,1231.7677528080922,1255.638337475348,30412248,1255.638337475348
2022-03-01,1276.904496357517,1299.4189164876761,1254.9570938957675,1272.8008705924196,25440711,1272.8008705924196
2022-03-02,1288.712419562383,1312.8043163814145,1277.73895076733,1288.0314884378856,36889694,1288.0314884378856
2022-03-03,1245.8094809811737,1268.7219350608607,1231.2138505588873,1247.6179680271398,36448912,1247.6179680271398
2022-03-04,1238.2511878674213,1249.5857781075924,1204.2017868579408,1229.6816943700796,28144868,1229.6816943700796
2022-03-07,1230.223612819091,1263.7402497297721,1209.3136727124413,1235.902538834717,13073337,1235.902538834717
2022-03-08,1221.3344725253046,1239.1147563051682,1196.6679722730742,1222.9563679127536,48665455,1222.9563679127536
2022-03-09,1240.3858465243623,1250.3441269174427,1233.2280829219574,1236.697020251615,34321800,1236.697020251615
2022-03-10,1244.3513397183358,1262.3595082138438,1231.2579114053585,1250.0449147731017,10269602,1250.0449147731017
2022-03-11,1254.727276506661,1253.7706128749587,1218.9538140343402,1247.3292548850227,49535866,1247.3292548850227
2022-03-14,1266.796713697875,1291.8049835364684,1248.6143293241114,1273.728076875186,32217710,1273.728076875186
2022-03-15,1251.0271739526172,1267.4258875909873,1231.7001725465796,1250.4739611498346,11161545,1250.4739611498346
2022-03-16,1261.7600380518945,1279.212873703404,1233.2466539914085,1258.7707339906344,20020330,1258.7707339906344
2022-03-17,1296.6109411055822,1326.5451958319852,1273.411900534315,1305.9568618405294,34723870,1305.9568618405294
2022-03-18,1305.509069798238,1314.2864918657658,1285.5529155832194,1306.66601933226,35765003,1306.66601933226
2022-03-21,1318.467264811415,1329.636656903895,1297.2902471267148,1320.365342762194,43603784,1320.365342762194
2022-03-22,1313.2215448193097,1331.0024401080557,1277.7186349444366,1306.0744235388509,32720037,1306.0744235388509
2022-03-23,1274.9932978152249,1272.8630204178744,1248.8305218109501,1264.9253824325822,23497911,1264.9253824325822
2022-03-24,1274.668204328495,1300.2862382905355,1250.807360352151,1276.2688451370218,41064941,1276.2688451370218
2022-03-25,1274.912398591678,1300.2973570310087,1264.3630007178645,1279.3022944742697,6843508,1279.3022944742697
2022-03-28,1244.5576124696076,1278.2864803303562,1243.4684076739532,1249.6531024617018,44399957,1249.6531024617018
2022-03-29,1263.239393120507,1271.36183739905,1234.9221055210319,1260.5638284616052,17830348,1260.5638284616052
2022-03-30,1239.8374615091532,1239.6823241679049,1219.2772247164012,1233.7700060048687,18146355,1233.7700060048687
2022-03-31,1222.3234982128592,1252.3095337909913,1214.823892832879,1228.6272618166179,21056902,1228.6272618166179
2022-04-01,1222.0799592471867,1237.7718476996176,1208.7589825662874,1220.3319286110109,47182171,1220.3319286110109
2022-04-04,1242.6510265677052,1243.3940279557146,1226.1830483364488,1235.0530304765537,13098402,1235.0530304765537
2022-04-05,1261.6012688901983,1278.4091011337575,1246.8008865908075,1252.387914757714,47670701,1252.387914757714
2022-04-06,1254.596550666431,1259.2559313189367,1242.2261102785671,1253.716363516714,8616267,1253.716363516714
2022-04-07,1246.5959902729517,1266.5087054333362,1217.6897273336554,1242.591488032488,48460353,1242.591488032488
2022-04-08,1237.9617734166236,1238.0586343508337,1216.0856365621692,1235.2382198860369,14796783,1235.2382198860369
2022-04-11,1240.329212988339,1255.6059236822248,1209.8371740902587,1237.4034992363786,6185565,1237.4034992363786
2022-04-12,1277.8734366492952,1297.829390842075,1262.9139568197388,1285.3093229528458,41064129,1285.3093229528458
2022-04-13,1296.3149534693823,1309.1067966814142,1267.6581096412729,1294.52864105713,28201508,1294.52864105713
2022-04-14,1288.2526975809676,1299.4293428947133,1266.3080030282736,1286.2461790042107,33590102,1286.2461790042107
2022-04-15,1307.2985132736521,1310.4742403361377,1301.7482656311236,1307.7052612178056,14448345,1307.7052612178056
2022-04-18,1272.0579636806779,1289.6850586710307,1252.0935695176559,1269.7690268886697,45147865,1269.7690268886697
2022-04-19,1290.975015696648,1296.5876849115841,1262.3152965903573,1281.6889396629444,9281611,1281.6889396629444
2022-04-20,1325.5429652599707,1357.3524717496005,1320.3596388524486,1325.5638269495653,19734870,1325.5638269495653
2022-04-21,1332.1325998062787,1337.5396927322363,1327.0954736988745,1331.5790432328847,35368690,1331.5790432328847
2022-04-22,1330.671064554709,1345.9951060622964,1314.1296367633677,1330.2257476499021,42068622,1330.2257476499021
2022-04-25,1281.7763426702904,1284.8623545986252,1276.3269988639793,1281.4195180028078,33924730,1281.4195180028078
2022-04-26,1299.6601375497153,1329.9501873931874,1291.3787157786905,1308.7669516795206,11935983,1308.7669516795206
2022-04-27,1293.6942760596144,1306.5979849632306,1267.0919736997332,1296.819944495588,17903658,1296.819944495588
2022-04-28,1305.6447248271172,1334.211421113422,1291.0464635832866,1308.6547547177156,6118955,1308.6547547177156
2022-04-29,1326.2034375551377,1353.0324044346282,1298.565094157488,1322.5044124103206,37128300,1322.5044124103206
2022-05-02,1325.6354420747114,1358.6427757521735,1327.4054328828329,1332.222344307732,36922925,1332.222344307732
2022-05-03,1355.3312398660867,1366.392853268832,1338.309469585349,1358.3679132262398,30991500,1358.3679132262398
2022-05-04,1310.0018146715033,1327.2000617045335,1288.0098486389209,1306.381585457821,23408398,1306.381585457821
2022-05-05,1339.8581760336301,1354.045729233883,1312.1836430951187,1339.0132211659384,35937541,1339.0132211659384
2022-05-06,1383.5129158890406,1408.0745882267656,1355.4327199547924,1375.2280514873496,34256855,1375.2280514873496
2022-05-09,1382.315109086396,1418.7607568977314,1353.7635962728832,1386.394542631043,33828385,1386.394542631043
2022-05-10,1394.9920417179994,1394.6374507931855,1359.7910505601353,1385.5570324637856,6879024,1385.5570324637856
2022-05-11,1365.7290318193875,1391.4874770366882,1332.6410729867569,1362.6790397884004,41948515,1362.6790397884004
2022-05-12,1342.7552460255486,1378.1493781253814,1317.6252805220124,1350.64135845718,9999200,1350.64135845718
2022-05-13,1355.6928736329512,1365.8230063090969,1320.7929550883046,1349.8853295948225,44846411,1349.8853295948225
2022-05-16,1324.796868551508,1327.838448651626,1315.2371922449543,1321.5458067167617,48326649,1321.5458067167617
2022-05-17,1303.8449527232005,1314.716166341672,1274.4913334805783,1297.0506581114846,33165488,1297.0506581114846
2022-05-18,1340.400461964888,1354.405372324835,1327.0614877361675,1335.5808498694062,42122092,1335.5808498694062
2022-05-19,1321.321674506428,1350.421799615153,1305.976035496876,1323.957983219004,19251204,1323.957983219004
2022-05-20,1338.419928047237,1332.3746538480298,1324.1563535425496,1329.300970457984,49567822,1329.300970457984
2022-05-23,1319.391754486005,1349.050864893343,1312.050550994818,1325.7149885517808,17580992,1325.7149885517808
2022-05-24,1314.8391753217822,1335.3983357210311,1312.256224292736,1316.76008438542,12347763,1316.76008438542
2022-05-25,1313.576897467708,1335.216959181681,1289.4312311966994,1307.3347894356154,27389381,1307.3347894356154
2022-05-26,1274.2342660539234,1297.0510863053287,1251.973402827286,1276.5965283804371,11204604,1276.5965283804371
2022-05-27,1269.5473752630785,1278.9691036243012,1263.54264770063,1269.6384219170438,37393880,1269.6384219170438
2022-05-30,1306.3814838446053,1314.2633448437261,1274.6131160813436,1298.1266776752036,39651358,1298.1266776752036
2022-05-31,1321.6052347227403,1353.6281647200462,1300.8221022987354,1329.8788087491112,22907046,1329.8788087491112
2022-06-01,1323.1139993551944,1345.2160215586462,1293.4026108896715,1314.4606483069833,49229319,1314.4606483069833
2022-06-02,1330.3738755493068,1342.6573587509683,1312.519475451624,1323.883748521659,34199493,1323.883748521659
2022-06-03,1305.0923559693451,1316.4786318676815,1304.5072345826707,1313.1411007031254,38105382,1313.1411007031254
2022-06-06,1299.195757831899,1330.0811973305867,1285.2529807653334,1305.2954085709582,27288840,1305.2954085709582
2022-06-07,1271.204007756892,1294.9516500739721,1250.5107035599249,1273.7527671500882,7161537,1273.7527671500882
2022-06-08,1305.0128021748114,1314.5850711949863,1287.027347466426,1304.8033859218567,22079182,1304.8033859218567
2022-06-09,1285.7833299642637,1290.3081900265292,1266.406073154002,1283.3193142969703,49335686,1283.3193142969703
2022-06-10,1292.660444162525,1316.5469071656842,1281.351585007642,1293.0402918804455,20680222,1293.0402918804455
2022-06-13,1259.0265986004358,1272.3262652776789,1241.2211761804667,1259.8926626198627,5859798,1259.8926626198627
2022-06-14,1218.8371752850899,1247.2894365017692,1196.7561267661383,1226.9300756000969,11574788,1226.9300756000969
2022-06-15,1224.0761999207257,1242.7030834216723,1220.4510488869992,1231.3934754564907,22677955,1231.3934754564907
2022-06-16,1280.8128677752,1296.1798027491743,1275.373138058624,1281.323786482557,33537627,1281.323786482557
2022-06-17,1290.522587874903,1323.0023875400575,1287.7902172377014,1292.967874526146,49990432,1292.967874526146
2022-06-20,1254.181530989615,1287.3238280576443,1251.9269979693472,1256.0594210705754,27858740,1256.0594210705754
2022-06-21,1296.1059123446835,1332.3756710765147,1297.145770653327,1303.81394364062,7829308,1303.81394364062
2022-06-22,1304.9412318255622,1322.6754090676443,1284.6754450565543,1304.306269811762,33909851,1304.306269811762
2022-06-23,1320.4504867340454,1324.1083474753912,1302.7159090478722,1317.6983561445927,19757192,1317.6983561445927
2022-06-24,1297.9058367961277,1320.2588371888005,1281.4793802083348,1306.0563185698938,49718022,1306.0563185698938
2022-06-27,1275.373215234157,1291.6455279915433,1259.8893570235903,1268.0058269835342,43751154,1268.0058269835342
2022-06-28,1286.3184019691746,1321.4454317809848,1274.428837557511,1291.5540403113446,39194931,1291.5540403113446
2022-06-29,1334.8355081681977,1357.1410394214977,1306.2773533550148,1331.3934595868825,43767172,1331.3934595868825
2022-06-30,1348.33235581145,1366.0135424903763,1331.287497549637,1350.2786054562753,49777117,1350.2786054562753
2022-07-01,1311.49657878299,1329.2578760751571,1297.0430193789232,1314.5447162850567,9152074,1314.5447162850567
2022-07-04,1307.7150730102712,1334.1251282531055,1281.9079793991136,1312.9788495188668,41527379,1312.9788495188668
2022-07-05,1290.5750421791047,1319.1320932068154,1262.2727194697932,1291.7286586855382,41354380,1291.7286586855382
2022-07-06,1307.9745101922833,1324.366376174864,1292.9214851985935,1309.713002509072,43921072,1309.713002509072
2022-07-07,1323.7732605203553,1328.9839592978487,1292.195033270268,1313.5754090851317,5916945,1313.5754090851317
2022-07-08,1298.226992509013,1312.8538462853692,1272.9652465304332,1304.1618873369328,19990127,1304.1618873369328
2022-07-11,1265.34838570995,1274.8731394379195,1240.0851136076237,1258.72322106898,38399350,1258.72322106898
2022-07-12,1274.1653892069899,1283.2093194153467,1258.466160399073,1266.082125267401,6623408,1266.082125267401
2022-07-13,1261.2855831094882,1277.6632749890175,1248.4580158308963,1262.4932518935989,24548153,1262.4932518935989
2022-07-14,1263.2585745167505,1275.9659207882391,1239.13130882343,1258.3976987873223,34061050,1258.3976987873223
2022-07-15,1261.2441894212018,1277.7317856782888,1257.5625706075996,1266.6623673355052,26975397,1266.6623673355052
2022-07-18,1268.1422379194044,1268.3319036805174,1228.8707777613242,1259.3773550727897,28653064,1259.3773550727897
2022-07-19,1237.7470441143882,1268.8243518604304,1221.1919536510823,1247.30925505496,25545425,1247.30925505496
2022-07-20,1248.4284962947377,1268.9553432627274,1228.145288530798,1242.8187116128763,5078901,1242.8187116128763
2022-07-21,1241.0878431370504,1264.9519808064329,1234.1136664052651,1239.2726017940006,14543842,1239.2726017940006
2022-07-22,1245.4907957809514,1260.185011980702,1228.2268006622492,1247.6584273885892,43855100,1247.6584273885892
2022-07-25,1207.6051934596067,1209.4205144986133,1191.6119777641338,1207.005013734256,37384169,1207.005013734256
2022-07-26,1205.7016182373973,1212.2481498377786,1183.5981286485799,1201.7567378300396,29564488,1201.7567378300396
2022-07-27,1216.4800852377323,1248.4521123968052,1216.603260677493,1221.0619348477885,7674043,1221.0619348477885
2022-07-28,1181.0156847311487,1207.3329439448996,1160.675592097785,1187.4443918329448,49591673,1187.4443918329448
2022-07-29,1166.093330523187,1173.4820490916713,1145.3387262115316,1167.138958068208,29689518,1167.138958068208
2022-08-01,1204.733705152956,1213.1830554650503,1169.6594788798727,1197.4186408388346,32256717,1197.4186408388346
2022-08-02,1212.714811090418,1215.8702061584522,1184.087123032044,1212.060887762996,16435413,1212.060887762996
2022-08-03,1183.445771818643,1204.3665618248474,1181.2001538269285,1190.806631307359,11108268,1190.806631307359
2022-08-04,1200.3301016032704,1202.6610722875237,1180.735747122287,1197.8147170358513,12498458,1197.8147170358513
2022-08-05,1189.5481730366805,1191.7970825694345,1161.8150559695437,1189.2185490190882,19095760,1189.2185490190882
2022-08-08,1190.6851826718832,1214.0853160375623,1176.752709499292,1191.6398149790873,7771357,1191.6398149790873
2022-08-09,1169.2227482367455,1191.3543431981607,1164.7992488618072,1168.3572725191118,46997095,1168.3572725191118
2022-08-10,1142.1239560837673,1148.918706720195,1110.5368132976769,1137.4703572911958,28269850,1137.4703572911958
2022-08-11,1152.8553049896811,1159.7245346438613,1131.949925923745,1145.25240544943,8885029,1145.25240544943
2022-08-12,1150.1170981795485,1154.1498382784,1115.1242818268488,1141.4780546686104,38352299,1141.4780546686104
2022-08-15,1127.1012152514943,1142.960594100856,1124.8619434631762,1132.9682183103182,13633581,1132.9682183103182
2022-08-16,1119.7458422203292,1129.4588680392853,1094.2144597273243,1113.9712614121477,13229981,1113.9712614121477
2022-08-17,1118.60644640024,1137.1743559149259,1092.3375194497407,1116.73916594868,34011042,1116.73916594868
2022-08-18,1125.108528347302,1134.5815342182,1113.9480865221428,1119.1599967636541,38974407,1119.1599967636541
2022-08-19,1103.6376076315378,1129.189928105847,1096.2515315085284,1107.3609363170053,34153183,1107.3609363170053
2022-08-22,1140.1903325509588,1149.4529975655537,1115.9075765538819,1138.8129717370716,35876292,1138.8129717370716
2022-08-23,1112.3706972859568,1122.667609247226,1104.7332860873553,1116.819002981166,41373001,1116.819002981166
2022-08-24,1122.6489196607602,1148.8918499949916,1101.0559533723404,1125.9875330971424,42638915,1125.9875330971424
2022-08-25,1127.0877570571724,1143.2322105456085,1111.3670428163591,1127.312741627486,33863649,1127.312741627486
2022-08-26,1105.950179079729,1118.5518440969063,1089.2687837763535,1111.6513152907366,26049862,1111.6513152907366
2022-08-29,1120.9340209545376,1125.573779342272,1086.430997732059,1113.5793904948257,28370570,1113.5793904948257
2022-08-30,1115.9946271270903,1127.9471653088729,1110.1284252285864,1117.9353584085923,10353564,1117.9353584085923
2022-08-31,1119.7088052321976,1125.7290668480769,1095.0743681684582,1122.079241594948,42884204,1122.079241594948
2022-09-01,1123.4036616558346,1144.5058179557896,1113.0533633841349,1120.1160291305523,44235157,1120.1160291305523
2022-09-02,1095.6079221698917,1111.880410720291,1072.6884068697116,1090.734535840206,40139288,1090.734535840206
2022-09-05,1074.8178058094893,1086.3595595136974,1066.4717999636418,1077.8839780166995,27257999,1077.8839780166995
2022-09-06,1053.1027321084302,1077.3567329588204,1044.1664547607847,1054.0756450700974,34108695,1054.0756450700974
2022-09-07,1050.3798164553284,1058.3687418538589,1026.0650448019103,1046.1528290777326,24632537,1046.1528290777326
2022-09-08,1040.3991211287844,1064.5198483288843,1043.87569704969,1047.1970741006412,12492213,1047.1970741006412
2022-09-09,1028.9350151491662,1059.9700759168354,1016.1349305585724,1035.1825942902826,31991713,1035.1825942902826
2022-09-12,1064.332157059717,1072.2523449165885,1039.9384257900422,1060.298943130424,34487738,1060.298943130424
2022-09-13,1020.8619468633351,1035.0722968448304,996.5142727192276,1013.0972205998179,21191929,1013.0972205998179
2022-09-14,1017.2973086396746,1028.8343439658236,997.0110919405772,1020.586135308867,25839742,1020.586135308867
2022-09-15,1002.2770708556773,1014.7767038395896,976.4762627458916,1000.6441805171457,32508483,1000.6441805171457
2022-09-16,993.703033941639,1020.8048536214666,982.7331489669525,998.4955647022934,25605287,998.4955647022934
2022-09-19,991.820499456409,1001.5014144080176,971.6708929474934,996.1500679523224,42805348,996.1500679523224
2022-09-20,994.4290892150375,1003.7354426073906,984.629401325542,994.2569926940076,42057014,994.2569926940076
2022-09-21,974.2519251948082,981.8514743602816,956.0359019416269,966.8204523605319,31263148,966.8204523605319
2022-09-22,975.6511538837669,993.3816947062122,968.6178364749851,972.607765791735,32639378,972.607765791735
2022-09-23,961.7812021137254,976.6875920927547,946.0782865545623,961.0601388494625,27259630,961.0601388494625
2022-09-26,966.884947063098,977.0377470641014,958.7142075684741,968.0932673010235,34883418,968.0932673010235
2022-09-27,952.2446191059094,959.2672153071985,942.4341741646681,948.5290848543102,34517990,948.5290848543102
2022-09-28,922.9102581627635,945.1172665703901,920.6634575320472,926.9555377340508,45822891,926.9555377340508
2022-09-29,917.7559240475333,933.143886273485,909.5381454472656,917.3970269517785,38156422,917.3970269517785
2022-09-30,896.4304606153781,911.0417217460324,880.9433318442423,891.533878939885,24171138,891.533878939885
2022-10-03,889.0890096805429,909.7340180176573,880.7128593012171,891.5075545635514,9715480,891.5075545635514
2022-10-04,895.4687245496791,912.5065530065243,885.2828729242964,895.2645748753927,41816464,895.2645748753927
2022-10-05,894.764444690323,913.3846675978831,870.5333160523137,892.7810050930597,46479560,892.7810050930597
2022-10-06,872.6660816764942,893.4433220239152,855.7631994586822,874.8027153207594,29217779,874.8027153207594
2022-10-07,904.5447006525641,912.1841009293539,894.2331894700683,901.7260911681827,17771429,901.7260911681827
2022-10-10,900.2479636817835,909.3713439299216,881.8172118042088,895.7184236753438,18662015,895.7184236753438
2022-10-11,882.1039677357547,903.9310437485836,878.3802948808509,888.5034141194891,43093911,888.5034141194891
2022-10-12,870.4338696391561,881.448663983105,852.0671409931575,870.8129246909756,29201309,870.8129246909756
2022-10-13,870.0486286801319,886.480662963456,853.7912519091544,865.6058019097491,41696061,865.6058019097491
2022-10-14,847.533143146479,864.741731653129,838.2658407686592,851.9995130729109,32543566,851.9995130729109
2022-10-17,852.7135127227459,856.748438682099,848.8106696902258,852.8869862288611,44115537,852.8869862288611
2022-10-18,864.8963780733599,871.1511462514071,856.0562994928039,858.9380150020407,46324597,858.9380150020407
2022-10-19,904.0338231766406,923.5792346892723,888.9828740647447,906.295968836522,45728834,906.295968836522
2022-10-20,890.6960604329229,898.4049910388297,875.3522267364151,894.3645909452083,33669839,894.3645909452083
2022-10-21,878.4912711190374,880.5460255218173,861.5632896219241,872.3009098243976,43874656,872.3009098243976
2022-10-24,892.0444557066386,896.5832469544207,887.4902027898415,892.3574089415372,49221180,892.3574089415372
2022-10-25,910.323447361149,906.1682841695178,892.3010595803688,903.6928062350264,32983459,903.6928062350264
2022-10-26,869.662346837415,883.5288138858764,853.3633981007828,868.9974010060735,34394836,868.9974010060735
2022-10-27,863.8309752614364,880.5042238145658,843.8931737803073,860.9689280903119,23180643,860.9689280903119
2022-10-28,883.2124769101785,890.53160243326,862.519668260557,883.1210957091473,24973701,883.1210957091473
2022-10-31,876.238047977708,885.0292483069455,865.9629655925446,883.1671591356809,14754484,883.1671591356809
2022-11-01,913.8672679508074,921.9383196772072,888.3102406675465,909.9325792687773,17854316,909.9325792687773
2022-11-02,916.0009666403337,922.9437567950446,895.2460508043573,912.179341038078,42473648,912.179341038078
2022-11-03,910.4228077569419,918.6147312217983,901.4449481394214,905.6911172987637,21696587,905.6911172987637
2022-11-04,900.1269793126502,921.6772411994058,888.5107194426987,903.722334241431,9864460,903.722334241431
2022-11-07,892.4819325340763,917.6373054676501,879.4480087490381,897.0639482833191,32837220,897.0639482833191
2022-11-08,887.9769331985688,897.8002268023802,878.4402945691586,886.8311540013245,11416721,886.8311540013245
2022-11-09,884.6285685748983,900.7996108032845,883.8465465874114,887.0435117769899,37207778,887.0435117769899
2022-11-10,900.1899276388932,907.8076472383251,885.7200125750165,896.3970557338433,48827851,896.3970557338433
2022-11-11,892.5521992105795,906.5149776805293,878.7896015216717,891.9077263851786,6716982,891.9077263851786
2022-11-14,874.9579071107827,887.5204657915359,868.0959150518673,878.9666201855778,41777147,878.9666201855778
2022-11-15,886.4129618709376,893.5623141872131,883.9573606090859,886.331559279091,41162272,886.331559279091
2022-11-16,903.1725554615198,909.2057420417893,892.0619762552378,897.8624854028492,23345805,897.8624854028492
2022-11-17,902.0151133662916,918.8855914276968,895.4060818081482,903.6223020165812,49331716,903.6223020165812
2022-11-18,865.632143432023,872.1261306277736,854.125495205594,870.0887733781359,31404655,870.0887733781359
2022-11-21,863.6871892361646,877.0482513724177,853.329634280249,863.3627823002815,10307292,863.3627823002815
2022-11-22,906.7002440523487,907.5251420977131,896.6995293897932,901.8657365550522,25952477,901.8657365550522
2022-11-23,907.1902775727671,918.3393278411453,891.608120942866,910.5047901284067,34876107,910.5047901284067
2022-11-24,882.7991675700844,902.2145517841609,870.5377282727694,886.6383581321705,35547821,886.6383581321705
2022-11-25,893.4153852036701,910.6194449583113,883.6378023696905,891.5406719788973,15128035,891.5406719788973
2022-11-28,860.3867142072417,876.6244705716184,854.2128861963073,864.2191834647689,41112790,864.2191834647689
2022-11-29,855.2251357007178,873.8035920079135,837.2822106782329,853.2840608709987,42120129,853.2840608709987
2022-11-30,846.4109215628256,847.2567440943122,828.8577764431868,844.1324035527524,8683716,844.1324035527524
2022-12-01,850.375371012155,850.4511460300773,830.3589654712737,846.0489489920211,46848018,846.0489489920211
2022-12-02,848.9078854291878,854.8493268098581,831.502984517875,843.3657651695246,34313757,843.3657651695246
2022-12-05,828.7623281495914,834.7810608354608,810.8505390039803,822.3982120634843,42675312,822.3982120634843
2022-12-06,843.7658366735801,841.0884883697214,830.2631388189828,837.7462022744959,26080204,837.7462022744959
2022-12-07,825.1516052282287,848.0969107379898,807.7364794664007,828.4406844742599,31657162,828.4406844742599
2022-12-08,809.0006920611901,816.2769982420082,798.3964912151514,814.1538709560767,46850296,814.1538709560767
2022-12-09,829.2062885577311,838.3245571190165,803.5788471653354,823.5771411988081,49042100,823.5771411988081
2022-12-12,822.6367782244341,835.8401528352304,805.342936030419,823.5979438784304,42328802,823.5979438784304
2022-12-13,825.098407825289,830.6120297138557,802.8154268137313,818.7305085768492,37812116,818.7305085768492
2022-12-14,811.0268208072106,814.8765801586768,802.3581016913269,810.8031842058741,35915725,810.8031842058741
2022-12-15,795.8978899916983,797.0606448970547,781.3461742900195,793.4230799216732,41534710,793.4230799216732
2022-12-16,804.48686636747,812.652690582498,793.0037220030493,802.6482758413525,15950126,802.6482758413525
2022-12-19,814.2252796647914,816.0250575081645,811.2509105651282,813.7456929611203,23879008,813.7456929611203
2022-12-20,826.757307753776,840.8336795113187,814.1551123689004,822.4466538264301,24005594,822.4466538264301
2022-12-21,823.835181779015,824.2417504606416,807.8218849263803,819.8330563215378,17703281,819.8330563215378
2022-12-22,811.3792596049135,824.8915124642648,791.9192311755802,807.043157868796,30694966,807.043157868796
2022-12-23,801.5983103077884,818.4748344377429,796.4870511605869,799.3431413696351,38541134,799.3431413696351
2022-12-26,798.9623797736635,810.5597842762007,791.4934063224777,797.7037587657145,33705162,797.7037587657145
2022-12-27,798.243681971267,807.2920212815673,778.7441692234139,792.988598350046,36463133,792.988598350046
2022-12-28,822.8335421971755,834.0160291311248,803.9215329700423,822.7129579508148,48854326,822.7129579508148
2022-12-29,839.5567886786564,853.3835931103088,823.0026535278764,842.4456830817479,37522834,842.4456830817479
2022-12-30,851.3167703423835,866.698278888717,830.7277732033654,850.8910202312356,19364496,850.8910202312356
2023-01-02,840.2695874461831,853.9074736109369,825.2463032537966,842.6231843802625,28891041,842.6231843802625
2023-01-03,865.4636650220715,870.6892425726442,848.4260355245754,858.8838493652944,11906304,858.8838493652944
2023-01-04,852.677526069454,855.5954917392129,847.0284401974561,851.1582582353658,47031391,851.1582582353658
2023-01-05,871.6243391685049,880.0770735299234,854.6075823102337,865.3174779544397,10668102,865.3174779544397
2023-01-06,897.6198894203311,917.8371493643953,882.6542816323512,898.0137480910918,49969932,898.0137480910918
2023-01-09,881.7189119074027,885.2460226288156,874.6646779186866,878.6637229232064,45505807,878.6637229232064
2023-01-10,895.1922965070282,898.966605458487,880.9321808311049,894.3935849065265,10991371,894.3935849065265
2023-01-11,886.5806985586647,901.0235473910894,873.8956404432984,889.1897431539604,24709843,889.1897431539604
2023-01-12,866.3346507105166,885.2387399540206,861.8436942208467,867.2459016832779,31583731,867.2459016832779
2023-01-13,889.6755870320342,908.5734624139918,877.4127415094333,890.1884787788855,5896891,890.1884787788855
2023-01-16,913.0045358516113,929.6790727851673,891.0469727114202,912.8313314990143,42898961,912.8313314990143
2023-01-17,906.5855830963674,919.1009377527155,905.9538819131043,909.1650942047488,6391459,909.1650942047488
2023-01-18,908.9442933617902,908.1771654208798,886.6779008693951,905.0410335847479,44471994,905.0410335847479
2023-01-19,907.1805000258894,920.7656085600008,903.9041022922677,907.1972719840514,12844989,907.1972719840514
2023-01-20,905.711268218598,910.3780421709611,889.3957755959518,902.0806900077653,46370963,902.0806900077653
2023-01-23,909.744502201725,908.0839643011128,890.3479731128822,905.5217496502872,19220851,905.5217496502872
2023-01-24,911.5551962112299,917.6115069425048,898.2169804899365,912.1521640681486,30159113,912.1521640681486
2023-01-25,912.9989728215214,927.6008799533835,900.1029261811817,920.0048336595235,29311193,920.0048336595235
2023-01-26,902.8942564265744,920.0718322845253,897.8237717099472,909.8681471633287,12074922,909.8681471633287
2023-01-27,954.1503866789174,970.4683045065992,944.2175634321264,956.5239633603586,38811552,956.5239633603586
2023-01-30,956.2819606281547,968.4177758335993,936.0814999935188,958.0172310570905,27348818,958.0172310570905
2023-01-31,954.1947164769705,971.2703317378143,945.3948233157195,961.6712454539268,12535870,961.6712454539268
2023-02-01,961.9407664848063,962.8778013741105,935.5306916536002,958.0728901773488,15933475,958.0728901773488
2023-02-02,934.8197586182547,958.3467135527653,919.3377077455937,940.490117445298,29129383,940.490117445298
2023-02-03,942.9956479877886,966.5689436616144,944.7903087482815,946.9736909346382,29508391,946.9736909346382
2023-02-06,929.3716474836766,939.127797996324,916.7592290853894,936.4513245269511,31481573,936.4513245269511
2023-02-07,959.342000364695,978.2478739686308,953.962674619126,963.0694503652137,47912612,963.0694503652137
2023-02-08,968.2076411363163,974.0326619601026,957.4118069096459,963.074896491646,11678170,963.074896491646
2023-02-09,937.7039851511827,955.3217323567588,926.7047100224866,944.1203096215839,49218952,944.1203096215839
2023-02-10,928.6452337615117,930.0303881848201,908.3579464680255,922.3503606277333,15837358,922.3503606277333
2023-02-13,924.7345608052926,940.3882274228806,910.9749829854529,919.1486570067889,20083416,919.1486570067889
2023-02-14,930.1039387700798,948.1933284837255,920.7274088284533,932.830841232102,7909834,932.830841232102
2023-02-15,925.3423784643342,935.0178692439088,909.5600831626175,920.3835487111402,40311538,920.3835487111402
2023-02-16,916.3883626016675,937.950736146144,902.1628395413137,923.0910809730457,27081036,923.0910809730457
2023-02-17,907.072022931525,914.3380296557566,898.0320945524132,900.7671500842322,21692710,900.7671500842322
2023-02-20,894.1804427744199,907.9157892630993,869.6677203313532,888.5473321953087,5807925,888.5473321953087
2023-02-21,859.2338481380905,886.5696642267732,853.1618052565392,866.0007147817006,24797991,866.0007147817006
2023-02-22,834.458903168081,850.580644240488,825.2482842786982,829.8796292783455,47208478,829.8796292783455
2023-02-23,844.4234144589608,858.0050580445737,840.8014140755554,847.9039222164099,11420720,847.9039222164099
2023-02-24,841.6694583248236,862.8194857152571,828.1381263945142,847.1977246027257,7370987,847.1977246027257
2023-02-27,822.2524406024036,844.1102496321478,826.6611229159594,828.8677332704449,9873063,828.8677332704449
2023-02-28,796.654543937478,816.3302494644284,797.4091490702898,802.6068057188093,18710055,802.6068057188093
2023-03-01,817.4968663425544,834.0570235375475,811.6577079957848,820.8422870566017,42244011,820.8422870566017
2023-03-02,830.4546764226172,840.4546652030093,824.3464665015723,834.4737863224234,44432554,834.4737863224234
2023-03-03,830.6702731895932,846.0386461424615,824.2760933120584,829.9898287126899,35047172,829.9898287126899
2023-03-06,796.9554789040453,821.508892010392,797.5980241999499,802.595650783047,19592147,802.595650783047
2023-03-07,791.7524176585212,796.7808865212769,772.0469524279371,791.4897689447084,7787722,791.4897689447084
2023-03-08,770.261320959213,783.2132580093131,761.5925754011328,771.887525203495,25558680,771.887525203495
2023-03-09,784.6604015131791,792.7012390529147,786.7688617802456,789.428129007055,30631964,789.428129007055
2023-03-10,798.8045840154024,802.0194029407899,785.095514290625,793.1816818899676,49796379,793.1816818899676
2023-03-13,810.8294644273205,818.7305564265506,801.0360177937798,815.863956784991,7106187,815.863956784991
2023-03-14,796.3308665721252,816.0796247695881,784.5732776246822,801.796258291567,24609024,801.796258291567
2023-03-15,811.9466913567209,826.1278536347676,806.190620460483,811.7132109519032,9113964,811.7132109519032
2023-03-16,811.6331240295539,817.6718685919512,813.6963728915467,815.7588243579938,49087608,815.7588243579938
2023-03-17,850.4788178994413,863.4221797377006,845.1256688502642,856.9255326872624,44766277,856.9255326872624
2023-03-20,856.093100412101,867.8578772623152,833.2893557461643,851.6143350274291,19173195,851.6143350274291
2023-03-21,880.345642703041,877.633400925006,858.7320788780091,875.2720291161821,45793499,875.2720291161821
2023-03-22,892.1196329965563,888.5581362716815,882.4136667089944,886.2440536447771,15299934,886.2440536447771
2023-03-23,871.684642653602,875.6789520718131,851.7557416862809,867.1668981431848,30786674,867.1668981431848
2023-03-24,883.5607819751558,902.820744286668,868.3261808143857,885.6196051143352,38676620,885.6196051143352
2023-03-27,869.5470684280808,871.5481025586797,845.4423053509715,864.7520988715168,16580383,864.7520988715168
2023-03-28,863.0721408520726,870.7351617214975,857.4238766161415,862.3411859748796,32031062,862.3411859748796
2023-03-29,867.1658963362395,871.3072597191513,860.0543768521924,868.5069815263713,28237285,868.5069815263713
2023-03-30,860.6476432475197,885.5861185635775,855.4236239225118,865.3968895548884,29423488,865.3968895548884
2023-03-31,848.1411485176619,853.3432124221839,835.4642898927759,841.9137730146551,48749871,841.9137730146551
2023-04-03,843.823354608648,857.5745779883305,841.5241281668842,847.1906499412354,8190003,847.1906499412354
2023-04-04,850.0722468243936,872.1217331483592,834.2845446019182,852.5653841531953,18324151,852.5653841531953
2023-04-05,882.1979923506243,895.7049746137251,855.9426251942713,877.3283142455698,47086178,877.3283142455698
2023-04-06,858.1561527351104,879.8891193640012,840.9241469479178,862.1933955280499,45987380,862.1933955280499
2023-04-07,833.3430147254289,844.158821230322,823.2455035593513,828.2182377185098,12609055,828.2182377185098
2023-04-10,835.5133606827715,847.9188462573178,828.9271509622031,831.5752477386071,34952441,831.5752477386071
2023-04-11,843.499045812285,865.5647893986467,835.8164211096964,849.3285482625641,12951061,849.3285482625641
2023-04-12,857.3615033627484,862.0852577094455,849.68030504106,851.7520336987405,24809834,851.7520336987405
2023-04-13,856.4638487822394,867.572588397964,835.5297978669489,850.5630598377105,8511940,850.5630598377105
2023-04-14,842.4647546115201,854.3172036221854,820.1312721343616,840.9608410492056,29105768,840.9608410492056
2023-04-17,830.2846475855875,828.3520009399645,810.1295678193494,825.2806679961058,32206393,825.2806679961058
2023-04-18,812.3423254810759,817.1480881183705,810.228001693501,815.2096025533917,21077112,815.2096025533917
2023-04-19,821.9869038790123,836.5867769091369,813.4718712878843,817.4047925294117,19185079,817.4047925294117
2023-04-20,815.0314100875743,821.3568194933483,803.5418645815522,813.4419758873864,13925584,813.4419758873864
2023-04-21,823.5830082485314,829.5820858630693,820.7870359366178,827.3514447572571,25979640,827.3514447572571
2023-04-24,806.0149141492385,824.386987794616,790.4424343945857,807.429477062971,49480946,807.429477062971
2023-04-25,789.7231930755922,808.421025551141,781.0837528880854,795.7893562365697,37078232,795.7893562365697
2023-04-26,801.9526470914584,805.4125637469878,777.9563439488369,796.536737562125,17347767,796.536737562125
2023-04-27,792.247607021434,795.7967357413114,786.376687929822,791.9713557949091,49849172,791.9713557949091
2023-04-28,800.0296286408501,803.471926259166,778.9940116462296,797.8298850304808,9596126,797.8298850304808
2023-05-01,796.228793196189,813.6317411463668,781.3662210462066,797.5876141049314,46082445,797.5876141049314
2023-05-02,800.7160766740147,812.2093570159496,797.240528493161,806.1392782391779,45701620,806.1392782391779
2023-05-03,803.2803890482579,821.7418991841836,799.2638606394778,804.0033414825292,11590270,804.0033414825292
2023-05-04,796.1906999173707,807.2914844331802,774.4111822494192,790.7069000111576,42100011,790.7069000111576
2023-05-05,787.2476169326189,795.0052429477619,772.1058717426588,787.5389396489662,31994330,787.5389396489662
2023-05-08,792.7708495960633,794.958269404304,779.010284809162,789.6532769824145,7435928,789.6532769824145
2023-05-09,782.6825859628359,797.9344746352413,773.6144468260387,781.3950555898044,41512851,781.3950555898044
2023-05-10,784.4908510781125,792.9846972346851,763.8533223377863,780.8540283554526,9375293,780.8540283554526
2023-05-11,795.5261239989006,804.8478688066698,780.5703040318806,790.0260274956005,7846620,790.0260274956005
2023-05-12,800.548183506376,805.2483394660684,788.806747216032,797.8575395410829,13236432,797.8575395410829
2023-05-15,800.1664426252614,810.4909710926784,789.1744009918127,805.9096654915875,9699533,805.9096654915875
2023-05-16,828.5776871649317,842.6163976822047,811.3387639537931,828.9582206968288,12369882,828.9582206968288
2023-05-17,838.033670258145,854.198402209826,829.300184140978,838.5219013287336,17926299,838.5219013287336
2023-05-18,849.443755124384,868.8099193134309,838.1380640346699,856.0252293603702,24736063,856.0252293603702
2023-05-19,844.2166522170273,856.1064674913913,822.4566353780732,843.0637087242052,42941405,843.0637087242052
2023-05-22,835.3785772492596,840.0900888717665,830.4213914651924,838.1000688854543,18782817,838.1000688854543
2023-05-23,821.2657233559254,831.0346871807524,801.1805297919072,814.7875378319613,6994588,814.7875378319613
2023-05-24,828.8792401463087,834.6411205094147,816.170247270181,830.175186837676,41912927,830.175186837676
2023-05-25,827.6327771639989,851.3530346649217,824.6676736705808,832.8063633666375,26766879,832.8063633666375
2023-05-26,828.4532109203128,840.7323951397249,830.9863584181587,833.9161882403057,28849128,833.9161882403057
2023-05-29,839.4432711180563,841.4749355802265,833.9684014780247,838.6811967390025,26176519,838.6811967390025
2023-05-30,840.503605466324,849.9926401243744,827.719970136558,836.4490102265565,35569165,836.4490102265565
2023-05-31,818.482506246964,829.1615758202876,813.3035551735139,818.5049182495774,32507662,818.5049182495774
2023-06-01,814.5539068765677,826.5080877035323,803.5778166354296,819.7393588876147,19411464,819.7393588876147
2023-06-02,834.0880413231479,846.1608644443565,825.8834919691425,831.3217357542674,15376817,831.3217357542674
2023-06-05,838.4590588275179,852.5963538144754,822.4698362882569,835.3325167853818,47023060,835.3325167853818
2023-06-06,847.9348946036587,859.1245358040379,835.763233699337,853.4777215765083,17069645,853.4777215765083
2023-06-07,827.4127574715005,843.4435075232359,813.8026315117795,830.095358201441,38683823,830.095358201441
2023-06-08,833.3052676155551,856.3406344611585,824.8650972506596,838.930823090886,20229772,838.930823090886
2023-06-09,825.965163615174,838.7489730245225,813.1936693457493,830.3174957151995,32602221,830.3174957151995
2023-06-12,831.1453423569665,843.7787458354,823.8612678732305,830.9837115754922,25140666,830.9837115754922
2023-06-13,840.9835663876412,846.579706041719,826.7499761714059,837.4329638963644,22408795,837.4329638963644
2023-06-14,826.9077188440679,841.7391343086525,821.1159281234314,829.4841192510705,44009042,829.4841192510705
2023-06-15,840.8679923386945,849.3587886856069,829.4587807232557,836.4590021141443,39554291,836.4590021141443
2023-06-16,855.1917775039366,871.050415376049,837.2548641765019,858.0393482575217,22908237,858.0393482575217
2023-06-19,851.2884550795184,863.2451726606437,842.5003070342465,852.8966573519458,47316732,852.8966573519458
2023-06-20,835.0623764990502,839.8641759943581,827.0599077929467,835.2073709236105,6069114,835.2073709236105
2023-06-21,819.3700296550256,838.6924210091078,808.231309934722,823.4213447571334,31328925,823.4213447571334
2023-06-22,824.1313066325218,828.8528126427989,816.2309972210356,825.2027188751047,24493059,825.2027188751047
2023-06-23,817.6375771384137,829.3134702706285,805.9769315965575,812.065536592385,31609759,812.065536592385
2023-06-26,808.6790502929476,822.5271822343949,803.0528564907062,804.7014802653562,25154222,804.7014802653562
2023-06-27,798.5975042072556,816.8297037900485,797.3430722896142,800.0410596927361,8404393,800.0410596927361
2023-06-28,775.94274447064,789.8769423771847,767.4846402058969,782.1628085088532,43207892,782.1628085088532
2023-06-29,769.519277934678,783.8805963370165,752.0899391283355,766.9798899106852,12167648,766.9798899106852
2023-06-30,747.614068726678,753.162724409378,748.6608877795203,751.1189707873058,16628599,751.1189707873058
2023-07-03,746.2136542553427,759.3196184536974,735.8007208054462,741.5226885771605,31607514,741.5226885771605
2023-07-04,739.5612029472319,750.2106029361464,727.8210014501705,741.7582157857609,36095793,741.7582157857609
2023-07-05,726.9577966371323,727.039327700872,713.1513177420431,721.7260572467296,38275302,721.7260572467296
2023-07-06,734.5672395692937,742.9692767931917,718.8856183644391,730.6542873018869,47455806,730.6542873018869
2023-07-07,741.3378844743546,748.7212828126288,726.0392684967152,739.0131694709105,43611059,739.0131694709105
2023-07-10,739.0739100896288,758.7647722259294,734.377559834524,741.6203343621544,45704832,741.6203343621544
2023-07-11,747.4242318956217,762.9827497010606,744.8191650743526,749.8549884638874,42423195,749.8549884638874
2023-07-12,768.3352081431734,767.7221951187094,746.8127267726287,763.3092988422817,42640774,763.3092988422817
2023-07-13,781.842480412421,785.7668473132676,768.4803918873151,776.8830185876127,34039284,776.8830185876127
2023-07-14,757.6156078176306,772.063267686253,745.3933156081945,760.8931895620525,12735594,760.8931895620525
2023-07-17,745.4573322396132,764.4893829888429,739.046525957284,747.8668590629226,29790937,747.8668590629226
2023-07-18,729.5334674692239,747.4235602003602,715.5706065273303,731.7037879201906,38418660,731.7037879201906
2023-07-19,733.0087040435654,732.210299225569,724.462583605505,730.1904318406406,14392248,730.1904318406406
2023-07-20,744.7250515668785,751.9860143361213,740.9797452321916,749.8427585404704,39082732,749.8427585404704
2023-07-21,763.6239922863462,777.9337913951417,744.4107549607214,760.6170790552296,22548974,760.6170790552296
2023-07-24,769.516053387926,781.5655513851237,756.4354236646068,767.2855938313808,43075433,767.2855938313808
2023-07-25,766.9624699495904,778.9876723968794,757.0951160124727,772.3508597558655,7879114,772.3508597558655
2023-07-26,759.1650253338811,762.0391615053966,750.7602108820269,758.6736034808091,18855820,758.6736034808091
2023-07-27,756.7219141033489,763.1925165440596,755.4845557208523,759.52387867493,28621260,759.52387867493
2023-07-28,755.5267077971082,764.6676480888374,750.0036841247185,758.965624132656,12980854,758.965624132656
2023-07-31,775.7753247504517,789.5545807941766,767.4570049530681,773.8356235900794,22261273,773.8356235900794
2023-08-01,782.7547218606194,795.2602320471162,762.0372132090621,780.8003893112593,31464330,780.8003893112593
2023-08-02,797.351159379892,803.9735568745219,789.4513333083654,796.9329272023073,34464947,796.9329272023073
2023-08-03,799.3802667471349,816.3372919345455,787.7635912664333,805.5370328737262,10143410,805.5370328737262
2023-08-04,810.3068506448194,811.0947070681345,795.0230615644482,804.1430647348095,28668931,804.1430647348095
2023-08-07,801.7459812283072,815.4630257070611,797.4437384361418,801.6182987507489,32520080,801.6182987507489
2023-08-08,807.6800379185959,822.6385286596925,786.44599417236,805.595218678209,22998631,805.595218678209
2023-08-09,812.0948515189134,821.3935282003376,791.7805287928289,811.7639049048281,8226890,811.7639049048281
2023-08-10,789.1563566093527,788.6546673614785,771.3378935397186,786.3509753273006,45147077,786.3509753273006
2023-08-11,798.7802545117428,807.1251509628938,787.3454861593937,792.6819416013462,41987061,792.6819416013462
2023-08-14,771.735186278994,785.2576369522722,761.5842728257041,777.7575037523305,6948968,777.7575037523305
2023-08-15,833.9966650178521,852.636796666186,821.7763542346887,833.3666992249777,5812604,833.3666992249777
2023-08-16,833.392098513833,847.6579784350043,817.7475837325185,830.2236574326183,16083986,830.2236574326183
2023-08-17,820.0993077519727,833.4708104012456,813.028719354027,819.2845904501795,22589659,819.2845904501795
2023-08-18,804.5581389101077,806.1053627918758,794.3883865913499,801.8071391203761,6942240,801.8071391203761
2023-08-21,806.5414313639286,813.0255932468427,803.0563100863783,809.3645284540419,33583384,809.3645284540419
2023-08-22,817.835814308741,841.0307815323627,812.5849977302859,821.1794802188283,39006856,821.1794802188283
2023-08-23,839.1721482620646,859.0355240750279,827.1443344305824,839.7739398831714,6825567,839.7739398831714
2023-08-24,823.2936679785824,825.9199457930425,801.7886045874405,818.1477253030954,34567289,818.1477253030954
2023-08-25,821.5829733725245,835.6815669816392,807.5036255023783,824.768323018587,6807532,824.768323018587
2023-08-28,836.7756806574365,851.241357681044,825.5886342806889,831.4727560857267,20918771,831.4727560857267
2023-08-29,812.5709274316332,824.0348067097902,812.1424013839226,814.0514122349031,10726938,814.0514122349031
2023-08-30,805.9622186229973,823.1934890225576,801.2126632523928,810.7903572260769,47557660,810.7903572260769
2023-08-31,820.6405405928923,826.2938380833203,808.4342121111972,814.9378707991967,11790910,814.9378707991967
2023-09-01,812.5846507732334,814.6804100188444,803.1403673262187,812.3331279847259,38202860,812.3331279847259
2023-09-04,816.899273864693,821.8321185083508,805.6865656796538,819.7522102564849,49356082,819.7522102564849
2023-09-05,802.5674549627719,806.8815996160974,796.0452632074054,798.6850782112986,28732179,798.6850782112986
2023-09-06,806.4690000400894,819.5318924845416,809.7848274411748,811.7190852657118,49802480,811.7190852657118
2023-09-07,823.1159277830856,820.8311836639062,812.8112958423113,816.6070288238786,6867585,816.6070288238786
2023-09-08,830.7816720533041,843.7641536459232,821.6700841809426,835.2623086350245,38808957,835.2623086350245
2023-09-11,838.0195295584783,861.6457236452677,836.1881662845204,841.4600415529023,30237869,841.4600415529023
2023-09-12,829.8581026787662,828.0270955427252,818.0631345831785,824.6100806316317,19015624,824.6100806316317
2023-09-13,818.2449795857254,827.3575673902473,802.9752266256882,816.8647981896326,40906636,816.8647981896326
2023-09-14,800.7532202524237,812.898033108025,792.7108877453733,802.3935522659305,24931198,802.3935522659305
2023-09-15,790.0787874399324,798.2580349917976,787.7763306521088,792.7885457879238,18322750,792.7885457879238
2023-09-18,784.5481791537298,806.8400958067571,785.7312492393244,787.7486066529746,23987768,787.7486066529746
2023-09-19,769.1196869929196,783.0100729754114,766.1734533956501,769.0628908849714,16041260,769.0628908849714
2023-09-20,764.541372686491,765.2051268480091,753.8113865279083,763.0898789219992,21223790,763.0898789219992
2023-09-21,771.3215562575682,778.6711830676469,758.8243370200757,770.943488992749,12952469,770.943488992749
2023-09-22,722.032253420133,733.5568073528351,717.2063287668128,726.807720935201,43102259,726.807720935201
2023-09-25,708.7545913808011,709.7347125759302,696.4366330258761,707.142434861338,41824824,707.142434861338
2023-09-26,720.5053045747983,718.6179428424374,706.0064017944604,715.7332316189176,40400465,715.7332316189176
2023-09-27,724.0183225142891,727.0606631611499,704.1972816697898,721.6264345132735,34951408,721.6264345132735
2023-09-28,726.105456439732,722.2710602864428,714.5933349880157,720.5655301617284,42751329,720.5655301617284
2023-09-29,693.5294913262169,697.0137180588158,678.0906266267962,690.5614717978334,33072248,690.5614717978334
2023-10-02,691.6248995916156,702.950240969098,688.3804489372869,691.3549048611856,48973835,691.3549048611856
2023-10-03,689.3350322351091,703.4152535873882,678.4008047124623,686.8797000344276,40787701,686.8797000344276
2023-10-04,697.9699751696534,710.4491517687262,686.775627539104,699.8380269848794,49216026,699.8380269848794
2023-10-05,698.0779810647069,711.8845819410377,697.3721344154881,702.9266333604725,21807546,702.9266333604725
2023-10-06,723.6860640397825,729.2774672586079,711.3602380044451,727.0090512483042,17572816,727.0090512483042
2023-10-09,717.41556579651,726.5818053508611,705.3330160555062,722.9930094720094,42905754,722.9930094720094
2023-10-10,708.0331633550431,712.360429406771,697.3003947369075,703.809868916844,35447280,703.809868916844
2023-10-11,701.8347402138347,712.7250352637981,697.6262062848514,703.473581918821,16653356,703.473581918821
2023-10-12,710.8158945649495,720.7173959814993,696.0529393210674,708.0244592396293,28988813,708.0244592396293
2023-10-13,714.5008963817014,728.275995825944,700.9445777900091,713.0753924951804,10573697,713.0753924951804
2023-10-16,702.9457862635928,723.2839913956901,693.6390478137182,705.8240484917443,12852306,705.8240484917443
2023-10-17,701.046129608518,707.3714927496243,685.5779744323806,696.5010931814037,9293558,696.5010931814037
2023-10-18,700.2829228189818,699.867389971759,678.4737642716316,695.5120280098519,6499545,695.5120280098519
2023-10-19,714.1523528645351,720.958391526393,714.3799549427017,717.105382403833,25628227,717.105382403833
2023-10-20,711.6410872282177,715.7183731744354,695.359912890949,712.8685928721663,38756012,712.8685928721663
2023-10-23,726.6781565941661,738.4249559863099,718.5909048230507,722.0090610477141,23907741,722.0090610477141
2023-10-24,734.5811112219596,746.8198546079316,713.9893682545379,730.490415547405,18057999,730.490415547405
2023-10-25,713.4711390152112,734.3764671805396,716.5636390635126,718.741462730668,37477294,718.741462730668
2023-10-26,727.114823161862,740.6255631601716,722.7489962046327,727.841046745084,15040236,727.841046745084
2023-10-27,727.6760118274,736.9906783882491,725.2978048159102,730.179259573905,49158720,730.179259573905
2023-10-30,761.6970956357867,785.2975597036655,762.5972677778122,766.2256024092812,44278501,766.2256024092812
2023-10-31,742.2019267964356,753.4885397548502,730.9482173416492,747.8300622922565,37847816,747.8300622922565
2023-11-01,745.5284661201006,760.7359769892909,726.7617005735299,743.4100748421441,40422388,743.4100748421441
2023-11-02,770.2600536911118,778.7392158120329,755.5514833409292,769.2860115910629,21947734,769.2860115910629
2023-11-03,748.4390036181933,758.0110231566208,743.5192737700655,753.8888084415349,23724516,753.8888084415349
2023-11-06,725.4720926806382,731.938334586679,715.2727871355532,728.1292837763219,28595027,728.1292837763219
2023-11-07,737.6514380458958,750.3399816238193,733.4455034808823,742.5839944391072,18000555,742.5839944391072
2023-11-08,752.944160345272,761.4236175104485,751.381482020007,757.7782042466081,37703389,757.7782042466081
2023-11-09,766.1616862472811,781.9710749089663,757.1231619467078,764.0043801203074,29964988,764.0043801203074
2023-11-10,749.4741092955446,758.2447430797463,745.3107923636583,752.8605616825895,49137591,752.8605616825895
2023-11-13,768.2204387272998,774.4496972065989,762.3206757969166,764.6233409051684,38606237,764.6233409051684
2023-11-14,767.389525399637,775.5528449656163,760.0152634099782,761.7291809435219,20465879,761.7291809435219
2023-11-15,774.8994328373241,778.1258903150042,767.9104190020968,773.5034566016456,12390550,773.5034566016456
2023-11-16,785.312796520986,793.0942238280151,777.7540603145579,782.8430348082185,6700711,782.8430348082185
2023-11-17,777.5141846985128,775.8724435929529,762.7841225976241,774.1120010738728,33437286,774.1120010738728
2023-11-20,771.2359692746762,786.3859064131854,759.0708239484441,768.3068303010446,27610759,768.3068303010446
2023-11-21,758.0712727941767,779.7917150413244,747.2760428484888,762.1059887761867,10838342,762.1059887761867
2023-11-22,758.2949121117714,761.9957754421727,748.4000222028824,760.3716613407439,35232593,760.3716613407439
2023-11-23,762.0453780978193,774.4312538835187,752.7985646452414,756.061524881238,5667652,756.061524881238
2023-11-24,765.9003366390417,784.3372684181616,753.4925910843637,770.6183781137738,33095298,770.6183781137738
2023-11-27,733.8628906013258,744.2953497093016,719.3575012937873,732.2460810382554,5298293,732.2460810382554
2023-11-28,734.2405390120562,742.1899902136722,734.3567645629404,738.4985167364316,46243736,738.4985167364316
2023-11-29,764.2893031148091,784.3156581489428,755.697003035237,767.8773666813364,49861862,767.8773666813364
2023-11-30,757.4637448561459,767.0225664359766,742.4864682016096,760.729365746569,49431272,760.729365746569
2023-12-01,777.2772961953219,789.504116836943,757.5887081768483,775.2945841022898,22650960,775.2945841022898
2023-12-04,773.5719374662959,774.9048316223684,753.9228479528059,769.5539501350154,30187563,769.5539501350154
2023-12-05,771.9009527854802,792.5193255456477,759.6720056423932,777.6271068333017,22817733,777.6271068333017
2023-12-06,762.1386743887097,772.69799787064,751.1355341451634,766.3863896776414,16630652,766.3863896776414
2023-12-07,765.1370031089497,761.1956151417158,741.9652785781517,759.3361444138774,5634460,759.3361444138774
2023-12-08,757.7716709345967,762.4659846307848,745.7398869455847,753.3496668003271,32659963,753.3496668003271
2023-12-11,752.2723552101961,753.1831906814041,740.672724624547,748.7679494341423,49539737,748.7679494341423
2023-12-12,742.6479068049101,752.0468263810408,735.2564648317067,745.6492694005244,36337596,745.6492694005244
2023-12-13,747.6010819340383,759.191516033263,727.8972678236628,742.4378243671762,12585668,742.4378243671762
2023-12-14,761.0394266003609,773.1681528843886,745.346427503871,759.2078354478948,27150839,759.2078354478948
2023-12-15,796.7934777032688,810.5552668685467,772.9678947880889,791.8730927360294,6791536,791.8730927360294
2023-12-18,793.3891421445464,808.0866414701455,772.169145132328,791.6526237303302,40638872,791.6526237303302
2023-12-19,786.6475941856725,810.346981422141,778.4835690592633,792.037246464418,9152880,792.037246464418
2023-12-20,807.8751389393545,818.7952676617199,801.1388197425495,803.7743777931688,17876634,803.7743777931688
2023-12-21,802.8596860589118,812.9347730539569,787.9418138770458,799.4396534686013,28167262,799.4396534686013
2023-12-22,771.6960998146933,777.7968544860689,762.30446417306,774.1912544716375,16638590,774.1912544716375
2023-12-25,779.1946344942716,786.5624830772953,771.5313270901028,783.2494646751061,43793429,783.2494646751061
2023-12-26,795.9600251099142,807.7216065606657,781.5758482792013,800.1709830138843,43705783,800.1709830138843
2023-12-27,777.1442897913074,783.208428271073,776.0221084513904,779.0140963314044,40728398,779.0140963314044
2023-12-28,781.7862516316123,792.0618942582782,775.7322057736576,787.1685451996855,8964003,787.1685451996855
2023-12-29,829.2071260161873,836.188960026008,807.8696019144945,823.8972631047991,32328295,823.8972631047991
2024-01-01,847.5109326355405,851.2453913301044,834.503985726441,841.2543930986612,47432867,841.2543930986612
2024-01-02,825.1192919226132,837.2940714614541,801.4147132081264,821.3636457289738,22280198,821.3636457289738
2024-01-03,833.9024824042434,833.164116025332,817.7989675537825,829.5139439677931,47767312,829.5139439677931
2024-01-04,823.8307728269599,848.8549148448734,813.3598554629402,829.3859531033304,18594397,829.3859531033304
2024-01-05,845.4665563000401,855.7286494553921,839.6212943344799,846.1221237477915,22187845,846.1221237477915
2024-01-08,840.3699663419234,844.5661500037619,817.5983922162185,835.1844501163323,15764844,835.1844501163323
2024-01-09,823.2067034664284,840.114339788243,814.8258342366629,821.1274295122712,10437105,821.1274295122712
2024-01-10,830.6116688024078,844.2201184038588,814.6445571837407,825.4674009014435,20057390,825.4674009014435
2024-01-11,820.7088787661802,826.3807990320918,809.6406322805777,824.1963554206884,34683910,824.1963554206884
2024-01-12,824.777609663328,847.374338304198,819.3905546832426,828.4194475023705,35843887,828.4194475023705
2024-01-15,823.0114476353733,834.6721883221539,825.1834137848707,828.4413757420707,34486598,828.4413757420707
2024-01-16,826.9701839097445,845.2222120889195,807.8380636660863,825.6506671837813,35216079,825.6506671837813
2024-01-17,800.1782868923743,824.1526114647327,795.2290027449349,805.8211196713336,18151954,805.8211196713336
2024-01-18,789.5995143146652,791.7742992546836,778.8831967361484,790.1803844598236,47084720,790.1803844598236
2024-01-19,772.8264906830824,775.3237411541236,763.947490280592,772.1869762573838,28707265,772.1869762573838
2024-01-22,786.075358834545,791.876388078292,778.7210157349101,780.7617815966294,48044791,780.7617815966294
2024-01-23,779.3558852171117,798.2595937087016,768.2752796878264,781.6352368572097,42902661,781.6352368572097
2024-01-24,754.3824095813404,777.4646032798112,749.1930372947322,758.5538527350831,10278859,758.5538527350831
2024-01-25,752.6566697438468,758.3937506375652,741.7725806691932,753.3238952749741,27076881,753.3238952749741
2024-01-26,749.694397039694,762.4243696524917,729.7059917390494,747.7363259946572,22626809,747.7363259946572
2024-01-29,747.3998964931466,749.6209549921203,737.0620943723933,746.3912052259038,32307519,746.3912052259038
2024-01-30,746.4809117470124,748.0344599988838,729.2586305972927,743.2707050190149,32030266,743.2707050190149
2024-01-31,745.362594840666,758.7588215055167,744.908639919503,747.9913270194423,16069078,747.9913270194423
2024-02-01,745.1356988694655,750.1080586114846,734.3658738956315,744.4376375926598,42111585,744.4376375926598
2024-02-02,724.400352511333,737.6776285182858,719.054627072531,727.3097042579625,19092550,727.3097042579625
2024-02-05,716.9225230512701,730.1593228432398,714.7380500593707,719.9833432372566,25913170,719.9833432372566
2024-02-06,744.5632732650977,763.3550092315527,739.3884563668237,749.136469559045,43975679,749.136469559045
2024-02-07,745.0785945597719,762.9867199700951,728.187914031854,746.4011062402137,33439336,746.4011062402137
2024-02-08,741.9478383481683,755.5767089835771,721.9665565945395,740.3310003760915,36976075,740.3310003760915
2024-02-09,732.6146278753602,748.403043627711,723.9762827387298,735.2835315110284,25573408,735.2835315110284
2024-02-12,707.0384583431244,726.218328978976,710.6635652247948,712.7401508508632,7537612,712.7401508508632
2024-02-13,708.3693050829648,714.4587174801547,705.02886399314,709.8614504099392,32201453,709.8614504099392
2024-02-14,699.0175163355486,704.3860658462582,686.2166846451556,701.3776968444425,46618018,701.3776968444425
2024-02-15,682.8753166595619,700.0675777214587,680.5921726509335,684.7900258819111,18634940,684.7900258819111
2024-02-16,700.7398116934652,711.6731037250761,695.6424870264796,697.1667919925598,22107426,697.1667919925598
2024-02-19,716.5403329713056,715.0478214223265,703.7972122506951,711.6051859087527,14658561,711.6051859087527
2024-02-20,717.0507223001647,736.835798846223,709.6101303890683,722.5569271353937,33016643,722.5569271353937
2024-02-21,697.2794381048184,699.1785439915321,685.6820728131348,694.3450616090494,42424206,694.3450616090494
2024-02-22,702.7688947880837,713.4472484647257,685.2283566964559,698.818104112463,39649332,698.818104112463
2024-02-23,691.2884952681176,702.1935519264802,679.8356460450585,695.8128331270898,33908758,695.8128331270898
2024-02-26,689.1192706795507,697.1864629521353,676.9615269730363,693.5818937853874,9027351,693.5818937853874
2024-02-27,708.9772348856302,726.9183358826145,698.3364945227336,710.8395037909494,44444627,710.8395037909494
2024-02-28,719.3227997659036,728.9257288845026,711.2548816560156,722.2929065386918,37994639,722.2929065386918
2024-02-29,715.6306068705276,722.400474877962,712.0679562888914,720.2293309935023,40626969,720.2293309935023
2024-03-01,717.2449679133541,723.9231805001631,713.7347812230332,718.0959109563714,10021046,718.0959109563714
2024-03-04,706.8840741113518,723.4158575623953,702.217516017879,708.0546789994665,28936463,708.0546789994665
2024-03-05,712.1148301837005,711.8183450375072,688.9766363976623,706.5134762391273,17767834,706.5134762391273
2024-03-06,712.2765598500376,723.9955529437198,693.8679351558912,708.1879523883293,13014598,708.1879523883293
2024-03-07,694.6265190563541,705.8711747384839,695.7688198653226,699.704130669087,32011575,699.704130669087
2024-03-08,682.3359652507668,698.5296139046043,682.1509980789559,686.666130776314,45264748,686.666130776314
2024-03-11,696.0792528191167,696.6168274973652,676.6870673723796,690.9986431911738,26428280,690.9986431911738
2024-03-12,684.4020425961504,694.4319760429548,686.6269769676662,688.2776158855739,9621637,688.2776158855739
2024-03-13,671.9078755151105,682.9008257812945,666.6376062051658,671.783351142857,39106605,671.783351142857
2024-03-14,680.0087717122469,685.3394228495142,675.2376393564849,683.9020873467375,23069252,683.9020873467375
2024-03-15,700.7481016518858,722.4682552409184,691.0728247350543,705.9347218335274,39554181,705.9347218335274
2024-03-18,702.0469522141929,716.477702327044,695.6132200650321,707.2623612105365,33133887,707.2623612105365
2024-03-19,688.7282876289989,697.9014017673207,674.4397659176728,688.6908459206337,7340779,688.6908459206337
2024-03-20,675.643387765855,692.767899493049,665.7516089896245,679.5680968957113,47004890,679.5680968957113
2024-03-21,685.4720937269611,701.0946051226398,680.6709960449975,689.8770618885478,30746833,689.8770618885478
2024-03-22,701.456277203856,702.4844279366386,686.6639209534645,699.4868852726937,49585345,699.4868852726937
2024-03-25,682.5957379559156,697.8143119509768,667.4514557728496,683.5773370541463,9484710,683.5773370541463
2024-03-26,717.4774846983796,730.4410777416147,703.8560083155679,713.9777689215931,24226996,713.9777689215931
2024-03-27,711.9604296513365,717.1238334119203,704.8799608831773,709.9119580367683,18292644,709.9119580367683
2024-03-28,696.6519978994324,696.909235655952,679.9200564725261,691.1462400216733,29202846,691.1462400216733
2024-03-29,671.4020178122202,685.4675399783309,666.7058311564215,676.353820659588,48532164,676.353820659588
2024-04-01,678.8176839119794,681.2745975836483,675.6084459144473,677.1788935098539,38955996,677.1788935098539
2024-04-02,686.609997434453,705.3861279877996,688.2609599149876,690.1054177547026,44795162,690.1054177547026
2024-04-03,697.8644580422306,705.0559943504329,681.467931408308,693.469453332445,42131996,693.469453332445
2024-04-04,695.1745552963625,704.8273311092028,690.6921654669453,692.9176370655973,44891519,692.9176370655973
2024-04-05,675.4919114792759,690.4964790538636,661.2970322983412,674.640646670075,16784548,674.640646670075
2024-04-08,660.0695134614142,663.7993096164312,644.7760272482775,656.3525880233334,35742881,656.3525880233334
2024-04-09,660.848713182266,668.5370139844871,650.2520903487073,658.6991003314373,7897106,658.6991003314373
2024-04-10,650.2513195198992,669.5108453900168,651.316138507763,653.5884221053551,12816589,653.5884221053551
2024-04-11,645.2324480717152,649.7343277191638,636.7093033451213,641.8299072220227,7369358,641.8299072220227
2024-04-12,653.4062930992429,663.2581422799335,639.7886219133048,651.1080327474621,18994514,651.1080327474621
2024-04-15,638.5924217171306,642.7304239914638,620.7579785522555,635.1611321863693,25363008,635.1611321863693
2024-04-16,639.9382191611174,647.7165099372365,627.3722157635289,638.3733453294176,6600748,638.3733453294176
2024-04-17,626.9816043559034,630.0066965071186,617.7657636143147,625.4472889592682,28713120,625.4472889592682
2024-04-18,611.2634041726888,618.423041462984,597.0042377240203,607.4694557278939,32510507,607.4694557278939
2024-04-19,602.1078361526879,606.9018355091175,598.4066964319057,602.0810149708576,42347759,602.0810149708576
2024-04-22,602.1875025257854,607.412260749751,589.5649241013033,599.7269722487138,15142086,599.7269722487138
2024-04-23,589.9614186517168,608.7804876069749,588.2909085603,594.0830587793057,26963845,594.0830587793057
2024-04-24,590.5412426881816,609.2955553493124,590.1693065597617,594.8407025588884,25242446,594.8407025588884
2024-04-25,592.9138798826577,599.5011285750363,590.0092061626021,596.9827927789294,12392513,596.9827927789294
2024-04-26,594.5329549954749,599.1314243040287,591.6906278989179,594.1098186688423,49433836,594.1098186688423
2024-04-29,585.953695940327,602.0814435161034,583.7453997940338,589.6217110398602,46585760,589.6217110398602
2024-04-30,595.7567823099566,597.5232824778383,581.3425937955416,591.3843625599263,6482002,591.3843625599263
2024-05-01,592.1498541139957,601.9442918897629,589.5588273995141,595.2486694694925,9718545,595.2486694694925
2024-05-02,591.8672905582903,597.8542849384065,590.4744108370269,594.650643107329,23983801,594.650643107329
2024-05-03,594.84633774438,604.0923837875125,581.7648243515254,593.5557836429625,31801131,593.5557836429625
2024-05-06,592.9322527895996,604.3932871277261,596.2636743423017,597.703298609818,16936994,597.703298609818
2024-05-07,584.2825522333069,589.7677415635294,580.9823222953235,586.7380122217617,30935470,586.7380122217617
2024-05-08,582.1966595089104,595.831631035877,576.3338088375597,583.3865739503732,17026872,583.3865739503732
2024-05-09,577.6683052683181,592.1335471563981,571.9377035514234,578.4053988337619,48184623,578.4053988337619
2024-05-10,587.0057666536699,592.4535618271269,569.9422544684294,584.2766834440238,12964824,584.2766834440238
2024-05-13,569.3985919445371,585.1738590752718,567.5160188068473,573.2658998133054,48612622,573.2658998133054
2024-05-14,577.5477813036484,589.7400740455091,573.1767972293742,580.9263868602487,43533726,580.9263868602487
2024-05-15,576.0896468069886,587.680203563993,573.2311346895585,578.8958333450104,39702480,578.8958333450104
2024-05-16,581.5507701339749,592.7395506966835,576.6118355915071,578.4807904782763,20572388,578.4807904782763
2024-05-17,574.6748262987697,583.8867501011166,562.6733476305745,575.1716282055297,8969310,575.1716282055297
2024-05-20,571.1304386986418,575.3099520911081,568.0054882060467,570.7728395277484,13645276,570.7728395277484
2024-05-21,580.2757257461702,597.1150163684803,576.5580306567638,583.5046872960718,27110928,583.5046872960718
2024-05-22,604.3791398937431,609.0301917083608,594.587202981647,602.026156391794,9998841,602.026156391794
2024-05-23,604.3634171205525,613.707055568106,601.8466950674148,603.874864442395,19301527,603.874864442395
2024-05-24,620.7160148729378,630.6082160916783,613.6598810591756,615.9695593414481,32576403,615.9695593414481
2024-05-27,613.3258250058101,613.5446693227042,604.3417672489136,608.5900333125019,26631205,608.5900333125019
2024-05-28,606.1966876487868,604.5054004225613,600.3797689339412,603.1064058539197,30840143,603.1064058539197
2024-05-29,619.4532252005691,619.4719977066025,614.3745113337405,617.5958513206926,37393303,617.5958513206926
2024-05-30,618.4189552949439,620.6292575940522,612.6441460553202,617.1724902974911,44007193,617.1724902974911
2024-05-31,607.0842285842137,616.9949967600338,594.6433865128516,602.5335271708673,13273603,602.5335271708673
2024-06-03,608.0709171815898,620.6758638146979,605.7315506257205,611.9593333349909,12164707,611.9593333349909
2024-06-04,608.3372256894617,620.7835679026582,604.359994659294,609.7854222596884,21231373,609.7854222596884
2024-06-05,603.1981825378932,619.1678114660095,594.699371990365,607.4485840433438,20055138,607.4485840433438
2024-06-06,612.6425580790885,623.9583791828985,599.1329400122103,613.6081477503656,32905767,613.6081477503656
2024-06-07,594.2076491749563,604.321738336455,583.4911365038213,597.3103144373595,17800935,597.3103144373595
2024-06-10,598.1019486735864,607.2549095509801,589.6787482685382,595.8161072204389,13231593,595.8161072204389
2024-06-11,603.7771017726097,611.3332866021899,601.6048197886375,604.6094692274681,47669601,604.6094692274681
2024-06-12,604.0342770622345,618.1149780529125,597.6693385431819,606.0981114233264,5000638,606.0981114233264
2024-06-13,593.4252803520783,600.140145656771,581.0873093468571,595.1000676097909,41852241,595.1000676097909
2024-06-14,584.0100562744415,588.2781305795178,579.163022491372,583.0120429077683,23003307,583.0120429077683
2024-06-17,601.5160352514455,608.3748343140693,593.281116184326,598.8769482041982,39746500,598.8769482041982
2024-06-18,596.5405427855361,606.9710836750951,589.2389165673551,598.2272827617566,39482510,598.2272827617566
2024-06-19,591.4044026490662,601.90132496832,587.4386092653484,592.2403881445813,37816695,592.2403881445813
2024-06-20,587.0771128587622,589.2911004070153,575.4851803468184,586.4444348838356,45047614,586.4444348838356
2024-06-21,596.5641494545855,604.2881744385527,594.7784098503004,600.1720676292339,32482009,600.1720676292339
2024-06-24,598.1767944151644,603.5048773984441,590.9748063340984,593.6738934368498,49411837,593.6738934368498
2024-06-25,592.8153876363893,602.4620781563466,590.1680964548897,594.9145131691769,44354698,594.9145131691769
2024-06-26,591.2722313007681,597.7859162660179,579.603211989305,592.9144731047875,32405888,592.9144731047875
2024-06-27,611.4431988458113,619.9001271088223,601.765855514359,610.5797708376735,31187759,610.5797708376735
2024-06-28,607.4303752397967,620.4937683384908,599.1033532898789,608.3519311322195,12786804,608.3519311322195
2024-07-01,616.5650059602451,633.6267077664089,603.2088138539668,618.4704624319573,30807699,618.4704624319573
2024-07-02,618.1094074511202,632.2533504690739,605.1528037082966,617.3876341220741,19236604,617.3876341220741
2024-07-03,622.0456425392466,638.674839600449,622.0543932846776,625.0475756629165,32454448,625.0475756629165
2024-07-04,626.6721003936444,634.8418435718829,618.2470236220868,625.5757221993276,43782990,625.5757221993276
2024-07-05,616.6471204335326,628.4131779142195,606.7083162975412,613.593327559273,31684644,613.593327559273
2024-07-08,621.5163900734847,628.001720505091,608.8579316233121,622.0509904051046,24652762,622.0509904051046
2024-07-09,637.4943790678656,641.2794136830015,627.4517505132234,633.1539488284983,18261036,633.1539488284983
2024-07-10,642.696095520021,656.9906147353573,631.4479721419931,646.5923079154722,42940541,646.5923079154722
2024-07-11,643.0229486831539,648.6595368949208,640.4819504218462,645.6919262873855,5438782,645.6919262873855
2024-07-12,632.6278852464428,643.0003649101981,621.115907684109,636.2052396855609,17997900,636.2052396855609
2024-07-15,625.3358333322828,624.9430460509898,614.0784190934271,623.0903397032303,49611251,623.0903397032303
2024-07-16,626.3658937336344,635.8904504551786,613.7452039783178,623.9375155796763,35747331,623.9375155796763
2024-07-17,627.1507915098265,630.330619670698,616.6539672215105,626.1063553671053,5811324,626.1063553671053
2024-07-18,614.4014055800205,624.1931312257649,601.7130119875236,613.8718756971074,23656778,613.8718756971074
2024-07-19,630.0082762642264,640.2296066257256,623.5193634674307,629.7895819297117,42988345,629.7895819297117
2024-07-22,633.8940430629451,645.4615491429296,620.9747624153953,630.4956662886968,17943314,630.4956662886968
2024-07-23,650.1183542521137,665.4237032708546,640.4843363664,651.9687966494506,5430554,651.9687966494506
2024-07-24,660.3475557799868,664.3982764625927,647.1649754586722,658.4068502657015,29879078,658.4068502657015
2024-07-25,664.1159152609758,662.0539239942407,645.1659072296923,659.8138052226847,31251511,659.8138052226847
2024-07-26,668.0558128734576,679.7632463749167,660.8977421491177,667.6155057619862,11485320,667.6155057619862
2024-07-29,642.1920510673604,651.5914252127482,626.4679018220706,637.8070512099224,22050529,637.8070512099224
2024-07-30,631.2828729077057,639.2345378747473,634.6530256250626,635.994271491082,33991889,635.994271491082
2024-07-31,643.9482506132234,653.8895291891338,633.3192534044899,643.8322831715401,16761528,643.8322831715401
2024-08-01,664.919699653714,672.1323413681423,660.1540559959725,663.7673527968262,34933682,663.7673527968262
2024-08-02,669.9995968153111,679.0220409341555,668.4808529007475,670.3968371748354,33991806,670.3968371748354
2024-08-05,666.8269467800533,678.5477884265288,667.5078955290322,670.2394832151347,31758437,670.2394832151347
2024-08-06,686.9022021217784,699.9100985148701,678.4478523798523,691.6751268597511,40574092,691.6751268597511
2024-08-07,683.8020747570348,703.9350334418788,685.6965643793313,687.7793534936235,21882830,687.7793534936235
2024-08-08,688.386085508481,692.3433816155964,679.8533464307524,687.4647228032558,9309161,687.4647228032558
2024-08-09,698.4403826368844,702.7545163324463,692.8787358666333,697.7670839424269,31354092,697.7670839424269
2024-08-12,704.6512935350099,721.3825026072013,688.4970693730497,704.0536114207074,39357820,704.0536114207074
2024-08-13,710.8660127740976,719.2085505834356,693.464628668116,709.7574873362,46373687,709.7574873362
2024-08-14,702.6303868777426,709.7364938216372,693.3179068433951,705.5865678442922,15885128,705.5865678442922
2024-08-15,715.5668621517132,731.9543786595427,709.5187194472834,717.8913037039022,22947283,717.8913037039022
2024-08-16,693.8004026381675,696.3303725833359,677.5575525611449,688.4125631343599,11643644,688.4125631343599
2024-08-19,689.6675395128685,704.1893553840858,677.2342056793286,692.3531458985308,12231788,692.3531458985308
2024-08-20,692.4613199966756,708.0552359952158,684.4999766841657,693.7384825941264,40716704,693.7384825941264
2024-08-21,669.329116554575,670.6138841345681,648.3706805223577,664.5637451269307,30528966,664.5637451269307
2024-08-22,659.371894850062,661.5284457195769,657.7388915750279,659.5860875685214,28252835,659.5860875685214
2024-08-23,662.1461573340389,666.5825391210094,657.3570598731125,659.1024256049709,15856832,659.1024256049709
2024-08-26,646.2304024815385,653.5008150937905,640.1260379124656,649.1402589513165,49882776,649.1402589513165
2024-08-27,637.6475865777863,651.3120371536153,631.0723746710959,639.7751857706386,24667789,639.7751857706386
2024-08-28,659.3167192166406,671.1659458434402,653.6574436483347,656.1956133608589,29238611,656.1956133608589
2024-08-29,644.0479233859335,643.9559978597931,633.5540523862335,642.5891363888709,18083493,642.5891363888709
2024-08-30,653.5705136978554,659.5903496655593,644.9168357609792,649.3291565684036,48123348,649.3291565684036
2024-09-02,670.2075660810716,683.5116567252543,670.7169966448989,672.4159769061492,23852327,672.4159769061492
2024-09-03,662.9562799067207,663.7061754153797,656.6724785875314,659.2660349869681,26212863,659.2660349869681
2024-09-04,652.1842496282705,670.6551271286365,642.203630781724,656.0341204750268,32029233,656.0341204750268
2024-09-05,662.6569036289155,665.5427892636719,647.0115380609421,662.1459074166174,27801002,662.1459074166174
2024-09-06,660.3429608312856,666.2010450356771,647.0378694317258,662.8499949414189,15312867,662.8499949414189
2024-09-09,652.0504598396587,665.6153564110726,646.9049892864912,653.8150513843062,31481062,653.8150513843062
2024-09-10,671.6179007516864,686.4032196903781,659.9306347949558,671.7771657573373,49653668,671.7771657573373
2024-09-11,661.0078270729371,674.9945820158116,660.3634750548601,664.9911832061166,23502800,664.9911832061166
2024-09-12,654.6456566688266,674.5801779807498,653.0565078790065,658.521037565615,18681059,658.521037565615
2024-09-13,685.9275617766583,695.3604127422886,671.9726978605268,681.0677492371851,9290876,681.0677492371851
2024-09-16,669.4646818361038,677.6749193113133,668.0223709671475,670.4025389766831,9055778,670.4025389766831
2024-09-17,671.4586730462352,684.5394657142493,671.0370720154361,676.5356710515935,10613147,676.5356710515935
2024-09-18,653.2925871175942,656.9787131164062,647.7806855945463,650.023255028719,24478021,650.023255028719
2024-09-19,657.4651060874126,670.3591349383563,648.2700990535609,656.468008345902,45585558,656.468008345902
2024-09-20,635.098834565184,651.7291090225517,634.9535044852265,637.8945214770719,44959883,637.8945214770719
2024-09-23,630.8201855227115,643.367745665696,625.3930076540527,634.4934434337657,20253416,634.4934434337657
2024-09-24,640.013433365231,655.0869021394026,633.3030311848129,642.7127527267245,15048467,642.7127527267245
2024-09-25,636.3078046935315,647.008005996959,624.6470166823361,635.6287521702875,39541260,635.6287521702875
2024-09-26,625.9185086150738,630.2389296347936,622.8115905720218,627.2256968291356,6212265,627.2256968291356
2024-09-27,627.2277791828434,635.3187169545636,626.3170838969419,630.5163908372823,20479820,630.5163908372823
2024-09-30,652.4968361789778,664.2193440636424,641.0771497667137,656.9694256349723,6039204,656.9694256349723
2024-10-01,665.3399567368529,676.8286484478356,660.6227631136029,668.8962606047751,28122381,668.8962606047751
2024-10-02,682.8443547363431,685.6415570991538,678.3856241334622,682.3438848600067,27126710,682.3438848600067
2024-10-03,707.7315872941149,728.0315156622937,696.0640090848108,712.7571119068405,10816460,712.7571119068405
2024-10-04,708.2270488497197,715.5135196945253,709.5750226319233,713.0662117424799,9918982,713.0662117424799
2024-10-07,694.7292396650184,716.1701954593708,697.3903836351561,699.5293142361886,12670050,699.5293142361886
2024-10-08,694.1149461056688,693.7200545800158,680.0527075878587,691.3778380122305,38858824,691.3778380122305
2024-10-09,688.2862536138418,706.0167846630831,683.780638981203,692.4441160062884,43633681,692.4441160062884
2024-10-10,675.9443118983736,690.1994842980037,659.4880957552176,674.0374359171857,40344916,674.0374359171857
2024-10-11,689.2795345358942,703.5250225460377,686.1670204076327,688.2738082416099,20167074,688.2738082416099
2024-10-14,697.4584932365395,719.5990976608681,697.0087784327828,702.7781052664507,23092402,702.7781052664507
2024-10-15,710.972905250663,729.1678387263305,710.2514730412603,713.8403788424265,49394194,713.8403788424265
2024-10-16,725.9821479109911,735.2166650164626,719.3168856690455,723.6037052702649,34293715,723.6037052702649
2024-10-17,712.4120356038947,730.3753860115894,715.5233731197224,717.565014508706,40945123,717.565014508706
2024-10-18,692.0766315689451,704.1763044052668,682.8536869356643,696.9953238580422,19044407,696.9953238580422
2024-10-21,693.3541630077942,695.9402210409941,678.5206725335964,693.4534818474905,46854488,693.4534818474905
2024-10-22,669.9583122425266,677.9444046259979,654.5488416236005,668.3337738961438,23938087,668.3337738961438
2024-10-23,670.0446596267362,677.1555209861581,664.793791191268,669.3992732587403,13101782,669.3992732587403
2024-10-24,670.3290030177844,682.885253785677,663.3213277281852,672.7492818919727,36163097,672.7492818919727
2024-10-25,662.4214921948023,671.2882728161131,655.5537875683813,658.9697916668964,5044358,658.9697916668964
2024-10-28,649.1173167858456,651.0739431525848,633.3866125474964,648.9877064854505,23935805,648.9877064854505
2024-10-29,653.3075341065279,660.3821388869882,642.184526156969,651.4842869765033,37942426,651.4842869765033
2024-10-30,645.8797791805944,654.0190252954693,629.8894360928662,643.1444423161115,9388030,643.1444423161115
2024-10-31,636.5935671847698,650.6352831860846,630.135663492785,637.0158264451295,8093250,637.0158264451295
2024-11-01,642.8994675931377,652.5858686962434,625.5640668570637,639.6578859189242,40161941,639.6578859189242
2024-11-04,654.2471632482889,659.9386792965485,642.0963037707838,650.7649833505199,48911412,650.7649833505199
2024-11-05,662.7032529604209,668.443032657178,647.1845475991362,661.9507905393274,6842022,661.9507905393274
2024-11-06,654.1164347904361,660.7977009636891,648.347104377038,658.4621776859893,38844907,658.4621776859893
2024-11-07,635.4683158144861,643.0789811407072,628.2713776761684,639.1308082323708,42267386,639.1308082323708
2024-11-08,629.94371330006,636.8183442453956,615.4064872705673,628.8918727421502,44909426,628.8918727421502
2024-11-11,605.414773817166,613.646346392737,591.8439176189519,606.9010932112917,44911568,606.9010932112917
2024-11-12,594.5747311580853,601.6556830273358,593.5416785459208,597.711216522549,47895927,597.711216522549
2024-11-13,593.423431732829,606.0416545547039,581.3498103574293,592.6781801448849,34801923,592.6781801448849
2024-11-14,572.6206401837776,581.7265462833022,575.2989179364652,576.846238546599,31337271,576.846238546599
2024-11-15,582.4043515670227,596.411161261869,572.0383050905529,584.530203122809,24751413,584.530203122809
2024-11-18,607.782178533088,613.8237287098249,597.1378648629202,610.6351464477603,6117985,610.6351464477603
2024-11-19,603.8391340440808,608.6255493202591,605.0905132988061,606.7181899467822,10277286,606.7181899467822
2024-11-20,614.5818225039848,623.7442492328067,608.8162088412756,618.8449591330532,27068793,618.8449591330532
2024-11-21,633.210811336771,645.2010728404332,632.9430361123423,637.2346634573024,33789622,637.2346634573024
2024-11-22,637.0220346680117,651.7889577714793,626.0137461286196,641.1260314467236,49896715,641.1260314467236
2024-11-25,636.7752423067768,647.7313118890947,628.8921772126714,641.0839932606765,29115711,641.0839932606765
2024-11-26,646.0043768153361,651.3702701844473,640.7744077633728,645.2814152457839,36779742,645.2814152457839
2024-11-27,650.7498168232574,671.3202398229412,652.289097957293,655.7149287080881,33997492,655.7149287080881
2024-11-28,646.6528144305233,656.4880351395847,643.1778152150139,647.7121503671588,38282831,647.7121503671588
2024-11-29,620.1968441636017,619.7931155503335,606.1450072752324,616.9905850231723,34123274,616.9905850231723
2024-12-02,609.0561833603376,617.6326763509247,606.6279838588705,611.2605526549182,46065333,611.2605526549182
2024-12-03,631.2675867253182,636.4441766530393,630.3444741984098,631.7241879223224,9441630,631.7241879223224
2024-12-04,641.3369897356332,649.1340264417711,636.6195124767742,641.2650559395922,6779072,641.2650559395922
2024-12-05,642.3832432336721,655.4864410198929,639.742980552096,641.3789371473061,39537701,641.3789371473061
2024-12-06,646.8116593123809,646.0584510267772,639.6181494312254,642.9830030632863,45062967,642.9830030632863
2024-12-09,637.7893139116046,637.881679744067,625.9660538263182,636.4798962028074,37693022,636.4798962028074
2024-12-10,627.7332211985031,638.039166667423,621.2381731556413,630.2967476881563,42384838,630.2967476881563
2024-12-11,636.7772485439532,647.2885223242445,626.7029681982976,632.4170093928994,21803104,632.4170093928994
2024-12-12,643.8417682561686,656.4242959140598,630.314061902823,643.4966903777207,44712205,643.4966903777207
2024-12-13,650.0447882757118,657.2319833223679,635.2304065142645,650.374953873955,49365495,650.374953873955
2024-12-16,670.1319999845437,675.648116492894,649.4611834348111,665.6938378002408,24809106,665.6938378002408
2024-12-17,655.3895746140478,664.7517374328785,639.6974712753671,650.8222090525355,29239014,650.8222090525355
2024-12-18,635.6634091667584,643.4070545093148,622.2294254867236,631.051442497015,7186668,631.051442497015
2024-12-19,634.7018026241559,633.8214859949551,616.3790297076077,630.3904294788741,46390343,630.3904294788741
2024-12-20,625.5675038620574,632.0962319982362,621.1345485165413,624.765941834554,34086747,624.765941834554
2024-12-23,604.902754743923,614.8120185981343,592.8706442754323,606.852548683012,32239832,606.852548683012
2024-12-24,602.8258466128178,606.1869666902977,587.7126582197567,601.0963076110833,6116037,601.0963076110833
2024-12-25,598.8288434743969,615.8043698494532,595.1099216745157,602.0844481728759,5187671,602.0844481728759
2024-12-26,614.3971323567747,624.0420537836928,599.8540429412957,612.0034704717024,6602814,612.0034704717024
2024-12-27,612.8833282088572,628.8760824852022,611.6345357060609,617.7906753428144,35363614,617.7906753428144
2024-12-30,611.5944559411199,616.9788099352014,599.7667055602564,608.0212575666944,41334704,608.0212575666944
2024-12-31,618.7069057445117,626.278151383524,616.929204052707,622.2747103327598,11910704,622.2747103327598
2025-01-01,622.1281230757975,620.0708974344652,605.2010899480082,618.6254300254817,18281387,618.6254300254817
2025-01-02,625.4362481688095,640.4674404246656,612.1097587200564,625.7728013838284,38027266,625.7728013838284
2025-01-03,635.5030224266909,645.1288864683341,636.9394203664526,640.5800684125694,11082044,640.5800684125694
2025-01-06,648.8812582451347,662.3068491895102,639.6979659605112,648.8342213893659,14243626,648.8342213893659
2025-01-07,639.7191773932834,643.2356975160455,630.8215069004083,640.6104440837792,11099182,640.6104440837792
2025-01-08,658.7811114939337,666.649422023169,654.1187033443996,658.3431569330737,21382433,658.3431569330737
2025-01-09,646.1861720880605,662.8945451442071,631.8133991246272,647.0812505626449,42774604,647.0812505626449
2025-01-10,635.6247924104619,653.4189366278854,638.7652439378755,640.0553427604505,8710092,640.0553427604505
2025-01-13,671.8803859836463,668.3346746125661,653.0873727134513,666.7591914855319,45348891,666.7591914855319
2025-01-14,654.8777245765742,670.5537083453404,647.6176199939976,654.8197519941782,49217402,654.8197519941782
2025-01-15,644.1619970924628,653.1590440957013,631.4266904993058,642.0996447406561,7350343,642.0996447406561
2025-01-16,637.6458300394021,645.7516280160936,634.5301408890898,637.8643871513767,27075974,637.8643871513767
2025-01-17,626.6291988257964,633.1096805219754,619.904619491982,627.0348103854213,26062252,627.0348103854213
2025-01-20,631.7740438704694,638.4954131896527,624.2573268967127,628.3505517282983,17672794,628.3505517282983
2025-01-21,629.4106673437418,637.9602862922465,619.4004139889993,631.489766135606,5170374,631.489766135606
2025-01-22,628.2074328663114,646.7558525815052,629.8415425386889,631.3248569929758,31339956,631.3248569929758
2025-01-23,620.6172924611412,626.3174428557453,618.9526034198125,623.9741790930392,35482499,623.9741790930392
2025-01-24,621.4203204717518,633.1412383334949,611.1322527902091,622.014361128569,21041996,622.014361128569
2025-01-27,642.3611497182206,652.7375589875766,634.1911353019735,644.7213015810653,42450563,644.7213015810653
2025-01-28,669.7472384929536,681.9909168938284,661.8764310420518,666.1106602195707,40419244,666.1106602195707
2025-01-29,677.1058024553645,687.9813613173526,666.6713485858538,682.2313044386744,32999284,682.2313044386744
2025-01-30,661.3783440335613,668.9818025079486,654.6767058758387,657.469426006372,36223649,657.469426006372
2025-01-31,661.5017951823577,672.1813393706532,646.7684897041697,662.459125003996,42110401,662.459125003996
2025-02-03,698.0636734841003,706.6627842031095,678.2214008722935,694.9792762353752,16763831,694.9792762353752
2025-02-04,698.2615631964755,696.2422602277691,678.6358136701344,694.3344087097136,41550292,694.3344087097136
2025-02-05,693.0948947943951,697.1359229416715,675.9874693154954,689.990034536276,40900541,689.990034536276
2025-02-06,706.2923716087217,715.2105565090746,687.5169926698816,702.1578795638522,5237386,702.1578795638522
2025-02-07,703.8915605412454,707.309336612974,694.6573031801394,698.8241975872578,26627810,698.8241975872578
2025-02-10,699.5985492576974,700.8287072354949,693.04251910697,694.6673046863963,29138840,694.6673046863963
2025-02-11,684.6844519183122,695.9639012300902,686.9304033971622,690.151265734787,32198616,690.151265734787
2025-02-12,682.9680986666367,698.9004878714511,673.4128831081139,685.4999692720945,35431706,685.4999692720945
2025-02-13,681.0512323085586,688.711900204095,665.3566323095046,680.4747396069358,39720960,680.4747396069358
2025-02-14,687.8726744398301,694.8448325723924,676.1145167197136,688.6846626074189,32384229,688.6846626074189
2025-02-17,678.6018149964773,691.6984095495131,675.7787071351922,680.1000685161421,17972045,680.1000685161421
2025-02-18,698.084236660973,710.6745759087111,686.059059486373,694.0334185313156,29726658,694.0334185313156
2025-02-19,695.5062367608109,696.7722710894789,692.3164031426414,694.5631275446764,5993070,694.5631275446764
2025-02-20,686.506151253337,692.4652967438566,676.0254845506662,687.4652530310276,47269812,687.4652530310276
2025-02-21,710.2445697435635,712.7920691808611,693.1174795955841,706.8383908760394,24679558,706.8383908760394
2025-02-24,699.5539051480406,705.1540556380861,693.3757020743723,699.0325180678286,45960210,699.0325180678286
2025-02-25,685.1620790941628,696.2861499157092,682.9112569004097,686.0951175787915,18840311,686.0951175787915
2025-02-26,696.875787956029,702.7452471009968,692.2690407546056,701.2115845937776,19997624,701.2115845937776
2025-02-27,724.9270145819846,745.5182150859082,720.2808338020195,728.9446659511958,16312864,728.9446659511958
2025-02-28,732.7843099378811,747.2399785017826,718.661964250198,735.5136872160064,38742081,735.5136872160064
2025-03-03,733.3507736530299,735.6555416634314,725.4769157984686,729.7967336622276,34809567,729.7967336622276
2025-03-04,750.9697320589423,752.380440933081,730.6774337560823,749.061040274924,18749008,749.061040274924
2025-03-05,755.2595938771381,764.8022019687055,755.2480936113016,761.2972657501983,37295103,761.2972657501983
2025-03-06,775.0425210175902,784.7770578585919,769.22571692262,772.2612845264377,22344480,772.2612845264377
2025-03-07,778.0582835399936,780.2424618591584,765.6416078137445,773.5361710943289,24693629,773.5361710943289
2025-03-10,785.1412116158059,804.6864262976586,782.5923724822609,787.0798277307945,36144506,787.0798277307945
2025-03-11,802.5318859886222,812.8485104303124,792.7970119295834,807.1925254375251,9678645,807.1925254375251
2025-03-12,794.2746249582326,802.9690885867217,789.0983883720188,799.4402533480473,44943109,799.4402533480473
2025-03-13,813.0800139162732,827.9562042411396,795.9344878194208,808.6727767386691,47812589,808.6727767386691
2025-03-14,824.481549408027,835.4110262792238,804.7283678620447,819.5916896795036,10395974,819.5916896795036
2025-03-17,832.5022134272134,837.1514507770952,818.1681736979777,826.8485107463252,19065627,826.8485107463252
2025-03-18,824.8809928214712,834.0086491252714,805.1755701180377,825.4464236430451,35483428,825.4464236430451
2025-03-19,786.7513637945544,791.3344615560104,775.608785439438,784.1423552537897,30105171,784.1423552537897
2025-03-20,791.8489518645524,802.419172896979,776.3737685946653,794.1579399168324,17955586,794.1579399168324
2025-03-21,816.2731492770988,823.7246897574955,792.4378300437377,812.2944858438897,29444073,812.2944858438897
2025-03-24,784.9627971237944,793.2403479840368,769.6469340859369,779.4270613635382,8074987,779.4270613635382
2025-03-25,806.7014608104776,821.3271448439651,792.7794124892001,807.7149785198321,15230863,807.7149785198321
2025-03-26,793.5642729653715,813.6082392347055,777.1619884388127,796.7768504210886,11598085,796.7768504210886
2025-03-27,812.8918733883835,823.3745393655898,801.7293071183233,817.8721827442912,15477760,817.8721827442912
2025-03-28,818.7796492278778,823.9790578453549,810.4686641489571,814.5250535059582,14040903,814.5250535059582
2025-03-31,828.7787326764502,839.7189199229141,813.6176846070974,826.8523498644188,21205018,826.8523498644188
2025-04-01,838.9561969662748,861.5609912041252,841.7830096756991,844.5956266555709,33547206,844.5956266555709
2025-04-02,841.8448687268072,842.3635266627575,820.2110720718928,838.2676785124273,6516731,838.2676785124273
2025-04-03,819.9005891750154,838.4236330581477,803.0054601618448,818.8162873302348,10677366,818.8162873302348
2025-04-04,811.9818737212003,818.8446545054042,793.0333453894342,808.6142334981104,30421821,808.6142334981104
2025-04-07,811.4593728373725,818.6982054716847,807.143990916314,811.0890405779647,16008596,811.0890405779647
2025-04-08,804.2522350669366,818.3727171686699,803.0852085533774,810.2231430430702,33692094,810.2231430430702
2025-04-09,813.1693030743801,837.3298830620041,803.120272922262,817.3106220889163,46670533,817.3106220889163
2025-04-10,826.6357175362192,852.345391911056,813.8701812338887,831.6938647474483,19299078,831.6938647474483
2025-04-11,836.9878432077126,849.3903875954206,814.4110915243901,833.9556119038054,36581742,833.9556119038054
2025-04-14,832.3946205566858,855.6094332048938,824.3848053472101,836.3698819936618,38284768,836.3698819936618
2025-04-15,819.5077971809425,836.6864757795261,819.172482687028,823.672632862621,8005865,823.672632862621
2025-04-16,837.1660123818747,842.7762833436498,826.0823800211168,830.713831556672,26791439,830.713831556672
2025-04-17,848.4162751114933,853.6483183374655,842.2940964314472,846.7169343871929,46840194,846.7169343871929
2025-04-18,862.6557894629333,867.8914778165168,855.7428059155727,863.8275111611429,27109510,863.8275111611429
2025-04-21,856.18528308748,867.3078839964179,856.2739213136605,862.3038188429526,16900886,862.3038188429526
2025-04-22,872.2555078165684,873.2421229557327,858.8635682388124,866.0497604330031,8951008,866.0497604330031
2025-04-23,866.0224280100632,879.1757556020431,846.0536990320202,864.2163876652296,14641865,864.2163876652296
2025-04-24,855.097491013745,865.2457547122071,843.3515229392589,860.4597957777256,27442190,860.4597957777256
2025-04-25,849.1143878536661,857.9673376847028,843.308735481109,845.5504616769962,24193703,845.5504616769962
2025-04-28,853.8068544870358,868.5608892930906,833.6944667313921,847.4804208680523,37734129,847.4804208680523
2025-04-29,853.1664202184171,854.768054924826,834.1323106518764,846.9321718467952,5758200,846.9321718467952
2025-04-30,874.4470139397137,877.3672901215388,867.8628627374806,872.2393844320815,29264978,872.2393844320815
2025-05-01,844.348380985624,866.1134799625532,829.3221340683938,846.89077285378,23405084,846.89077285378
2025-05-02,851.570937418606,853.1244737937443,825.777502318663,845.4265974265451,11826168,845.4265974265451
2025-05-05,833.9591787470475,845.4638980586095,822.424871250164,837.6719249706578,9482513,837.6719249706578
2025-05-06,822.4802152560659,832.3117242515083,816.0807267920452,822.0215264831588,14808137,822.0215264831588
2025-05-07,840.5767871679368,853.6935291147237,833.7626765298011,847.1179775706573,43547112,847.1179775706573
2025-05-08,843.8060408593611,859.5986967139603,838.7288414783259,845.336363626148,45098549,845.336363626148
2025-05-09,846.3172924563025,846.9513856210409,827.1479388955537,841.263207475623,36226170,841.263207475623
2025-05-12,855.1987945767768,860.9779151643994,838.8485477405919,854.8629198063556,41099833,854.8629198063556
2025-05-13,857.3134975708494,864.3128967840729,845.1185372540782,860.933112094251,38009830,860.933112094251
2025-05-14,875.1001219739031,874.2845304855558,853.1037003830603,869.8413674275191,19294781,869.8413674275191
2025-05-15,904.4967401109959,926.185846377985,885.2472931624226,904.4567396425848,27636290,904.4567396425848
2025-05-16,896.8159530441716,908.7907146248203,888.3365268080483,892.1031535131439,12531402,892.1031535131439
2025-05-19,851.5324784515367,871.3836715617255,855.6663851161355,857.7118848582257,19360203,857.7118848582257
2025-05-20,840.9556455582627,855.2993137716043,834.1303111885697,840.087063831623,25090412,840.087063831623
2025-05-21,834.6324668535141,836.5482847513355,813.6667219138523,833.4629079885493,24665516,833.4629079885493
2025-05-22,829.8437899515441,841.9194751581769,818.6704385572049,832.6654111872361,32785163,832.6654111872361
2025-05-23,838.5380607690805,841.812587020179,826.024665038871,837.1873001462027,17556021,837.1873001462027
2025-05-26,838.6381199661436,835.9060884838318,827.4660604588179,832.6934991394883,9852713,832.6934991394883
2025-05-27,828.0015832654914,842.5975578977325,820.9860781281864,826.517600955754,6189251,826.517600955754
2025-05-28,855.6085921983791,874.295331359696,838.4896615061475,857.5360979211464,22097364,857.5360979211464
2025-05-29,837.7208804646585,849.019925698232,824.5090231663686,843.0723267312601,34527184,843.0723267312601
2025-05-30,815.7953228391599,822.8756702078778,809.6716098683195,821.1950735371722,28446911,821.1950735371722
2025-06-02,856.0701745982826,872.7845153357407,847.9015802229655,853.7214874623122,6438145,853.7214874623122
2025-06-03,849.6934476513665,873.6408522393674,850.9869043436524,854.0665993906382,18073992,854.0665993906382
2025-06-04,848.0019557209695,864.0751030107472,830.2714461879085,845.3234172258874,41973211,845.3234172258874
2025-06-05,828.9033078263647,830.6431259707064,817.2327586420236,826.5737199345834,24132460,826.5737199345834
2025-06-06,824.604133719418,831.5297277907111,802.2917860072328,821.6335199713156,26641636,821.6335199713156
2025-06-09,817.4639460083638,833.3585422635165,804.1229980130018,816.1212555861298,33396284,816.1212555861298
2025-06-10,833.3696966685233,837.8133770716579,817.187211248114,828.1823550690626,38698304,828.1823550690626
2025-06-11,838.8403495984968,835.1133098183982,818.6015883991075,832.2714750264785,5990449,832.2714750264785
2025-06-12,861.2775472552046,871.6526352718373,841.738388658949,855.7364219785941,32702614,855.7364219785941
2025-06-13,876.6767305393068,889.2758449204395,870.9413054185889,876.758295508526,37358466,876.758295508526
2025-06-16,889.6247245211148,890.4952521403418,860.6702162054452,882.6656749175659,9020559,882.6656749175659
2025-06-17,871.4038947314265,880.6028976129552,857.849301953872,877.8166087593555,18707886,877.8166087593555
2025-06-18,875.175557884423,884.9649670502649,871.1078524594437,874.9833736641901,5310402,874.9833736641901
2025-06-19,869.8239222750957,896.8036398728826,861.2451271956222,876.3936588428513,28137583,876.3936588428513
2025-06-20,896.8814587491066,901.4411172341344,886.0053739335917,893.1254311370094,32504153,893.1254311370094
2025-06-23,884.0595758366215,893.688865614628,869.8861123383874,884.3590158936099,6069248,884.3590158936099
2025-06-24,871.5970809065195,880.2886778580076,850.2997188078202,868.8525034233512,17054418,868.8525034233512
2025-06-25,861.3479434209951,864.7900977971592,843.8713984080922,859.82502324173,11446091,859.82502324173
2025-06-26,864.6114013485548,868.0156259289328,848.9341006421416,860.5088654689896,8334174,860.5088654689896
2025-06-27,841.5358887381357,848.7589083883412,842.9428768993633,846.4551921931629,20127297,846.4551921931629
2025-06-30,863.7617283395457,874.3284323038562,839.0216529405137,859.396863999661,49582389,859.396863999661
2025-07-01,842.0824408548856,848.3257989384547,825.5823720059702,836.6104527256849,41983494,836.6104527256849
2025-07-02,818.0395392901403,836.1957402695721,819.7278740483509,824.3845007086722,22210576,824.3845007086722
2025-07-03,843.5266335890484,857.3238214235901,821.2680783158854,838.5570862947502,13495981,838.5570862947502
2025-07-04,840.278275985345,846.7890922915248,823.2052368072934,836.3904374693294,20384824,836.3904374693294
2025-07-07,859.8174950032019,856.9925309131676,834.3416855228653,854.3667681651382,33110219,854.3667681651382
2025-07-08,844.9908705855676,860.3689464526925,842.5316021827091,847.4314449970623,21230112,847.4314449970623
2025-07-09,862.308073483941,873.5114518297952,850.3368477584769,855.7685210036943,22677187,855.7685210036943
2025-07-10,822.8320128490063,844.0405378051848,816.2642421404413,824.7778678397154,33201808,824.7778678397154
2025-07-11,835.769509371588,837.097291470141,824.4500381410371,834.4060459815886,8949608,834.4060459815886
2025-07-14,837.9985340599742,849.6364650554079,818.6595872095211,831.5991676171759,30018974,831.5991676171759
2025-07-15,811.198272108418,808.3213176055339,802.9125095388351,805.5308697025529,11238068,805.5308697025529
2025-07-16,813.6650201695139,834.9684813550355,807.7597341655388,816.18206719893,26937968,816.18206719893
2025-07-17,840.5077190047739,843.473657776888,831.302618395013,838.3347336886777,32368963,838.3347336886777
2025-07-18,837.2634607841371,838.8989007506483,824.4433162644743,834.8710973616251,27407967,834.8710973616251
2025-07-21,830.4589323299779,833.4595550521276,814.6350079751315,827.080245208116,46072052,827.080245208116
2025-07-22,827.4339480158325,827.0249006543763,803.8200577263192,822.1266472248208,34213823,822.1266472248208
2025-07-23,807.2595027345512,819.5281629099328,787.3234031132871,804.7894023200597,21878219,804.7894023200597
2025-07-24,826.5586864342678,841.8350532959898,814.3837611667377,831.9329818241282,28822334,831.9329818241282
2025-07-25,814.5657680013265,832.0114729042452,800.9341230176078,814.1786575896158,19536968,814.1786575896158
2025-07-28,810.3373413093107,822.5155660885692,813.4357745876193,815.6741771410713,8861488,815.6741771410713
2025-07-29,814.9924758850335,821.0685279651744,813.2146510143808,815.2106879801063,8990829,815.2106879801063
2025-07-30,807.485648193643,827.2407943336024,807.3481165228924,812.6004121875632,19925844,812.6004121875632
2025-07-31,840.80446811723,850.3050767900967,829.3325291659164,834.3662533550023,35597137,834.3662533550023
2025-08-01,813.8308973774658,823.0408262835045,812.5642364075522,814.6887063705622,16726938,814.6887063705622
2025-08-04,826.8823498852331,842.5760056617494,814.213446865081,830.4316878244887,30978392,830.4316878244887
2025-08-05,827.8988528024685,847.4702461103788,827.7189381420294,831.0327147257216,36122987,831.0327147257216
2025-08-06,841.9738634654336,858.1769437433742,836.3707960790632,842.0593195648463,21180361,842.0593195648463
2025-08-07,859.162366753566,876.7120036354999,842.3621452974592,860.9799849300867,27750611,860.9799849300867
2025-08-08,858.6170556425316,865.7427833407446,844.1288203442134,860.9559820332967,43892342,860.9559820332967
2025-08-11,846.5707956564515,864.706395338871,835.8426483928683,849.4748768749382,17987079,849.4748768749382
2025-08-12,846.929987804151,861.0696270822547,837.7724836890421,841.0965597589006,30843247,841.0965597589006
2025-08-13,844.3368744013034,843.7011951454193,830.6797579793641,841.2994084870302,36148049,841.2994084870302
2025-08-14,842.4763537047676,848.1397299257429,840.3292264208263,842.4444648688484,20192101,842.4444648688484
2025-08-15,863.5203307723109,872.9050944965409,866.6397078830538,869.9777668199952,27592325,869.9777668199952
2025-08-18,876.5369529184538,895.6212063721748,861.891965753279,877.782635273469,24809139,877.782635273469
2025-08-19,877.2905448257732,892.7909547816267,874.2061997606535,878.4649503413718,10202513,878.4649503413718
2025-08-20,874.706134794143,890.390511629649,873.3552582113219,880.5600450448075,47569816,880.5600450448075
2025-08-21,879.4218614447343,888.4605817747686,863.0457284767978,883.54213377947,39242451,883.54213377947
2025-08-22,904.5041812509157,922.2543367445498,898.4680257904604,911.6466014705582,45841886,911.6466014705582
2025-08-25,941.7784738270409,953.1551933094981,934.7765611967174,943.0026747585113,32617182,943.0026747585113
2025-08-26,956.0129491226809,975.2271057687412,940.0702114235877,954.2524915708831,17370079,954.2524915708831
2025-08-27,970.1877369663684,976.9040513286262,960.9805017587693,965.2749768467368,43752803,965.2749768467368
2025-08-28,950.5721574091652,960.3136424957316,946.6487143455472,952.2565068268274,11718332,952.2565068268274
2025-08-29,967.1229650596766,975.2225354023344,952.1167487004549,970.4010348910566,24048168,970.4010348910566
2025-09-01,934.4675156751673,964.0668485123139,935.9180056906293,940.647034272846,27873031,940.647034272846
2025-09-02,958.9469459724793,962.5063296141305,944.0804730571749,952.2464222786392,48732205,952.2464222786392
2025-09-03,941.3734973110061,946.8247484967941,920.3962000456992,942.5046003392048,7675044,942.5046003392048
2025-09-04,940.2845341178131,944.9237728362472,926.6976323790559,940.3957139509903,14941861,940.3957139509903
2025-09-05,942.6665439493453,947.6483650488268,924.420537236557,938.2500228784069,6430224,938.2500228784069
2025-09-08,965.7113128165475,963.7928859844098,938.1245207029999,960.2390215697119,37735558,960.2390215697119
2025-09-09,948.378452915335,970.2093547401446,938.5539222414914,950.6925562495784,15481501,950.6925562495784
2025-09-10,954.9260113703964,980.5307159680004,947.0649264840222,956.8118101591899,46878318,956.8118101591899
2025-09-11,930.560754685041,935.7678214750346,910.4418504025978,930.8283930869121,26013795,930.8283930869121
2025-09-12,956.7809285749664,974.1289066939851,937.7409904286801,954.5511499229764,37773982,954.5511499229764
2025-09-15,983.700742537394,988.6799017535244,962.6200055538051,978.8008543666872,36579193,978.8008543666872
2025-09-16,967.9909306704898,986.0213461155053,964.7706032272023,975.0998635280579,42734492,975.0998635280579
2025-09-17,979.152796521041,989.9199888961858,971.0501409948456,986.2359595433095,41499767,986.2359595433095
2025-09-18,957.2815509381284,966.0973305338048,945.9002584104953,957.0595057198228,12957132,957.0595057198228
2025-09-19,948.8827759183245,956.5264675670452,934.4696089834374,953.7615133991125,42536232,953.7615133991125
2025-09-22,924.2229549173958,930.4920571062894,913.8437522810766,920.275077798568,27495969,920.275077798568
2025-09-23,923.6733327152405,934.6906702059903,904.338624455785,917.6543570385285,30940125,917.6543570385285
2025-09-24,913.4370526919458,935.7504998303526,896.2770270613626,915.2307482876798,16302740,915.2307482876798
2025-09-25,898.6842275560539,921.3977579097257,884.1337515980994,904.2134816477303,23952434,904.2134816477303
2025-09-26,929.9300207926133,951.2750974614784,906.4789629583842,928.7661093312029,21730624,928.7661093312029
2025-09-29,945.2221181482796,970.9776524834931,929.3073089257902,950.4562168299699,45833301,950.4562168299699
2025-09-30,975.2682410821516,989.8403550920971,961.1464612703915,970.8761519719956,35530231,970.8761519719956
2025-10-01,970.2455152336352,971.8677670105756,949.5910175398915,962.9168292161985,36162663,962.9168292161985
2025-10-02,949.1272340773651,969.639447997413,935.1512327002472,952.6089010428187,28133715,952.6089010428187
2025-10-03,921.5519521698182,929.8234045071723,904.6122416859677,922.6888510292313,32566534,922.6888510292313
2025-10-06,951.8739143566814,969.7754453644584,945.3523685832732,948.4038330366341,36000645,948.4038330366341
2025-10-07,940.7511237911275,944.6640956672254,933.2818774358498,937.3916732458425,39843817,937.3916732458425
2025-10-08,941.328205835952,956.9890971757299,919.9785539847827,942.9412192101124,47224632,942.9412192101124
2025-10-09,918.6931583600831,931.4885443319449,901.4641010720043,913.1251116649416,25124782,913.1251116649416
2025-10-10,917.2919869205523,933.3236873348225,896.6351017909234,919.1734431013978,36357749,919.1734431013978
2025-10-13,937.7562856919218,950.1315761343805,924.1172446914134,938.4116835386217,16456046,938.4116835386217
2025-10-14,950.2278540311094,961.8879704477972,937.5283062848824,943.0717134283785,29481597,943.0717134283785
2025-10-15,958.268711358056,970.0183859957218,949.9314196521822,959.1205509768026,25362245,959.1205509768026
2025-10-16,986.3100668544545,986.8535760588114,955.1274392444833,978.8618631159651,13095534,978.8618631159651
2025-10-17,1004.846983865175,1014.4428106090011,985.7855747519283,1006.8451474494107,49347319,1006.8451474494107
2025-10-20,1042.090314268702,1042.9944892288468,1016.5789221640457,1040.74238327768,47349617,1040.74238327768
2025-10-21,1015.0493198780869,1017.8852995013222,1010.0840081197161,1012.6219794599131,39994960,1012.6219794599131
2025-10-22,1011.1917680493378,1034.9064647308371,1001.5270175602415,1013.3936204303434,37856105,1013.3936204303434
2025-10-23,951.4949107982331,973.5109559311683,932.0887218872606,955.049100151597,10108023,955.049100151597
2025-10-24,960.6225247543201,964.895376676686,953.0763407965312,958.9382102513763,8304925,958.9382102513763
2025-10-27,986.6711444345967,996.1893165984208,975.953626442238,980.2850793546808,38944947,980.2850793546808
2025-10-28,958.9411901131268,981.869525125515,950.3910406669875,963.2389736518604,48362727,963.2389736518604
2025-10-29,963.2787791568858,962.4360128602198,952.289588910764,958.016511793278,15477887,958.016511793278
2025-10-30,963.7230259449842,971.0305045405552,945.1378709178717,958.6412268886386,30983797,958.6412268886386
2025-10-31,953.5161535949569,963.4830845488905,935.9030205907318,952.080774358763,10257513,952.080774358763
2025-11-03,918.2306656665927,938.7049260664869,900.3491943433667,917.7718406121794,11699718,917.7718406121794
2025-11-04,911.4026196365237,932.5196158052468,900.2941885396906,914.7642650524857,49399300,914.7642650524857
2025-11-05,931.0758169757623,951.0807486208366,913.4165896932083,928.5577277850634,5257054,928.5577277850634
2025-11-06,939.813204409718,959.6779856946266,923.6822314624975,937.6476530643089,33788329,937.6476530643089
2025-11-07,945.865497297613,968.1727601537584,942.4034731385783,944.6797508888076,41284782,944.6797508888076
2025-11-10,947.4662088887189,951.3400025912921,929.787622488532,940.0118861859138,26095749,940.0118861859138
2025-11-11,958.5101305819642,962.2778915142828,940.0816068600548,958.1329397155351,36917719,958.1329397155351
2025-11-12,946.9062751790805,961.8802944937629,939.4105027738229,946.8929830363304,35474828,946.8929830363304
2025-11-13,956.6647271734179,972.7177328331794,931.5616356100096,955.0369819910314,21990949,955.0369819910314
2025-11-14,959.4066069424322,956.2017582491188,938.1689527999779,952.1598175631766,36106792,952.1598175631766
2025-11-17,976.3416325341826,996.5803488380483,957.3988113653355,974.2926333332111,21774959,974.2926333332111
2025-11-18,968.4890913100005,976.7967600161896,956.1856528637888,967.3948056698796,38005289,967.3948056698796
2025-11-19,944.0013388730945,955.0366474681515,938.1255812911227,946.6876001737157,9993333,946.6876001737157
2025-11-20,980.7363251930398,994.0994355977286,959.9591387977626,981.0366406504116,25802343,981.0366406504116
2025-11-21,989.6783573345919,1002.421229992702,963.2500978901492,983.6184952180791,26459639,983.6184952180791
2025-11-24,1000.794119726567,1018.7185615486034,991.0512526252518,996.5929720437832,7292585,996.5929720437832
2025-11-25,984.7239983300998,981.7023942349776,958.7702945911117,978.6384374011457,6498670,978.6384374011457
2025-11-26,965.827969407854,980.8406574081891,951.1680384557609,967.2438128619835,27772083,967.2438128619835
2025-11-27,978.061684045347,985.7774107474929,950.4032835388202,972.4319616144093,39940715,972.4319616144093
2025-11-28,980.2166284831453,1005.8108731572327,973.2360613703319,981.6185139547881,24143859,981.6185139547881
2025-12-01,1000.6975230057178,1007.6059248988054,983.2887353325643,996.532768088724,40289489,996.532768088724
2025-12-02,1003.6627838456868,1013.9242367531671,978.7917009875531,996.276192505044,46317160,996.276192505044
2025-12-03,1008.6455116085264,1014.5555809049687,985.9942091319064,1004.0564431818866,9264828,1004.0564431818866
2025-12-04,1019.2076269759461,1021.8742016099434,995.0250193608774,1018.3409137457016,15533863,1018.3409137457016
2025-12-05,1008.1548728727016,1027.018432208605,992.3246797640548,1008.9590494817049,9676285,1008.9590494817049
2025-12-08,1057.0471798343372,1071.346678151804,1035.409514563983,1050.927619315215,36007329,1050.927619315215
2025-12-09,1026.5167471710413,1053.760555749555,1029.0475738331395,1034.7000267831438,41545184,1034.7000267831438
2025-12-10,1005.3751025801515,1016.4043361390335,997.4615389444348,1009.7841561199124,19814904,1009.7841561199124
2025-12-11,1012.2441477998134,1023.4907163032327,995.6665122169842,1011.5414095058459,38506079,1011.5414095058459
2025-12-12,1021.0222983709285,1048.3319388552752,1015.2270377197113,1028.468417360484,30981333,1028.468417360484
2025-12-15,1015.0417178961262,1032.8397307150592,1005.5350542451129,1016.2313126814835,40020379,1016.2313126814835
2025-12-16,1028.2767530724516,1027.6652176583332,996.1481328800395,1020.8769860902324,18138841,1020.8769860902324
2025-12-17,990.1034468049608,1000.3505757160602,992.3680003295513,997.7445867065114,46151951,997.7445867065114
2025-12-18,1000.1845062886224,1011.2623800449388,988.6269406320201,994.8492204962203,22149505,994.8492204962203
2025-12-19,974.7329935361729,983.721896065,959.3256736371136,971.2211387021537,21326808,971.2211387021537
2025-12-22,947.3657425282336,962.6609875620042,942.1207328095431,950.4423861924932,36269582,950.4423861924932
2025-12-23,929.9855927182246,941.6009359955684,918.3144173703747,934.6868275131689,12000768,934.6868275131689
2025-12-24,941.6080921765771,952.2727426748212,927.2377781981688,934.6725483334294,28657956,934.6725483334294
2025-12-25,926.3145606836529,929.4610603752074,913.5418650683689,919.8397701337271,6287190,919.8397701337271
2025-12-26,908.2558764412029,923.3005767375814,908.4301602612979,910.2550810602077,14261947,910.2550810602077
2025-12-29,894.2494096393007,901.4914485572189,871.8268803162233,891.9891167494172,25248622,891.9891167494172
2025-12-30,885.8931937636441,904.7169903965811,881.2759959745479,892.2847112331614,11667763,892.2847112331614
2025-12-31,842.841212266912,851.7247873549094,831.1972314170232,840.9787403589024,38765245,840.9787403589024
2026-01-01,846.6004586972548,854.2009346908379,832.6224209738986,843.7879232729251,11979036,843.7879232729251
2026-01-02,858.009919974175,877.0108090434067,856.7542365258231,860.3874018826046,36618668,860.3874018826046
2026-01-05,869.5767513481062,889.9552109996853,872.2275598661341,875.9665355698653,49837575,875.9665355698653
2026-01-06,878.6082413883377,878.3589927797875,872.436408112765,875.4911538471663,11036310,875.4911538471663
2026-01-07,899.916977691672,905.0829662963723,875.2266806918343,893.4967061480594,48141564,893.4967061480594
2026-01-08,896.3973172355921,913.942237659717,873.0136421389723,893.1869142546701,49129113,893.1869142546701
2026-01-09,900.8975138858203,905.6284400289976,879.6169007184069,898.7822380747175,43139213,898.7822380747175
2026-01-12,925.4185733491598,935.4398260894524,917.3301438782306,928.4974923248623,31604740,928.4974923248623
2026-01-13,934.9503168576463,953.7228380618795,908.3403101627596,930.9253984702962,19766911,930.9253984702962
2026-01-14,926.557432545064,945.7897709993379,930.2745549981212,933.1600502323148,14335170,933.1600502323148
2026-01-15,930.3747250651428,938.6534809913315,909.7026960387491,925.7571104317151,22824558,925.7571104317151
2026-01-16,945.0561189548204,951.619034375021,935.6898612246349,945.7127592281115,6290842,945.7127592281115
2026-01-19,946.2417516359426,968.141570857666,926.6071010106886,950.1816045919214,5069386,950.1816045919214
2026-01-20,961.538508727035,975.7814598488794,950.0748039947996,956.9190086349264,35908627,956.9190086349264
2026-01-21,943.4007744041066,958.8630161298292,927.8811619489603,948.4326820098797,47747010,948.4326820098797
2026-01-22,978.600087877668,997.5492482753522,978.439097790103,986.2479467915362,30827324,986.2479467915362
2026-01-23,969.6730326704904,993.3091639141438,965.9055057284627,974.4849014775596,29050773,974.4849014775596
2026-01-26,941.0181573916987,964.919060155034,944.3193114643595,947.4452364003641,45032420,947.4452364003641
2026-01-27,931.7447285215198,949.7538480894573,925.4858982654752,938.8046953090533,46440203,938.8046953090533
2026-01-28,941.0828071997562,948.8329242885123,927.0204543671022,944.3849533034308,41944650,944.3849533034308
2026-01-29,955.6709350870882,976.3826335597319,937.3667878863969,958.4013323916704,26380806,958.4013323916704
2026-01-30,953.819350803445,970.5013779582707,940.2466401848458,952.8825100929861,45866332,952.8825100929861
2026-02-02,998.2644022759788,1017.4382593801741,989.6770484905219,996.5972452920147,34050529,996.5972452920147
2026-02-03,1017.6740764850205,1020.3108957742025,995.9245830707232,1014.6437704539729,34745126,1014.6437704539729
2026-02-04,1000.5900152237784,1003.8288294660957,987.7940558785833,994.2248231271933,27020808,994.2248231271933
2026-02-05,964.0832961412979,987.1867238668328,961.8539761481286,971.3096956065283,32349815,971.3096956065283
2026-02-06,968.9847377276413,979.2400160690243,943.2184740498234,967.067719665294,41597130,967.067719665294
2026-02-09,956.5818906891753,972.3463771913746,935.5980930189841,958.5695412824876,9104941,958.5695412824876
2026-02-10,967.8180750340039,978.0329564956397,942.8939828167402,966.7825115153702,22584085,966.7825115153702
2026-02-11,995.9778836026101,1005.1122276460334,985.9845665727976,999.5918860102627,14784545,999.5918860102627
2026-02-12,1007.7818587898336,1022.4958832818869,989.6034764323514,1012.1792751494871,27731352,1012.1792751494871
2026-02-13,981.5295228191122,1006.0825220646828,980.1901315050889,987.3279917971229,7283028,987.3279917971229
2026-02-16,977.395871836998,1001.293141307581,979.3532839157382,981.4215637378035,8571791,981.4215637378035
2026-02-17,983.0037764211056,987.68737311457,971.8325579176045,984.8418108416106,37622507,984.8418108416106
2026-02-18,996.2409418699189,1007.0821883689057,992.7390905455388,998.373566019873,35572602,998.373566019873
2026-02-19,998.3475851941533,999.4396804084305,974.6582117271365,993.2021023188895,20935084,993.2021023188895
2026-02-20,954.2063797241179,981.1014101164133,944.399573982102,961.3892352657593,31503123,961.3892352657593
2026-02-23,952.0073480564704,967.7578642662853,947.1559101619526,953.179547024531,9650549,953.179547024531
2026-02-24,1020.9968725233874,1028.6582193069848,997.2020343066214,1015.7656930474706,43826823,1015.7656930474706
2026-02-25,1029.316034818451,1036.4569388198454,1021.387431280712,1025.8039644127964,11102423,1025.8039644127964
2026-02-26,1031.28706756641,1048.0927204849622,1023.4689206714488,1037.8746634852837,10209884,1037.8746634852837
2026-02-27,1037.5858970430236,1048.2462019268014,1018.0736290781683,1044.0656090490338,14029727,1044.0656090490338
2026-03-02,1022.6344729240818,1045.0097420691368,1015.7415962744592,1027.9310956494758,14769747,1027.9310956494758
2026-03-03,1026.6980022856371,1037.8130198304805,997.116787088772,1021.1893767801828,10587429,1021.1893767801828
2026-03-04,1054.0351023588746,1079.1226648098798,1048.8656549756865,1054.583349812388,44984568,1054.583349812388
2026-03-05,1047.9230078770347,1062.4282891381176,1019.6512898407901,1042.3383137049018,25472659,1042.3383137049018
2026-03-06,1014.6515814993118,1034.2312817634863,1003.8418468389654,1022.2761187882871,5805955,1022.2761187882871
2026-03-09,1025.8201094590493,1032.5902419233958,1004.244152423073,1025.1964431974734,11950183,1025.1964431974734
2026-03-10,1003.1371487271911,999.6923287461916,981.355755098065,996.7547589682513,27229971,996.7547589682513
2026-03-11,974.6667361586624,972.3020751333445,953.4493383757795,966.9638556702945,34573674,966.9638556702945
2026-03-12,988.1311867562694,1016.1211259023228,969.6853274470415,994.1100846633403,14796796,994.1100846633403
2026-03-13,1003.2915203634568,1020.2222694340152,978.1161905976086,997.9093503020373,48194372,997.9093503020373
2026-03-16,989.3639102319702,1016.3388063929897,982.5309491452018,996.4585925510625,33863378,996.4585925510625
2026-03-17,990.8575237018783,1016.9482838349309,987.3417077165709,992.3388333612124,6046830,992.3388333612124
2026-03-18,990.0357353615839,1019.5806587252476,982.3461678879314,996.9823849213518,43764623,996.9823849213518
2026-03-19,1030.550935232761,1026.872283450708,1017.4515020948681,1023.4899116937829,5392973,1023.4899116937829
2026-03-20,1023.5061449014381,1044.167155796966,1001.4794955730185,1020.9190907605912,23673815,1020.9190907605912
2026-03-23,1044.5511201281013,1044.11350470214,1016.9537972573579,1037.7753626340643,34984055,1037.7753626340643
2026-03-24,1074.573040323294,1073.8117250250343,1053.1117852060495,1066.4212679153934,13088433,1066.4212679153934
2026-03-25,1055.7871490502187,1076.8570375854374,1038.2051913133653,1051.83357196127,16230552,1051.83357196127
2026-03-26,1045.6643887301218,1063.7360269110363,1043.5730071019048,1053.1902647917284,20279127,1053.1902647917284
2026-03-27,1051.521091802891,1059.4225819798294,1036.5034208670068,1049.1571883908123,19277931,1049.1571883908123
2026-03-30,1028.4775314849905,1050.958864410698,1004.1555725902854,1025.83262998876,22564923,1025.83262998876
2026-03-31,1003.0808843491171,1032.291194843474,991.0136446999859,1009.6910163833754,47512364,1009.6910163833754
2026-04-01,995.075746003118,1016.2917533014216,988.0486657043765,994.1423184489994,8677705,994.1423184489994
2026-04-02,998.1528935256125,1015.5704019392921,976.2820740950249,999.2533278452482,20229536,999.2533278452482
2026-04-03,997.2735916817937,1003.7039507093865,980.624544567936,1001.4602146668559,33675664,1001.4602146668559
2026-04-06,1023.3065613344992,1037.600715073716,1006.7552875188995,1021.7912081751176,16703099,1021.7912081751176
2026-04-07,997.4624030047395,1012.3732943475982,985.4178582590453,993.624396913893,36732934,993.624396913893
2026-04-08,976.699545905584,995.6388277799263,963.4396386807829,974.769437368097,9288790,974.769437368097
2026-04-09,945.7335291641574,960.1334178591018,929.6901178198785,950.3055619920558,38380003,950.3055619920558
2026-04-10,976.1428327064151,993.1674979231659,951.4523654387818,973.997492416616,31504455,973.997492416616
2026-04-13,999.4076791313926,1002.001561300452,982.1422793288503,992.2635320432844,31118284,992.2635320432844
2026-04-14,995.8601841510201,1009.6983917605978,992.5592839719055,1001.9242430216482,9917272,1001.9242430216482
2026-04-15,1011.4500020674725,1027.1397688718282,1005.6506250277939,1009.345874397384,41613134,1009.345874397384
2026-04-16,1008.0974486429293,1020.600736539494,991.9587618670683,1015.1789288439054,46415902,1015.1789288439054
2026-04-17,1025.8860363112879,1043.0390000547677,1001.2156380142737,1018.6808760592884,39047187,1018.6808760592884
2026-04-20,1007.2620023831644,1017.4376328215841,996.605090079914,1007.8235013960648,41702470,1007.8235013960648
2026-04-21,1046.9021055639616,1058.5794019411478,1038.429882281714,1040.8650974489642,41802118,1040.8650974489642
2026-04-22,1057.7947460944258,1075.0992644232851,1046.1569182692633,1049.6487314497958,5069683,1049.6487314497958
2026-04-23,1073.6778785613194,1075.9489335935873,1052.2502533697375,1070.245196114138,49451776,1070.245196114138
2026-04-24,1058.181521800089,1068.530260018163,1044.8750615185209,1055.6454670740825,39088025,1055.6454670740825
2026-04-27,1067.5061784106085,1072.1423606373476,1046.291800830958,1064.3917499230927,26250609,1064.3917499230927
2026-04-28,1080.7971995426428,1098.0628185948856,1058.0618271305316,1080.1678385938303,16401539,1080.1678385938303
2026-04-29,1086.8691090067018,1099.5911314750308,1074.0431127643628,1080.9974924158037,42745316,1080.9974924158037
2026-04-30,1056.8343644082802,1080.1740335041927,1030.4859573833219,1055.692383076309,37106763,1055.692383076309
2026-05-01,1036.4073702476687,1056.758538417629,1014.5413214979973,1035.2666473653007,35798169,1035.2666473653007
2026-05-04,1028.2043782772,1033.103257677307,1001.7971084258186,1026.0455861909477,26693508,1026.0455861909477
2026-05-05,1020.0512217150281,1037.8193467938306,998.3067555901592,1022.4815245711723,31823486,1022.4815245711723
2026-05-06,1012.7013404231341,1037.0667957240673,1008.48685003758,1015.0444534126636,35071943,1015.0444534126636
2026-05-07,1023.8947196965615,1054.3581902384578,1017.1296732295491,1028.7182372983516,7936048,1028.7182372983516
2026-05-08,1040.6789805061285,1042.7703844360249,1025.1242605792615,1038.6771673455464,22380061,1038.6771673455464
2026-05-11,1058.0794196946536,1063.6239195619896,1038.9854281514845,1054.8093624070907,31692981,1054.8093624070907
2026-05-12,1029.8847236547895,1050.6696755661055,1023.9438753469138,1031.2173755516123,46600283,1031.2173755516123
2026-05-13,1023.4691180826147,1048.881625039297,1004.4557582874276,1023.9445752138041,45690479,1023.9445752138041
2026-05-14,1023.7467108298137,1026.9965966623931,994.0972435941577,1015.7491502871171,11249647,1015.7491502871171
2026-05-15,988.098618878555,1003.5165010328677,970.9630345402,992.6622590440707,19821229,992.6622590440707
2026-05-18,1010.4000004625661,1030.460147141023,992.5244149894213,1008.3717003155774,49913353,1008.3717003155774
2026-05-19,1009.2412616420836,1025.0827993085268,1000.0924718186079,1012.3902080077946,9225495,1012.3902080077946
2026-05-20,1030.1182371076677,1037.6271881717864,1030.8604889830215,1034.0362250278358,45174835,1034.0362250278358
2026-05-21,1035.3305916834015,1038.7199757604842,1019.1393180273176,1027.7792978234063,17788669,1027.7792978234063
2026-05-22,1022.4674412382648,1028.0991139374444,1014.0214676946413,1016.5098475662606,48833428,1016.5098475662606
2026-05-25,980.2312910520005,994.0993251450961,970.9949358654254,982.7550043108986,29140574,982.7550043108986
2026-05-26,967.2389890363166,972.028099639009,950.9694318658686,967.3808347266053,21248374,967.3808347266053
2026-05-27,942.9671430256224,958.0697085702798,915.3663386589051,936.0568064714345,26496571,936.0568064714345
2026-05-28,953.3712988468728,962.7614287244586,945.2904935358064,947.5348998226217,42481566,947.5348998226217
2026-05-29,963.3507460490862,985.1108669258572,942.7284614693529,961.3455485514284,40572655,961.3455485514284
2026-06-01,963.4543375198965,977.561979756269,942.2042440593651,962.3634408452073,23642866,962.3634408452073
2026-06-02,961.3764840422019,977.962714801086,938.5891470647149,957.5879348731887,23594953,957.5879348731887
2026-06-03,981.4673319174398,991.5582133678498,958.3055079194658,981.3619737382511,42977776,981.3619737382511
2026-06-04,984.7680307188936,983.810566642252,968.8698717856189,978.5823243288011,29110314,978.5823243288011
2026-06-05,966.3752134089652,984.7622227979402,949.7368842589941,972.4850041861926,42589929,972.4850041861926
2026-06-08,980.7732454548899,986.1611169944821,968.7912538299078,973.8230537742779,25468166,973.8230537742779
2026-06-09,954.855877835977,961.6762097001372,940.3117448299935,954.2272532914428,44801206,954.2272532914428
2026-06-10,924.8173785867504,948.119413009197,925.1140307081072,928.7110240453092,30550237,928.7110240453092
2026-06-11,914.6232333296012,928.5552624877364,902.8110411095387,918.1439500288733,31095148,918.1439500288733
2026-06-12,909.0990260256953,926.9027221954344,907.4504557782731,913.3139788988992,45919615,913.3139788988992
2026-06-15,935.9841284203154,957.6516586729418,922.9288392891398,938.3376238997176,15696952,938.3376238997176
2026-06-16,903.7199852832849,915.0560051645874,886.6953349191568,908.6548866203422,47858166,908.6548866203422
2026-06-17,905.9055263117835,909.7010955046104,881.6423784579601,904.184165980313,14628145,904.184165980313
2026-06-18,877.0096870322403,897.8227899050236,878.9726774539613,883.8690110214716,38254927,883.8690110214716
2026-06-19,882.1079522080498,899.7008387669664,872.0123844169301,878.4007333613914,44967011,878.4007333613914
2026-06-22,884.1468487937957,895.5458691975969,869.353069510812,884.5703345144449,7751714,884.5703345144449
2026-06-23,877.2942143571175,900.3042715900494,875.0025197284134,881.2449868097214,23250063,881.2449868097214
2026-06-24,903.6348364107769,916.3747027936156,902.0400815974876,906.4261845345147,12476172,906.4261845345147
2026-06-25,900.5313402250334,907.4017700314151,888.8299447111168,899.3879912031249,18930966,899.3879912031249
2026-06-26,898.2426613311969,916.6830054356853,895.8625420398505,902.8622946781109,11370466,902.8622946781109
2026-06-29,900.7182837734862,919.2937926317103,887.579436966486,899.4548616695752,32530605,899.4548616695752
2026-06-30,912.6665850093449,924.3576984674363,902.9026961665655,918.897926551314,32880508,918.897926551314
2026-07-01,931.2791457698097,950.5397939213874,919.5320716592666,933.7741118115194,47655948,933.7741118115194
2026-07-02,932.5404679619857,942.4341807060069,910.8876021897757,934.0906907137443,47273459,934.0906907137443
2026-07-03,929.3525897529595,938.2148193589471,923.7994467547396,936.2278122995284,16137597,936.2278122995284
2026-07-06,940.3430310478412,955.8346448767181,927.1605099184357,937.6163259959303,36276545,937.6163259959303
2026-07-07,963.2186652241712,970.0818334271729,944.9078481518369,967.3933449900238,40393357,967.3933449900238
2026-07-08,953.7459182606391,967.7337691515538,952.0487932871164,959.3443585695748,48536933,959.3443585695748
2026-07-09,942.1871321319131,954.7255031200843,929.173350126786,946.3347259223132,47915936,946.3347259223132
2026-07-10,966.7152197008762,984.4208196713316,953.8960924291202,960.4731231921206,38792119,960.4731231921206
2026-07-13,954.6941868539546,977.677585436759,952.4577046297862,956.1949876644499,30515980,956.1949876644499
2026-07-14,926.3547621886134,929.9846810997152,917.8208604929611,923.6126733438413,19101650,923.6126733438413
2026-07-15,925.9571002955997,923.9510160195496,900.2192775856813,921.377539776466,47682777,921.377539776466
2026-07-16,951.3535751781857,967.5229906725918,922.5318538342258,944.2608534198673,40873061,944.2608534198673
2026-07-17,967.4960815391496,982.897391157712,956.0644084211588,963.2360476669569,33895278,963.2360476669569
2026-07-20,959.8069698023239,973.0313334366018,942.8423640289186,956.823979059531,16582610,956.823979059531
2026-07-21,969.8247720952994,968.1221284764906,945.53468589508,966.0774309344803,17955450,966.0774309344803
2026-07-22,954.7079482151851,968.0068756657009,943.8274329757443,951.7910047350941,29467012,951.7910047350941
2026-07-23,942.8402871795456,956.2505524548385,936.3699931884528,947.45506582155,47553676,947.45506582155
2026-07-24,959.1874153177567,978.4753865350235,938.7796975999762,961.9603734812744,5539051,961.9603734812744
2026-07-27,957.632147623472,968.3397737628488,949.3196331037719,963.4557812418795,47563365,963.4557812418795
2026-07-28,932.0524805250858,944.3530215040788,921.548586740202,934.0565345767185,38053530,934.0565345767185
2026-07-29,932.9652097893626,934.9110150345367,909.4027114577408,932.5864244915662,36975088,932.5864244915662
2026-07-30,943.7225163011371,971.7474932699027,945.5618353409054,948.1480727903605,7625611,948.1480727903605
2026-07-31,941.4119704724606,947.7502743474081,935.7138512550798,940.7553044240657,15401871,940.7553044240657
2026-08-03,945.3884443444097,963.9155170655249,934.5924989697118,945.6991080750092,34310013,945.6991080750092
2026-08-04,916.1678269445479,931.1984045748623,913.2203497432855,920.0220010973303,48568295,920.0220010973303
2026-08-05,932.6353902445945,944.452168984874,919.316555598114,928.1893940719646,17201158,928.1893940719646
2026-08-06,909.8431079929246,934.2482303247137,895.4448994108237,912.8179730279486,43776415,912.8179730279486
2026-08-07,916.5339329534253,924.8220999358239,902.9152834507586,914.5516138667072,42771862,914.5516138667072
2026-08-10,910.0935297858277,921.6176251798648,908.4445214576585,914.3658771696262,28196623,914.3658771696262
2026-08-11,891.5166299429343,905.9183636047156,879.9550709801956,894.2264873058022,43838623,894.2264873058022
2026-08-12,870.9984000327447,882.0319434748961,871.5672282708634,874.1201717596889,22026422,874.1201717596889
2026-08-13,856.4681037737903,871.808571210792,851.6303458205781,855.6821249735506,15935847,855.6821249735506
2026-08-14,852.7356156696354,874.1234817449371,846.3927907702431,856.9049371765311,11969938,856.9049371765311
2026-08-17,852.3710864944184,870.2413751676171,847.0566908475178,856.1841772784485,9589312,856.1841772784485
2026-08-18,856.5333636101119,875.1590995018216,838.4776609767778,858.8611475415623,25237278,858.8611475415623
2026-08-19,871.130956868348,875.6945600604207,852.2300936638958,871.7270318175588,21910330,871.7270318175588
2026-08-20,880.7325049242331,882.209771162061,872.9913469281363,875.1570538521156,38622871,875.1570538521156
2026-08-21,873.8946533978457,884.686600034077,854.5006178737721,874.7513452795637,29550175,874.7513452795637
2026-08-24,880.1351049350112,898.5292286057229,883.0670361006211,887.1391192424195,27771070,887.1391192424195
2026-08-25,876.9381297020507,892.4124678774393,856.2117806018166,872.1035986608957,40663249,872.1035986608957
2026-08-26,858.0666851164232,881.2230692597277,849.7931137821691,864.6763860777422,29727947,864.6763860777422
2026-08-27,845.651917719678,864.9282182972748,833.9525244560516,846.9811286132662,20061417,846.9811286132662
2026-08-28,848.4385679402741,857.8055250963727,833.5576871267668,853.6364679197599,7633673,853.6364679197599
2026-08-31,832.7797809138361,852.9817843348815,837.4827538886444,839.1966886260574,6402773,839.1966886260574
2026-09-01,848.537128760505,874.8676775519519,837.55674798989,854.7029102451664,28526325,854.7029102451664
2026-09-02,848.4459229676218,864.412428533425,836.6487605168551,853.2755065516948,47734584,853.2755065516948
2026-09-03,811.7648821631868,820.7338672869918,802.73735251966,818.2025071674044,13182591,818.2025071674044
2026-09-04,810.9160181985252,821.8640726938296,807.75875992915,814.2264112816268,45535827,814.2264112816268
2026-09-07,818.5537271579849,837.0189525605707,813.4477033132711,821.4063225864697,43775235,821.4063225864697
2026-09-08,826.2213513826619,836.3206858077618,818.9183582634163,831.9635403590893,43132758,831.9635403590893
2026-09-09,838.584281133065,846.4357445988293,827.1219598991971,837.9865971181382,38392473,837.9865971181382
2026-09-10,807.378290284294,811.9846233672195,797.1693870029194,803.8253560208594,12548449,803.8253560208594
2026-09-11,797.4268637087212,806.8536533413549,782.7421584358967,794.8229236171696,25988398,794.8229236171696
2026-09-14,790.3449159663538,800.3309845990249,778.9827175269106,791.3552998279341,27561727,791.3552998279341
2026-09-15,803.3950358495368,812.9069424637714,799.7644448167415,802.3263759954814,42041652,802.3263759954814
2026-09-16,804.4474717099334,807.2736492987907,794.8071624909796,804.921583237964,32863063,804.921583237964
2026-09-17,821.7142259689946,825.1789681400987,810.9268686644028,821.5498924090409,10866896,821.5498924090409
2026-09-18,828.478746935679,834.8521661090015,816.5824859935458,826.0660650873954,38284631,826.0660650873954
2026-09-21,818.843307358269,830.1071662113311,802.5433200628459,819.1653591336469,45768609,819.1653591336469
2026-09-22,818.5203847405663,821.7971890364178,812.7030797057386,817.0125608099064,45672757,817.0125608099064
2026-09-23,822.2535178447877,830.788497691561,820.2781256905494,826.321811463973,32705947,826.321811463973
2026-09-24,868.6076774095368,870.4766011720747,850.0051006104436,868.3101151022296,39044515,868.3101151022296
2026-09-25,866.2192415958667,884.7910716885084,857.672892559649,868.3674907173986,24211595,868.3674907173986
2026-09-28,864.4920892513646,880.0144587985926,846.5663530354967,866.0748000257992,19507445,866.0748000257992
2026-09-29,867.6168906041161,870.0114122940205,845.3551184732241,864.8135998664812,32971526,864.8135998664812
2026-09-30,855.3389646711203,861.9107351199852,853.0812831226251,858.8345191187991,49713876,858.8345191187991
