Date,Open,High,Low,Close,Volume,Adj_Close
2021-12-02,98.20835850257915,99.78557343369827,96.14858009434127,98.2900146229625,48796207,98.2900146229625
2021-12-03,97.7861229998522,99.1320426837302,95.17429127790491,97.28904902067794,29694288,97.28904902067794
2021-12-06,99.26656942392313,99.65341798527277,96.62241376098031,98.63187608212398,44113087,98.63187608212398
2021-12-07,97.84670683851648,98.67489654732015,97.03210646393235,98.38434326466786,35890517,98.38434326466786
2021-12-08,101.08815277308985,101.87331983229326,98.76816703391356,101.21879671753904,19290122,101.21879671753904
2021-12-09,100.29464970899649,102.17717727229743,100.40493405387036,100.9478531144687,32511349,100.9478531144687
2021-12-10,99.9464915637371,101.64227929681023,98.35197391244189,100.2247208267573,6797563,100.2247208267573
2021-12-13,99.42311776928014,101.69057331318179,98.8172678626717,99.8330537924642,30876063,99.8330537924642
2021-12-14,99.0935319876886,100.08450515587263,97.54560649116947,99.71139523526179,19917759,99.71139523526179
2021-12-15,102.26604545674101,102.66903402482104,100.0303542336454,102.01622610615246,31267383,102.01622610615246
2021-12-16,104.68587113887274,107.1066954678621,103.74809448056364,104.97345003821282,44756471,104.97345003821282
2021-12-17,104.4539298909251,106.24433929523103,103.62942748105885,105.15368044580448,42824627,105.15368044580448
2021-12-20,101.9061710321438,103.21054441126078,100.26553169146212,101.94536921637503,48407445,101.94536921637503
2021-12-21,102.89227702994044,103.78817437100155,101.13045947964403,102.79207183347283,37915849,102.79207183347283
2021-12-22,104.07765347498459,105.3343471112608,103.92739365128074,104.15605082011245,18719964,104.15605082011245
2021-12-23,106.97189635102131,107.7004728338152,105.42686698357022,106.64233014302293,5015580,106.64233014302293
2021-12-24,108.75053581865662,108.71017582020816,105.37090887795922,107.96866467996165,27064681,107.96866467996165
2021-12-27,109.9571487174336,111.83800169299475,108.47458815088481,110.07784957445838,20738134,110.07784957445838
2021-12-28,106.69201465149969,108.64383023239309,105.91783034021212,107.18064620997565,9350764,107.18064620997565
2021-12-29,108.06157408755782,109.1247633882168,105.81177792198167,107.94105818487425,9417793,107.94105818487425
2021-12-30,106.15349464407842,106.80380396700025,104.44694923267545,106.54263468453644,17269980,106.54263468453644
2021-12-31,108.23793012900732,109.16174905228728,106.09322670701023,107.8216123172788,10634658,107.8216123172788
2022-01-03,104.22236531622488,106.63221336311697,104.71673388735988,105.00902352507475,9222956,105.00902352507475
2022-01-04,106.45096741960451,108.73136012558021,105.30088745518154,106.42042496725364,27134272,106.42042496725364
2022-01-05,106.1295842806692,108.79490690416085,105.86628131718979,106.65900939285929,28234026,106.65900939285929
2022-01-06,106.04919192944327,107.53244473256031,104.76601000924273,106.63982248539712,38183228,106.63982248539712
2022-01-07,106.77603125841965,107.5817168914671,105.25094756406784,106.18173499647708,15816997,106.18173499647708
2022-01-10,109.80525855205896,111.42822146152568,108.76637415503326,110.041430812834,27532957,110.041430812834
2022-01-11,111.79517869930012,112.84180215093434,110.72569392829708,111.94292070640421,28031274,111.94292070640421
2022-01-12,109.36268542880715,112.0627398731345,108.78309038147104,109.77183128836865,8027844,109.77183128836865
2022-01-13,108.12967817162411,110.81998841672797,106.83976625177542,108.66979225244977,12483121,108.66979225244977
2022-01-14,107.24031463375974,108.00117636340332,104.45675317980744,106.83203836403754,25754603,106.83203836403754
2022-01-17,105.35198502535798,107.6956322009216,102.94193449194461,105.24963024081299,18271667,105.24963024081299
2022-01-18,106.2469899546044,107.69947241815754,106.13256596538626,106.60414289984537,43107066,106.60414289984537
2022-01-19,105.89359117371109,106.85576104183413,103.10778881522936,105.5609012130881,43075483,105.5609012130881
2022-01-20,104.0706120789782,104.71189382088619,104.23797505305939,104.49893739569653,12522641,104.49893739569653
2022-01-21,105.96962156660824,107.61374055082204,104.75200885464373,106.45868417489186,48050466,106.45868417489186
2022-01-24,108.54400161678252,110.70741569328565,106.61913843238422,108.74857695162119,38729415,108.74857695162119
2022-01-25,108.19960745700148,110.23992383421745,107.7654997364188,108.34021691215688,38859634,108.34021691215688
2022-01-26,107.01787261250092,108.28753495011894,105.07949770601013,107.76613276418485,23652055,107.76613276418485
2022-01-27,109.17295697972726,110.72871976839421,107.07501133218705,109.59515521488159,29850697,109.59515521488159
2022-01-28,111.49273592175768,112.2862012628124,109.06829539496161,110.92001289328101,38746741,110.92001289328101
2022-01-31,109.70197003884658,110.39867245840755,107.12470069376049,109.20042123867933,31375451,109.20042123867933
2022-02-01,109.95134079019215,110.2748587777114,108.58755522431264,109.27069413412549,12642738,109.27069413412549
2022-02-02,111.36027486697002,111.74675469890249,109.0901816458823,111.110334462085,16657576,111.110334462085
2022-02-03,110.34404683117562,110.87591148052807,108.58439902330205,110.11326961774334,29263919,110.11326961774334
2022-02-04,109.8247182715648,111.0725172103053,108.88700326621388,110.53206886355234,39962447,110.53206886355234
2022-02-07,112.02867117217512,113.59565197564994,110.62691530955601,111.65597539320832,29799014,111.65597539320832
2022-02-08,113.48356689167736,113.79979178944004,112.16749490453272,112.97975078007954,37485935,112.97975078007954
2022-02-09,110.99430862812278,112.51873668377314,109.49125410923865,111.53738540958749,21598243,111.53738540958749
2022-02-10,111.73803289350467,112.98381708468315,110.40881195726031,111.80976500159379,19855520,111.80976500159379
2022-02-11,111.6884828439519,112.63362550238548,109.13553785631096,111.0819916980041,18706545,111.0819916980041
2022-02-14,110.57932702900821,111.66234694535818,109.91263274479618,110.80679910421658,10067548,110.80679910421658
2022-02-15,108.74272237153792,109.06969913037803,107.47538961327794,108.71962068015206,9393022,108.71962068015206
2022-02-16,111.91227954168166,114.25413362853426,111.96053527463626,112.41576588672658,8002084,112.41576588672658
2022-02-17,115.79477045680869,116.45843774071561,113.18002892977674,114.92244453784792,7212953,114.92244453784792
2022-02-18,116.40481045927078,118.75820683713332,114.5059119119278,116.68993465091908,36297507,116.68993465091908
2022-02-21,117.17760811532595,116.7559747773313,114.63788972667734,116.40815865940147,47579866,116.40815865940147
2022-02-22,114.61172419359231,117.22381331061568,113.1299544019883,115.14178759687972,16634119,115.14178759687972
2022-02-23,113.21646916132201,113.63181770932331,110.46984182165218,112.72913709314567,48228512,112.72913709314567
2022-02-24,115.9249623874287,116.3530421421113,112.62622610862276,115.1027802492705,14102641,115.1027802492705
2022-02-25,114.8027285526618,115.1555482404752,113.68690770536054,114.20333573912016,23039962,114.20333573912016
2022-02-28,116.67189265698161,118.46693870250851,113.52753754169309,116.17818592892546,30831777,116.17818592892546
2022-03-01,115.15351856409379,116.43268198574877,113.56589843596483,115.46656626324669,33700253,115.46656626324669
2022-03-02,111.76981796046778,113.35539411605191,109.56066452193726,110.95176068499512,12477992,110.95176068499512
2022-03-03,109.79173534667551,111.55327472171746,107.85897463915022,109.19072701302916,32416012,109.19072701302916
2022-03-04,109.61708702669166,109.77660503478312,106.29307752217873,108.85793977076972,30923136,108.85793977076972
2022-03-07,108.71172199346209,109.95567261456047,107.29557936629287,109.0763588725592,44042581,109.0763588725592
2022-03-08,110.45663280816912,111.36196409762177,108.3999501983858,110.77486413728057,38809082,110.77486413728057
2022-03-09,112.59130828682619,113.44236669786522,111.72297323086883,112.33429620010298,49999626,112.33429620010298
2022-03-10,110.59661342850015,112.03713171992243,109.09540500855266,111.22833126647897,23825773,111.22833126647897
2022-03-11,112.3433489109013,114.70058583087767,110.06055041547619,112.40389335110461,34679519,112.40389335110461
2022-03-14,113.14114771836897,115.47347276570355,112.48072248348117,113.2990180490108,37113455,113.2990180490108
2022-03-15,115.32139098306158,115.14879888930675,113.8336440051751,114.6035761304043,23390297,114.6035761304043
2022-03-16,114.87487034226973,115.81833093939227,114.54339859656287,114.98793198049661,29947786,114.98793198049661
2022-03-17,115.61041724040453,116.98893382666412,113.35023695632295,114.88044920746829,38411067,114.88044920746829
2022-03-18,114.98014042083325,114.63113554668509,113.2125863453291,114.10075606403029,28772311,114.10075606403029
2022-03-21,113.30095678291099,114.1704999954274,112.24017967129313,113.28724796263263,7672851,113.28724796263263
2022-03-22,112.4337880150467,113.15834513328821,110.26262692822353,112.91865144189603,30616934,112.91865144189603
2022-03-23,110.29061792602513,112.32406058997026,109.02978724351607,109.84204753999937,49780085,109.84204753999937
2022-03-24,112.20879090079984,114.08341594529567,110.85413972790366,111.85331470772046,43876336,111.85331470772046
2022-03-25,112.48531109539304,114.74138030375978,109.72400682599834,112.46056262369333,47855267,112.46056262369333
2022-03-28,111.55111321683286,113.89933440869083,109.891759592571,111.70217071217996,33066179,111.70217071217996
2022-03-29,113.3693244756113,114.92123057659717,111.52381705890298,112.65992791305072,17296938,112.65992791305072
2022-03-30,114.4783892431158,116.33570725782498,112.51740852240974,113.8439869492784,23188628,113.8439869492784
2022-03-31,110.47578182091722,113.26975829367002,109.5045433003881,111.2771214722829,6506529,111.2771214722829
2022-04-01,111.09929033810502,111.71941663447461,109.30309186618469,110.82172787559344,24586248,110.82172787559344
2022-04-04,108.52230249597572,109.7425706822928,108.47380360560776,109.2525560311208,37304897,109.2525560311208
2022-04-05,111.997131271671,111.96524780351122,110.14648046769665,111.32066535269367,24686752,111.32066535269367
2022-04-06,110.77761477605642,112.74747630015483,110.55368137818564,110.94258383420686,32974389,110.94258383420686
2022-04-07,113.35904165007695,115.45548273226956,112.35363536001621,112.66850829674071,18705678,112.66850829674071
2022-04-08,111.24736193202828,113.36872505791005,109.30281327632305,110.90856221045308,7646492,110.90856221045308
2022-04-11,110.56563359411922,112.33750096401279,108.20386085701134,110.05531179837303,11766716,110.05531179837303
2022-04-12,112.32585785951356,114.08764465744672,109.96022345199985,112.3155573847926,47381516,112.3155573847926
2022-04-13,111.19073987721612,113.83983655060861,111.23685963082447,111.82645169653034,32643121,111.82645169653034
2022-04-14,110.12442830496049,111.29517605274908,109.27911884557895,110.21628158117949,34687577,110.21628158117949
2022-04-15,109.4906901474596,109.76291664421129,108.23902419698645,108.79202317924042,48505459,108.79202317924042
2022-04-18,106.0307246204947,107.67336318611078,103.99957693949018,106.61451448696148,41621202,106.61451448696148
2022-04-19,105.37534262140574,106.73063851548969,102.97091976425905,105.47076731564971,8578377,105.47076731564971
2022-04-20,108.06908039508305,109.31526110581052,105.95737232718548,107.2446795023728,10536194,107.2446795023728
2022-04-21,110.35563001870327,110.7577768464591,108.41502322610545,109.70027626486309,5518940,109.70027626486309
2022-04-22,109.6691622188881,112.35855024841952,108.21925390789016,109.90347578049189,37245656,109.90347578049189
2022-04-25,112.52938881647567,114.92789995210947,112.51268527102256,113.2439213146335,44617359,113.2439213146335
2022-04-26,112.25171999418943,115.43385659309,110.59390132333692,112.68861043656409,40262502,112.68861043656409
2022-04-27,113.66788478277498,115.90116862028228,111.69392860288195,113.53808305670945,46501866,113.53808305670945
2022-04-28,114.0446792701939,115.59735305044798,112.8580265524458,114.70730376757368,29665309,114.70730376757368
2022-04-29,113.7824917477778,115.04485654501869,112.79250894524621,113.5695544708567,5205127,113.5695544708567
2022-05-02,114.82523781584781,115.15397791873049,112.42455469628304,114.49179237351888,21961240,114.49179237351888
2022-05-03,112.28186968591567,114.53938057342678,110.26941225197542,111.76814049065145,34169149,111.76814049065145
2022-05-04,111.2505591499558,113.65992776945114,110.3299637190543,112.0254184724758,28412738,112.0254184724758
2022-05-05,111.95754843681698,114.87064298802562,111.3418235317667,112.66941139053527,21278612,112.66941139053527
2022-05-06,110.16902528852772,110.74216683644737,107.5441728897029,109.362324711435,13151875,109.362324711435
2022-05-09,107.6911752669319,109.75873489367633,107.40250627752343,107.7929886127881,25705466,107.7929886127881
2022-05-10,108.19500365187758,108.31456414325605,106.01953011329661,107.85280538936357,25077886,107.85280538936357
2022-05-11,109.05014654252037,108.96109269854553,106.2823382120412,108.20850494448788,49375629,108.20850494448788
2022-05-12,106.39697570175225,107.5847694919548,103.73220010073837,105.70387739858909,26058587,105.70387739858909
2022-05-13,106.31983800222915,107.2193393490315,105.50541970772628,105.76463038978783,22155533,105.76463038978783
2022-05-16,102.14625353320972,103.19072494049811,102.17470922324996,102.7529299352929,11805591,102.7529299352929
2022-05-17,101.44975143561717,103.86309417800113,99.72578912661209,101.54857165397067,28126697,101.54857165397067
2022-05-18,98.96422874808424,102.14931985831862,98.52792865041668,99.74440491363366,30480493,99.74440491363366
2022-05-19,99.50965116344638,100.00820022618394,97.18271356736048,99.43655663298436,38855718,99.43655663298436
2022-05-20,101.93928320198967,103.2662445129558,101.19235056138103,101.53004914585826,11868992,101.53004914585826
2022-05-23,101.00440663945407,101.87900961647281,99.52483059286327,101.09547551832311,48178319,101.09547551832311
2022-05-24,99.70540250830625,100.27332211022913,99.46680093866917,99.96773005278038,39984931,99.96773005278038
2022-05-25,100.54801971746156,102.09611842707797,99.61857622468216,100.06882578257807,31938013,100.06882578257807
2022-05-26,99.54048282336343,101.1326228827619,98.89410585022095,99.4658723512502,21346178,99.4658723512502
2022-05-27,99.53585351488209,102.1168539742596,97.64102967997017,99.69790511927631,13285523,99.69790511927631
2022-05-30,100.09291368660892,100.73515486547592,98.14941764244611,100.12014691601318,49202429,100.12014691601318
2022-05-31,100.9746739138872,102.97554479870388,100.87522963986667,101.19746753640398,46848883,101.19746753640398
2022-06-01,101.541545131486,102.31395089596725,100.1878067803491,101.0559705200548,40870053,101.0559705200548
2022-06-02,99.50265764273027,102.39613838513758,98.66632107122469,100.22583981755744,34927707,100.22583981755744
2022-06-03,97.61730693342756,98.20642674302768,96.40706202309237,97.87801594031107,18217273,97.87801594031107
2022-06-06,95.49586823677096,96.66896585375844,94.7264163013523,96.1309544251558,12786489,96.1309544251558
2022-06-07,96.51761404614487,98.99972309577086,95.72273260435743,96.90719863862563,46350013,96.90719863862563
2022-06-08,95.84938328215324,96.95831769351129,93.54921678219074,95.57610293124951,49536541,95.57610293124951
2022-06-09,95.34361398086985,98.41867848658939,95.64606901236625,96.0477851362568,39838368,96.0477851362568
2022-06-10,98.17438560599375,98.9544087291956,96.8742090740423,98.0032910920521,42098422,98.0032910920521
2022-06-13,99.45258747924177,101.40253254933003,98.1768506342793,100.21243744753379,43458068,100.21243744753379
2022-06-14,99.03133702517128,100.90479507553702,98.74298979263709,99.51316689879864,9803792,99.51316689879864
2022-06-15,102.23368472856774,103.2313170032776,101.19458766937441,102.34961513542937,16574188,102.34961513542937
2022-06-16,101.6028388657071,101.55776199800553,99.10419876916802,100.91746511533634,28163576,100.91746511533634
2022-06-17,97.78009952298629,100.51829236608211,96.14502716140875,98.44331999856514,44209439,98.44331999856514
2022-06-20,101.22797408051673,102.75684923941276,99.12736731918591,100.82313837793025,47550263,100.82313837793025
2022-06-21,100.01163062101179,102.18305294143215,99.88650862314039,100.47956232552163,26014128,100.47956232552163
2022-06-22,100.32546998933165,102.18997862941453,98.88178630179127,101.0569385663451,12999412,101.0569385663451
2022-06-23,100.98615959165497,102.32552815624764,99.58047613306894,100.81257498732177,29758655,100.81257498732177
2022-06-24,103.25783065130106,104.4963336877138,101.46305073999484,103.0804164769354,37311962,103.0804164769354
2022-06-27,99.40343878199249,100.60521412858381,98.38824872249272,100.0325148456557,49168705,100.0325148456557
2022-06-28,100.46090599679609,101.04548089158342,99.33849079781969,100.65232336500536,40471274,100.65232336500536
2022-06-29,103.18243804044732,104.93621763085896,102.20597778240793,103.05845524561192,34227515,103.05845524561192
2022-06-30,104.55024680566434,104.72890249356654,102.96743133588446,104.49866100476426,23178288,104.49866100476426
2022-07-01,106.45891049780187,107.904593221648,105.52971691978945,107.02201591651084,26393069,107.02201591651084
2022-07-04,111.0673388188872,111.84653053079516,110.46975345045041,111.47647129667422,7808285,111.47647129667422
2022-07-05,110.95448139140176,112.06575679416049,108.92073056668038,110.4328353432559,8426098,110.4328353432559
2022-07-06,110.89849099012935,113.00349882848064,110.28025665631347,111.76886933714549,36631598,111.76886933714549
2022-07-07,111.51518318164104,112.3905269264482,111.31228690701899,112.09275153412976,49768437,112.09275153412976
2022-07-08,113.69408501921593,114.45188215316726,112.77714784851096,113.90652033471504,17146742,113.90652033471504
2022-07-11,118.39970788753745,120.21835325844395,116.92749152548373,118.16714962870381,22023033,118.16714962870381
2022-07-12,119.45132673866058,120.80884661599427,117.3217856110478,119.03367996486114,22940952,119.03367996486114
2022-07-13,120.4762153656392,122.70862276890236,120.6220423268886,120.91528586631837,33009031,120.91528586631837
2022-07-14,122.96208481988806,124.66840753383379,121.94400040376846,122.97182526018851,46386706,122.97182526018851
2022-07-15,127.49461693587506,127.59095949623367,125.51610228992173,126.81223893626796,39351428,126.81223893626796
2022-07-18,128.38426906567219,131.12385170069982,127.70933738866103,128.43417939421496,42440579,128.43417939421496
2022-07-19,127.62263390909948,127.734308610878,124.91232811130806,127.39395823389461,41559178,127.39395823389461
2022-07-20,127.13743766088815,128.4083953994731,125.98552641792497,126.92510108633952,37687327,126.92510108633952
2022-07-21,126.72848996428864,128.34437651527705,125.30591913078878,125.77779398047728,17838286,125.77779398047728
2022-07-22,122.89328954208189,125.17243451030895,120.06921864799288,122.34503404820146,34406192,122.34503404820146
2022-07-25,125.05447838283335,126.8740342522369,123.37678418323851,124.57943161774416,43623252,124.57943161774416
2022-07-26,126.98582033193007,128.44089475022625,125.10191522169599,126.08216981771159,19653091,126.08216981771159
2022-07-27,125.10294193884938,126.85977409402254,123.07452954534787,124.23598398023172,29384644,124.23598398023172
2022-07-28,124.35707244754629,127.1541338455623,122.48406126067701,124.9428832168767,43247829,124.9428832168767
2022-07-29,124.586386072572,126.22402813572482,122.20022041795568,124.63978774744173,7219931,124.63978774744173
2022-08-01,128.15286867977352,130.19856577260973,128.1004153743106,128.41949347293982,33270923,128.41949347293982
2022-08-02,130.63463502842018,132.97771685296019,129.261540890359,130.25739867875637,24094999,130.25739867875637
2022-08-03,132.62532987480358,134.25346623439808,129.65314314283293,131.61360097244537,44919517,131.61360097244537
2022-08-04,130.58212241004773,132.48015122447708,127.76478387868916,129.85268681789063,27072874,129.85268681789063
2022-08-05,129.10100349179928,131.87279804781184,127.54510024660588,130.01726585779852,25244334,130.01726585779852
2022-08-08,133.51587355704623,135.2740051870732,130.72048490634097,133.03491421474897,18026708,133.03491421474897
2022-08-09,134.46504288973713,136.72470895979987,132.58534510598764,133.7350284487524,21703933,133.7350284487524
2022-08-10,132.73335460854005,132.52077354304808,129.07682453297042,131.9491345251247,28139106,131.9491345251247
2022-08-11,130.82126886626895,131.68869749543023,129.8499735887151,130.975156607776,25913225,130.975156607776
2022-08-12,127.32172238422609,129.62438435629903,125.74418471259088,126.98552340038458,11217687,126.98552340038458
2022-08-15,124.72532078587493,126.5834482957023,125.04277516932943,125.55150962121098,40421578,125.55150962121098
2022-08-16,126.6719563132847,126.554487360432,125.20884262760967,126.15459506011024,36969269,126.15459506011024
2022-08-17,125.45170713426229,126.82309995843796,125.40665299686407,126.21237949181304,29301336,126.21237949181304
2022-08-18,127.09523541778178,128.28896271013483,126.87816345757267,127.6071804205524,16789324,127.6071804205524
2022-08-19,129.07809175962447,131.8675976767501,127.17949832943032,129.10365100139586,14983002,129.10365100139586
2022-08-22,128.93935454688025,130.43622580876357,125.5326416057717,127.93164565244966,23013097,127.93164565244966
2022-08-23,124.53955028866015,125.91859066559776,123.68618845490111,124.64329952430569,14775197,124.64329952430569
2022-08-24,123.65002307853067,125.03614125855607,120.60481024883298,123.34719815590638,9883078,123.34719815590638
2022-08-25,126.67914478951606,128.47918388793252,123.91437294019389,125.69986056522957,11694043,125.69986056522957
2022-08-26,123.86398201646877,124.75788475145512,123.60258008973271,124.4566577304242,38867125,124.4566577304242
2022-08-29,123.96279270012319,127.00277535393121,124.0079688558329,124.34417442972642,5862408,124.34417442972642
2022-08-30,123.68314446464196,124.10599886496885,121.3145468110293,123.28796019614904,44473678,123.28796019614904
2022-08-31,119.20754815202483,121.55452350672464,116.23253408975927,119.14305308996293,33034244,119.14305308996293
2022-09-01,117.52723760017187,119.96846547977145,116.00113551595554,117.78462525331348,29878322,117.78462525331348
2022-09-02,117.2211541320736,118.65136323785616,116.16080900956358,117.59749930185998,7342709,117.59749930185998
2022-09-05,115.93197822176641,117.77511502050069,115.6298995403765,116.72852216533624,14438883,116.72852216533624
2022-09-06,119.90431550595804,122.0607692862214,118.77193636120867,119.22646168246519,13397367,119.22646168246519
2022-09-07,115.88005068318343,116.41960602530656,115.63338991913267,115.94545555340667,37949401,115.94545555340667
2022-09-08,114.44618215168997,114.60496733729101,111.11969704668034,113.69411005356405,10288372,113.69411005356405
2022-09-09,111.08535881108222,112.70480436017758,109.74159612747593,111.57273163393326,15298831,111.57273163393326
2022-09-12,108.05641429277661,109.35051746086653,106.33152727862709,108.38569031288128,38948247,108.38569031288128
2022-09-13,110.71479474989547,111.93304773040543,109.03955318228861,110.29406831922495,15851845,110.29406831922495
2022-09-14,112.6924200253284,114.03001667815103,109.92885371033569,112.26897138840548,25551037,112.26897138840548
2022-09-15,114.29102403065104,117.62855580451306,113.63712629757217,114.7866251431145,25478334,114.7866251431145
2022-09-16,116.10824462384234,117.29344998310692,114.78540713773589,116.69764088074879,34347656,116.69764088074879
2022-09-19,114.79560354224427,117.23924041001635,113.46283557994853,114.51571342392558,13504994,114.51571342392558
2022-09-20,114.28673347668777,114.83530879255396,112.48323894059634,113.9467828629638,41223783,113.9467828629638
2022-09-21,113.01141974089946,116.03199228552708,110.90409323934242,113.42923963898433,7126663,113.42923963898433
2022-09-22,113.67115638353616,114.72618356103354,110.85096356911642,113.27807284699838,42480968,113.27807284699838
2022-09-23,113.19699193625873,113.96197439794955,111.68564309419764,113.54627335594319,19637456,113.54627335594319
2022-09-26,118.17416885153541,118.61137070875851,115.23505297903587,117.77787128506134,48047883,117.77787128506134
2022-09-27,115.73276592114495,117.22430544242947,114.58423621339777,115.27620391300832,28429907,115.27620391300832
2022-09-28,114.42148343892079,115.19071655177808,112.55505237339855,113.72931477408206,38349997,113.72931477408206
2022-09-29,114.79593806090676,115.52375490913374,112.94847142935849,115.15665220039047,39692567,115.15665220039047
2022-09-30,112.63665021751865,115.35755170091093,112.09842166750397,112.60142163178313,49309112,112.60142163178313
2022-10-03,112.80116049107748,114.72216655379779,110.25413367930946,112.59863359877191,47425351,112.59863359877191
2022-10-04,112.18126722457998,114.56291793320773,110.59023994708508,112.08701943325725,44925515,112.08701943325725
2022-10-05,111.39789151922814,112.93742776613487,110.89306905122876,111.57006538568888,45757179,111.57006538568888
2022-10-06,109.35269817349744,109.55781881477789,107.11938040558302,108.90815800376494,27693067,108.90815800376494
2022-10-07,107.28155488096726,110.3659863783434,105.63577207303858,107.72174647967849,34025909,107.72174647967849
2022-10-10,107.02477430309082,107.16271409213046,106.08099314811547,106.65601485537961,15377961,106.65601485537961
2022-10-11,105.81881730558403,107.53276692090714,104.37443842822123,105.15080122369504,8495444,105.15080122369504
2022-10-12,109.46672178654308,110.58553094536802,106.14152694430324,108.62463293603398,20022031,108.62463293603398
2022-10-13,107.18715571002626,110.01715530077885,107.5457502620702,107.84538341591843,30498724,107.84538341591843
2022-10-14,106.0828200881908,107.01061715717898,103.2979339848861,105.47362250979492,16884164,105.47362250979492
2022-10-17,106.10631093601076,107.13702212906918,104.31561201074076,105.91443876358062,45130946,105.91443876358062
2022-10-18,105.08226674324821,106.05457141705567,102.6293643215103,104.36743979671468,29350579,104.36743979671468
2022-10-19,102.4354938803241,104.92160125973034,100.3253704741701,102.85162004701631,32889493,102.85162004701631
2022-10-20,105.01644263327196,105.7692728138199,103.56772227441915,105.06775716863746,27095358,105.06775716863746
2022-10-21,102.28580583802976,104.82455938849607,101.20527614353213,103.11041515549081,33563572,103.11041515549081
2022-10-24,104.20295837627486,106.43806678193403,102.79386013464826,104.99136937000435,18825296,104.99136937000435
2022-10-25,101.88259458798572,104.21152483049036,100.10936309736617,102.19595430277568,41790110,102.19595430277568
2022-10-26,102.56288817585829,104.11601938251081,102.69327971526877,102.96034773849931,47767155,102.96034773849931
2022-10-27,101.57053920848747,104.26207091873404,100.02579394097312,101.76625013983742,48406682,101.76625013983742
2022-10-28,105.85148387587778,105.5388780769175,104.68836690648483,105.12283457135541,40641981,105.12283457135541
2022-10-31,104.07936564600237,105.06505002552194,103.28331932037972,104.10119519567004,46164713,104.10119519567004
2022-11-01,106.45576801615141,108.311451051603,105.70694167816438,106.2323146742665,14036568,106.2323146742665
2022-11-02,108.73417069185673,109.64428711503699,105.80797902996704,107.91372678088173,5397734,107.91372678088173
2022-11-03,107.4899754205107,109.4042100817453,106.79111695433625,107.49790303000985,15868119,107.49790303000985
2022-11-04,104.3240851600762,106.04738621883885,101.7694895058126,103.67603149852928,22495990,103.67603149852928
2022-11-07,103.88271708136016,105.37613331021636,102.09717393682841,103.47138154042268,37512083,103.47138154042268
2022-11-08,103.07121032117966,105.36308849511573,101.5541631102829,103.67252065227748,20033920,103.67252065227748
2022-11-09,104.51317927409974,105.83055252539693,102.98542453211915,104.38363637108006,33554491,104.38363637108006
2022-11-10,102.2714091508629,105.22567375601686,101.20809521110473,102.96461344058372,17934382,102.96461344058372
2022-11-11,100.62717549717708,100.77683997516067,98.15127384425735,100.16456079392104,40765563,100.16456079392104
2022-11-14,103.91037019067426,105.59784809457848,101.56979095213103,103.1343696183199,8658234,103.1343696183199
2022-11-15,101.87844280247984,103.8245792262227,100.38376935075371,102.69227638587715,5150094,102.69227638587715
2022-11-16,105.61537387273292,106.02430729533053,104.61862876983271,104.9996352638813,11183029,104.9996352638813
2022-11-17,103.11070303477399,105.11057226415909,100.99112584804612,103.49322502963804,29998669,103.49322502963804
2022-11-18,103.99105847743586,107.17874659133125,103.01263240833778,104.69053300240942,49621812,104.69053300240942
2022-11-21,104.46884801525607,107.02831856357065,102.60941952906852,104.87612978754196,23185372,104.87612978754196
2022-11-22,107.44113429870951,106.93666346987125,105.78174927097263,106.67256275879194,9016388,106.67256275879194
2022-11-23,107.14268618921211,108.81225804910851,106.37930613356883,107.33481516354647,14063510,107.33481516354647
2022-11-24,106.00245940685208,106.29113125280702,103.89831148103262,105.74429813190405,40524543,105.74429813190405
2022-11-25,104.30955181080934,104.56010477833019,101.45751061422799,103.88470100531799,15320888,103.88470100531799
2022-11-28,102.58177526532914,104.81092240781493,101.52841886657158,102.98808520131644,26323172,102.98808520131644
2022-11-29,103.4572330940172,105.86999114150333,102.08246392934701,103.64843576329825,28219997,103.64843576329825
2022-11-30,103.16664065156529,104.11914439600895,101.43166877725602,103.36892656963536,9548111,103.36892656963536
2022-12-01,103.45951769131392,105.60111649572177,100.81991150251578,103.156074494619,41751862,103.156074494619
2022-12-02,102.22109918028639,104.13086692373787,100.7805574614789,102.29435347462214,35385351,102.29435347462214
2022-12-05,102.13099426310478,102.3938322143217,99.23081052603007,101.3447941218685,35122315,101.3447941218685
2022-12-06,103.84223666987185,105.34299019613064,102.59762248298746,103.77233760836705,32511919,103.77233760836705
2022-12-07,107.15081008974035,108.65796550380854,104.42984550842968,106.97243308277447,32575625,106.97243308277447
2022-12-08,109.39404914875234,111.25687134061553,108.6696068527279,109.77314544442127,22839014,109.77314544442127
2022-12-09,107.83684657873305,108.8785354188908,105.92884815268606,108.25026318344113,43300011,108.25026318344113
2022-12-12,109.13331463861687,110.88599599268568,106.32892008010988,108.61663087108333,49135332,108.61663087108333
2022-12-13,109.38130493720251,110.39851184824488,106.9841584063147,108.8123262621395,10014006,108.8123262621395
2022-12-14,107.87487794042994,109.51723831395529,105.72762264244795,107.97612170041944,43652748,107.97612170041944
2022-12-15,105.70773110293983,108.45395962406465,104.91410266961964,106.18272908388624,16913657,106.18272908388624
2022-12-16,104.20711393489238,105.65225958133138,101.83241588819024,103.70487542311855,12399046,103.70487542311855
2022-12-19,103.51164446397006,104.74420028708086,102.64222068832018,103.97450086687918,43806077,103.97450086687918
2022-12-20,105.59174420615086,107.21948503611978,104.05142748773406,105.05454236581242,34492641,105.05454236581242
2022-12-21,106.05447419549724,106.60269994922047,103.55405617414375,105.3288408703031,20981570,105.3288408703031
2022-12-22,106.45542778123593,107.08615046698104,105.6255433430224,106.62947727992756,27940504,106.62947727992756
2022-12-23,107.48536687578715,108.0868648591318,106.67480513577694,107.67712701058814,16119130,107.67712701058814
2022-12-26,107.30695711482257,109.42316851442791,106.2465261337043,107.51199456819391,31085689,107.51199456819391
2022-12-27,107.15212784517583,109.05586460111772,105.21991308629099,107.25849369651574,15667088,107.25849369651574
2022-12-28,109.56515037726008,110.98770175480603,106.5910257713671,108.70110926737165,39436506,108.70110926737165
2022-12-29,112.68848305711644,112.75405938818783,109.5561998476815,111.95375106903931,28550045,111.95375106903931
2022-12-30,108.84639749182104,109.9723248121138,107.599921597356,109.18497568079917,34370160,109.18497568079917
2023-01-02,113.62703934664853,115.5910062274301,112.53646987424493,113.00126372198123,19841372,113.00126372198123
2023-01-03,114.45902671720184,116.46201975645332,113.19369969934908,114.09415625065667,36357167,114.09415625065667
2023-01-04,113.35815385881638,113.89068068249274,111.91955638710846,112.45856030200987,18861691,112.45856030200987
2023-01-05,111.07558935500224,111.9116151960887,109.7346072209625,110.32393424772746,31475670,110.32393424772746
2023-01-06,110.72772850388816,111.47626169650435,108.37696874719806,110.81626870946862,37529665,110.81626870946862
2023-01-09,109.87235549702561,110.64373063499986,108.09270775806387,110.19518062292948,8340046,110.19518062292948
2023-01-10,109.13067677792196,110.68465100422843,106.51417531792522,109.24027160190164,47635758,109.24027160190164
2023-01-11,109.55315767163218,110.33005305567431,108.1971092888869,108.91385685928827,12777064,108.91385685928827
2023-01-12,108.90203355065687,110.15933047988224,107.67085652750634,109.24178633212208,14148007,109.24178633212208
2023-01-13,108.07809112297862,109.29436590438303,107.77170950796085,108.74084068382017,39543598,108.74084068382017
2023-01-16,108.60845773549633,109.80312679943376,106.66154967640668,108.46415001924865,36461360,108.46415001924865
2023-01-17,109.84799910572953,110.73091592138957,107.06559625042473,109.5977325403479,49429777,109.5977325403479
2023-01-18,108.42592324793412,111.2901344703474,107.50799240886361,109.16652224131053,23679027,109.16652224131053
2023-01-19,110.63278094514247,110.61050438384491,107.8710329410775,110.08404654710495,16136630,110.08404654710495
2023-01-20,109.1901398043234,110.93795222809116,107.00657456056086,109.14657559731992,29376594,109.14657559731992
2023-01-23,108.72313673471439,109.99681511425653,106.34187794480927,107.91599886709409,44859630,107.91599886709409
2023-01-24,108.96048080442631,110.43648204355938,106.05880792248425,108.66154682123556,14571891,108.66154682123556
2023-01-25,111.6791515376343,111.82651986712442,111.12241100329922,111.43047507964611,45422265,111.43047507964611
2023-01-26,111.66833304806909,113.35501138091759,108.62905350385765,111.17408350733366,29162139,111.17408350733366
2023-01-27,111.96387080466059,113.76444984722686,111.24864998196455,112.75253518949972,46761592,112.75253518949972
2023-01-30,114.58348649882211,115.54759174470736,112.36478470577033,114.86680864754157,39466509,114.86680864754157
2023-01-31,117.635849882556,118.16262801639851,116.83767516389226,117.72053786882553,46068688,117.72053786882553
2023-02-01,119.08121559072192,119.43990175296803,116.80620705940076,118.72939231493854,37813624,118.72939231493854
2023-02-02,116.78896940968494,118.02978788817715,115.939312143784,117.12719934182863,27049134,117.12719934182863
2023-02-03,112.70795684120586,114.52550331074806,110.06223956437971,112.27894816071804,31035195,112.27894816071804
2023-02-06,114.89276081196542,115.83379959403956,113.00396541619659,115.33616597589007,25012240,115.33616597589007
2023-02-07,114.43269309975615,114.04928486387843,111.76663220830247,113.59430415937891,30800880,113.59430415937891
2023-02-08,113.60272331409121,114.90259606014095,111.3351333544492,114.14166832799597,36735100,114.14166832799597
2023-02-09,113.06226094378239,113.50634305316501,110.80478553039012,112.25346818221165,41594728,112.25346818221165
2023-02-10,114.7302351160947,115.08415213863084,113.58586850189758,114.19900021813194,8683855,114.19900021813194
2023-02-13,109.63840283163529,111.15352938172701,106.98835197912653,108.86714566614341,41100444,108.86714566614341
2023-02-14,111.58065018634457,113.38093040837323,108.99117079685018,111.64569038139847,21251126,111.64569038139847
2023-02-15,109.4684651559704,111.71294687607364,108.41270972146704,110.11144445179053,35195887,110.11144445179053
2023-02-16,111.54043321228664,113.8096415856823,110.51477503649637,111.48812916127994,23556157,111.48812916127994
2023-02-17,109.5005057663774,112.60785079558043,109.77418278204746,110.03995856491913,16904168,110.03995856491913
2023-02-20,113.27031923796646,115.3382831219636,111.97059466009912,113.458403631916,28965200,113.458403631916
2023-02-21,116.29849623383451,117.61030356580825,114.83196540649905,115.44728863709128,14087313,115.44728863709128
2023-02-22,110.20777432260604,111.63031173101838,108.30596023150422,110.47679332298392,22711114,110.47679332298392
2023-02-23,113.12847634142786,115.61799668515113,111.18837862314297,113.45725703416778,18969551,113.45725703416778
2023-02-24,114.59784577386581,115.86792509768013,113.86935947910247,114.55022863171646,12229694,114.55022863171646
2023-02-27,113.18283657096943,114.24968692367926,110.75387151516361,113.5724273844254,13060129,113.5724273844254
2023-02-28,113.69540204111192,116.0174994372518,113.99479975040816,114.45914878948341,48913709,114.45914878948341
2023-03-01,114.32695315925933,114.26535671423345,112.57822422232246,114.00255377954305,8655918,114.00255377954305
2023-03-02,113.11890621213745,113.0926962052034,112.27871722619716,112.59129957935143,44226014,112.59129957935143
2023-03-03,113.25930654077933,114.81687303160885,111.22007954119105,112.9372812229863,35530316,112.9372812229863
2023-03-06,113.04674693723803,112.8761502274377,110.58998349572902,112.56020236795514,33247067,112.56020236795514
2023-03-07,109.97079985653858,111.96042405982092,109.92994015455228,110.36397587927186,44710968,110.36397587927186
2023-03-08,111.14182940634326,114.02616385866249,110.9122632010795,111.51311785134838,16403809,111.51311785134838
2023-03-09,111.51577343856272,111.95678998764063,110.23015655019282,110.88655583437972,13819366,110.88655583437972
2023-03-10,108.62524652615144,110.94635515606103,108.20927510335811,109.08546869354392,27866127,109.08546869354392
2023-03-13,107.94995620759924,111.36160014906858,106.18265642751466,108.77004946042148,11899416,108.77004946042148
2023-03-14,108.8636773151894,109.05465451746176,107.237042907547,108.48457787260189,18818860,108.48457787260189
2023-03-15,108.42456613773558,109.54675986474227,107.021165717338,108.70146827694008,44570776,108.70146827694008
2023-03-16,107.9747353102011,110.70666324946862,105.92486999102837,108.44882247500018,42905089,108.44882247500018
2023-03-17,108.80293318828343,110.87290517624368,107.11738273128348,108.82789208156119,43728235,108.82789208156119
2023-03-20,110.4113151952059,112.17621477562734,109.10895738967403,110.46871095220183,14254932,110.46871095220183
2023-03-21,111.0891106991332,113.5619236595209,110.56080673415391,111.01334006056625,36684239,111.01334006056625
2023-03-22,110.41600905481023,111.9597925326947,108.79810485666452,110.21904906986258,17675940,110.21904906986258
2023-03-23,108.83377466229008,110.26717416593789,108.52459570953587,108.93811064106175,8571517,108.93811064106175
2023-03-24,107.42733683125013,108.61187442410335,105.96292459320406,106.71080993600452,33631040,106.71080993600452
2023-03-27,107.36855032506503,108.5152361419036,104.66729239636476,106.7018904176278,24457251,106.7018904176278
2023-03-28,108.10597798773657,110.00861121018082,107.40985458515392,108.4003092423122,21887973,108.4003092423122
2023-03-29,109.21121654518929,110.65848434637292,107.87518645344961,109.55493389954287,35209584,109.55493389954287
2023-03-30,111.27990429792582,111.6355185435641,108.56657451811517,110.47715062370219,41048750,110.47715062370219
2023-03-31,109.82828670174761,111.73772466937852,108.79112905421954,110.37577069600246,21119252,110.37577069600246
2023-04-03,109.84320544636556,110.17146250508868,107.86020346379033,109.66027239610054,22929865,109.66027239610054
2023-04-04,111.49785788286204,113.35797577147646,110.65476305392994,112.37104900234587,18704202,112.37104900234587
2023-04-05,114.2929689234861,117.59865092603822,112.86803212385854,115.04121894284056,10445167,115.04121894284056
2023-04-06,116.70046528932744,118.91185939714346,114.57523077278742,116.42420277138798,41113760,116.42420277138798
2023-04-07,116.28702902471872,117.1383160055015,114.33502608492338,116.22635390594111,22435183,116.22635390594111
2023-04-10,118.3567038705291,120.26397704302791,115.59627198417796,118.33432503521108,39762268,118.33432503521108
2023-04-11,117.86869560483179,119.42309956850912,115.66935318922187,117.75081677260859,45296410,117.75081677260859
2023-04-12,118.54997417452772,119.96786913156245,116.495071871937,118.54615725186817,48172174,118.54615725186817
2023-04-13,117.89691316792683,118.01313652040841,116.65162369108856,117.68367555515573,34173428,117.68367555515573
2023-04-14,118.05977091730576,119.97654439873675,117.08733304040672,117.77018682717481,12311443,117.77018682717481
2023-04-17,118.68425919150421,119.9651653604971,115.93922166180663,118.86568874435048,16492247,118.86568874435048
2023-04-18,118.76970151892004,119.62426757376828,116.73763383610317,118.12706077034262,39555643,118.12706077034262
2023-04-19,116.29404844553244,118.14803510665458,115.1860301109273,115.94809406872395,46380608,115.94809406872395
2023-04-20,114.3193782524021,116.56244551854793,111.62584951469348,114.29076781869976,38581412,114.29076781869976
2023-04-21,109.87990055714843,111.93731468298799,108.23610911168157,110.75143439524034,28282940,110.75143439524034
2023-04-24,111.27306151341344,113.20269991392136,109.49990942211745,111.07914134875409,19234179,111.07914134875409
2023-04-25,109.74232563697052,110.52490716762813,107.27209889161277,109.47624354906822,41473570,109.47624354906822
2023-04-26,108.07253681075403,108.78046812516168,105.46713767193623,107.59772301399238,32789081,107.59772301399238
2023-04-27,111.68557030703691,112.99752650765647,108.39961142363894,110.87550950689196,33936062,110.87550950689196
2023-04-28,112.16720772270914,113.34246785926756,110.60007286447942,111.53642469173244,43150378,111.53642469173244
2023-05-01,111.19280547653788,111.26540045739769,108.17021723566468,110.71201128380585,49165594,110.71201128380585
2023-05-02,109.84277472994036,110.97816991333754,108.00211599690735,109.68704876415998,41875911,109.68704876415998
2023-05-03,109.73452450845149,111.72769940746784,107.09696034096648,109.26196391521876,12670037,109.26196391521876
2023-05-04,109.33464844876272,111.73943214299453,107.86947759781003,109.99590803191536,34398836,109.99590803191536
2023-05-05,109.35427703475442,109.88839741459154,107.68922620798591,108.79830491826041,43770717,108.79830491826041
2023-05-08,109.6564952374106,112.45430501090621,107.66110677674098,110.15610951456051,23269364,110.15610951456051
2023-05-09,111.18744200581388,113.68889476041963,110.22949409597025,111.16823979130137,6810016,111.16823979130137
2023-05-10,109.58709169698035,111.38110094547912,109.91602145234131,110.22451580943064,13938971,110.22451580943064
2023-05-11,110.29662479644963,110.5408895216726,108.84913897160064,109.46106141429009,45925618,109.46106141429009
2023-05-12,109.63635302881985,111.90367172582005,108.71598219444525,109.41644606177725,9784410,109.41644606177725
2023-05-15,109.92241818317626,109.90388148407983,109.12299119208588,109.53121450562739,39783437,109.53121450562739
2023-05-16,108.68576094730847,111.64924530352579,107.40277181641142,109.19531913857028,7983364,109.19531913857028
2023-05-17,112.41651674009957,115.03798567224726,111.7910931913307,112.368139887398,39767735,112.368139887398
2023-05-18,108.65736829685953,108.97317799781237,107.46793773798734,108.72046992648583,49526108,108.72046992648583
2023-05-19,107.28088509826864,109.06761599474048,106.60184809726839,107.2253546464754,14012273,107.2253546464754
2023-05-22,107.50397957428889,110.26793738543638,106.48756640689619,107.58808072710092,49005690,107.58808072710092
2023-05-23,105.75561192157173,106.76047520428361,103.47722586221116,105.7749978791129,40568373,105.7749978791129
2023-05-24,103.66029140938775,104.60233296737263,102.51360951713563,103.22101119623485,45648729,103.22101119623485
2023-05-25,104.020568006083,106.15825842034565,103.45287593729418,104.62813609514382,47765084,104.62813609514382
2023-05-26,103.15192452956845,105.44536554052019,102.72638724080468,103.34735780269469,40649243,103.34735780269469
2023-05-29,102.27157485121651,102.481008739434,99.44388284130754,101.5684225646037,40296592,101.5684225646037
2023-05-30,100.74140194897555,100.89205480876424,99.82070148391716,100.25092612632216,32021885,100.25092612632216
2023-05-31,101.34178428163732,102.21829295855032,98.40292188951894,100.75552521340963,45888514,100.75552521340963
2023-06-01,99.75529775619539,101.22387475970855,98.36197502894,99.18533286461513,33081345,99.18533286461513
2023-06-02,99.89431962862295,101.1968169909422,98.08685861556,99.2794121548457,18409269,99.2794121548457
2023-06-05,99.45449316110906,101.3124293807836,97.35474447850419,99.15075557134435,7439059,99.15075557134435
2023-06-06,96.93399027168554,98.38166296763907,95.44925828547802,97.11782251856967,46756398,97.11782251856967
2023-06-07,102.14747942801691,103.64582859869839,100.61701695388022,102.04868043637197,32719681,102.04868043637197
2023-06-08,102.73756940234364,103.9648390943995,102.30468829667817,102.63870414325285,27580561,102.63870414325285
2023-06-09,99.72790935413609,100.2805158552251,98.2124785272908,99.60820160237701,29744301,99.60820160237701
2023-06-12,101.90806070718227,102.08840411310798,99.43961866356697,101.85127958860207,32642565,101.85127958860207
2023-06-13,101.97651011521536,103.46395199180827,100.07099969898933,102.04941402433776,47251121,102.04941402433776
2023-06-14,100.54426847416838,102.51811059038012,100.01947747258097,100.56972704156537,48840826,100.56972704156537
2023-06-15,100.62600917408508,102.6962001028441,99.57360397680135,100.51979049280779,14176319,100.51979049280779
2023-06-16,99.42507113934325,101.6691817982229,98.09162708042814,99.3761728961498,8476907,99.3761728961498
2023-06-19,99.06805514546474,101.21280500396716,97.96552479289976,99.07797922350431,34772141,99.07797922350431
2023-06-20,96.3464357588881,97.15625870327521,94.50700552496231,96.4315148257952,44217589,96.4315148257952
2023-06-21,97.62039789783508,98.3595838241228,96.87217440686271,97.20506467283501,45994021,97.20506467283501
2023-06-22,97.17924300647023,99.01921616411063,94.66236042352996,96.7646817819152,19051376,96.7646817819152
2023-06-23,100.5422533634762,102.31783303348985,98.76334609512881,100.90070326215637,29875347,100.90070326215637
2023-06-26,102.74541759370052,104.6037016928238,101.12580814923093,103.47860317855687,23623866,103.47860317855687
2023-06-27,99.67729470282504,102.01545676689685,99.32869637201796,100.36610115743119,9241795,100.36610115743119
2023-06-28,98.50565929945687,98.84326998363701,97.58958118527168,98.43219740883285,22034023,98.43219740883285
2023-06-29,94.95838095810592,94.94727386566538,92.0679283551963,94.25967771716249,23678269,94.25967771716249
2023-06-30,94.75671608033637,95.48596163208502,92.69980471219554,94.26481816822488,12900200,94.26481816822488
2023-07-03,93.94621348086169,94.85708310014034,92.53932480415098,94.56376216748268,42281576,94.56376216748268
2023-07-04,94.15732980397173,95.18399454238033,91.88001840630311,94.17113353568604,39084239,94.17113353568604
2023-07-05,96.02490743595712,97.58709135074281,94.12718873459644,95.94834614860572,12879286,95.94834614860572
2023-07-06,96.07132731696062,98.32693895811727,95.34067695515402,96.2582897518412,46278914,96.2582897518412
2023-07-07,95.57277748761067,97.66813869930274,93.64742291851036,95.581998884803,38236140,95.581998884803
2023-07-10,93.92137074834757,95.79803487758086,92.18853009490203,94.29702526925836,42265466,94.29702526925836
2023-07-11,94.00017902478007,95.92738567169773,92.59101506800533,94.56738427606457,39458766,94.56738427606457
2023-07-12,94.50295353725859,94.72938823747569,92.51033648433919,94.30051966077482,14138354,94.30051966077482
2023-07-13,94.74717703992614,95.7213479004067,94.03138756400723,95.39094844402256,41491003,95.39094844402256
2023-07-14,92.36035285148046,94.64014897930929,91.65483535373086,93.05620046876375,20413705,93.05620046876375
2023-07-17,92.93252589640494,94.45957166144713,91.29856055370855,92.56829675034916,14133775,92.56829675034916
2023-07-18,93.01304259330932,94.89571006097526,91.36745324873444,93.2085311561527,5178918,93.2085311561527
2023-07-19,92.41501825002835,94.62943127171424,92.39522465955193,93.0346996111006,13566111,93.0346996111006
2023-07-20,95.13415467999717,96.98433600995783,94.03469564773943,95.55727042530087,49093436,95.55727042530087
2023-07-21,96.26475563924011,96.55134404828317,94.0750358117776,95.81573904188721,29784710,95.81573904188721
2023-07-24,97.9400253241281,99.64232390593907,95.78612362032467,97.9935555878356,31901227,97.9935555878356
2023-07-25,101.62988323169257,102.41651986361495,100.32060085316533,101.29194472859393,20141425,101.29194472859393
2023-07-26,100.29159625540329,100.6103259968046,98.00915425739869,100.40542586145492,46835818,100.40542586145492
2023-07-27,99.00039373946781,99.61011084308274,97.01985758322499,98.46475389943146,7724318,98.46475389943146
2023-07-28,96.82168175102753,99.12175399221042,96.47412323007187,97.41480708795672,49966353,97.41480708795672
2023-07-31,97.09669476780137,97.89299752295467,94.50059169986179,96.84266649508805,7620553,96.84266649508805
2023-08-01,97.93179377746038,98.75169497309271,95.3308367576325,97.31967848216014,27892256,97.31967848216014
2023-08-02,97.03768998185198,98.22246180949328,96.17832341079611,97.29723622467463,45363455,97.29723622467463
2023-08-03,96.6594524550287,99.26328785492298,96.17489485710058,96.94327651423097,19274128,96.94327651423097
2023-08-04,99.26420753481864,101.20341455171983,97.65495223673054,99.63917617916627,39985327,99.63917617916627
2023-08-07,97.6672048744481,99.17723329693803,97.11928130532186,97.6051967874474,10775906,97.6051967874474
2023-08-08,100.18026867215858,101.64908260715849,97.88798089322049,99.79103769330487,36514573,99.79103769330487
2023-08-09,96.91217108880609,96.60548430679114,95.45016958206976,96.23405251096362,7733568,96.23405251096362
2023-08-10,100.68008745570103,101.73128693729568,98.75576898232555,100.56700955661628,35054274,100.56700955661628
2023-08-11,101.58832678135083,102.95699859060696,101.12284020641896,101.48225452191429,35467867,101.48225452191429
2023-08-14,102.02619519661525,104.74386608959841,100.097377898333,102.63500253730975,11455097,102.63500253730975
2023-08-15,102.42547609251399,103.7465969461492,99.67605152702961,101.82040270163084,17889255,101.82040270163084
2023-08-16,100.13594808299253,101.48794334585784,99.62388535185231,100.8850140379169,19864825,100.8850140379169
2023-08-17,100.37597233684833,103.12207743494281,98.7579002458994,100.70900906356523,31246090,100.70900906356523
2023-08-18,99.85601407616603,101.65395926796599,99.76629226034527,100.03494918336347,24176343,100.03494918336347
2023-08-21,100.66628669500402,101.76671744346177,100.00622228572627,100.65358852012372,29518731,100.65358852012372
2023-08-22,100.71054996553418,103.1215666135071,100.30651996715575,100.76182636373194,15535757,100.76182636373194
2023-08-23,98.97068848760115,100.80818937787774,98.48896155061516,98.68760899525807,14568362,98.68760899525807
2023-08-24,99.21633112620545,102.01786695084478,98.67204988864944,99.56247684280285,13812597,99.56247684280285
2023-08-25,97.88888555297498,98.67523398951622,97.73942420466159,98.27792260489029,34937017,98.27792260489029
2023-08-28,96.63004329234138,99.3415647556686,96.69485369845138,97.04226234463314,33259217,97.04226234463314
2023-08-29,100.98892862736878,102.79339716351843,99.57859436248692,100.97680563331828,37953906,100.97680563331828
2023-08-30,100.60560504554513,100.72728882094285,98.8476266910892,100.37216797971385,42026928,100.37216797971385
2023-08-31,100.60579653217668,102.52447757748463,100.39606146648715,101.11847726027928,24556228,101.11847726027928
2023-09-01,100.16195697301589,100.29312807996487,97.44374569621472,99.47207583049405,6463763,99.47207583049405
2023-09-04,98.71835437702745,100.28952185612016,97.88453017693261,99.27794617480727,33520902,99.27794617480727
2023-09-05,98.84088885276864,100.06076221848686,97.43251699312138,98.40808320878517,36833860,98.40808320878517
2023-09-06,96.09938712045266,96.6208798618283,93.94553645861484,95.7782730988611,30944489,95.7782730988611
2023-09-07,96.97557884412015,97.92798015321043,95.16028027817381,96.81504861365082,14031092,96.81504861365082
2023-09-08,94.4679453244267,94.95590803591033,92.91570773091948,94.2564870639631,45750794,94.2564870639631
2023-09-11,97.96811749258974,99.39199001433427,95.254358529777,97.19999042973156,17976876,97.19999042973156
2023-09-12,96.17821690254164,97.37594191160893,93.64751567855498,95.93134488999777,9726580,95.93134488999777
2023-09-13,94.40389549370641,95.8842321299696,92.32855784149099,94.06463710342055,46425564,94.06463710342055
2023-09-14,92.76253218375791,94.98867584076295,90.67976954486274,92.71591569932416,16969203,92.71591569932416
2023-09-15,91.34593093814662,92.46052972802984,90.80055054011119,91.63104926407455,24816526,91.63104926407455
2023-09-18,89.67485576748773,91.3509663766085,89.25263578383488,90.37067528320524,31367713,90.37067528320524
2023-09-19,91.63283714990709,93.38594115020938,90.29680733726988,91.42281999522865,10674125,91.42281999522865
2023-09-20,90.9770842786763,93.22732390533598,89.22679520664596,91.49108061951003,9120313,91.49108061951003
2023-09-21,91.60331042266243,93.32198907911291,90.04454358634653,92.11409611403451,18384977,92.11409611403451
2023-09-22,93.89593415540483,95.1767294260967,92.62758363403924,94.04431953300784,11420398,94.04431953300784
2023-09-25,94.61428463255372,96.66047332420192,93.45091010085365,94.4766107040117,34778559,94.4766107040117
2023-09-26,94.85814481739517,96.01823773166045,92.17772114414731,94.30562471973846,33559099,94.30562471973846
2023-09-27,93.621956054042,94.3680419761039,93.53555674236287,93.91252670257124,15751467,93.91252670257124
2023-09-28,93.03592542733122,94.72631337101573,92.26760375590311,92.62904350307112,32502925,92.62904350307112
2023-09-29,92.72406506235086,93.64422465039114,91.82413662964102,92.14137481135565,16003129,92.14137481135565
2023-10-02,89.90784163422768,92.197660525617,88.97489048610156,90.58501321542047,32253281,90.58501321542047
2023-10-03,91.09585598604801,92.88760189063309,90.16302708510271,90.64585640619968,9642063,90.64585640619968
2023-10-04,90.60058821808211,91.09603863247484,90.22695524297676,90.91209330352012,29806787,90.91209330352012
2023-10-05,92.0041626621712,93.08088234375373,91.30152742214277,91.99563802177451,27965326,91.99563802177451
2023-10-06,91.44519039728996,92.30761271411843,89.26562843651425,91.04345942333757,20915471,91.04345942333757
2023-10-09,90.48922403762778,93.15639782723787,90.91123411638723,91.16004196719692,39377769,91.16004196719692
2023-10-10,90.79390796645525,91.46139045595008,88.42179476442088,90.47534751009296,40371716,90.47534751009296
2023-10-11,89.20121515656653,90.71992282538204,88.59491456124411,89.53595074696395,38062987,89.53595074696395
2023-10-12,87.8908472151645,90.20620408051848,87.21384836368266,88.54242638448501,37340002,88.54242638448501
2023-10-13,89.0140819728428,91.19656468415683,88.02128740470104,89.69069949442226,30829122,89.69069949442226
2023-10-16,89.63572399170279,90.0163401832927,88.19619020797505,89.7562933962057,21407828,89.7562933962057
2023-10-17,90.97707342866147,92.09675107732814,88.16616489768377,90.31161848607431,31343791,90.31161848607431
2023-10-18,89.59542282326838,91.76707474470926,88.97259649062309,90.10330728837626,20949230,90.10330728837626
2023-10-19,91.14487417854968,91.381656731177,90.04486852177862,91.13011095084185,43889884,91.13011095084185
2023-10-20,92.7693928143717,93.17441237940407,90.27417464684687,92.38166272843242,16740282,92.38166272843242
2023-10-23,92.13564866748516,94.20382841204957,91.58765637607277,92.66768052021386,15199911,92.66768052021386
2023-10-24,93.83901011136696,94.97423232148357,91.48941284607032,93.26004381290234,8217498,93.26004381290234
2023-10-25,91.00702176971646,93.2914661395072,89.36248823278706,91.1771691584324,28572505,91.1771691584324
2023-10-26,90.85794859145108,91.64669146506586,89.1512717594254,90.17777310657705,48438258,90.17777310657705
2023-10-27,90.36347976816889,92.72940818841909,90.01736225492117,90.93631061446845,12845565,90.93631061446845
2023-10-30,92.4742828972872,93.71153832443083,91.70077820814424,92.08791817134939,5257040,92.08791817134939
2023-10-31,90.72539690558992,93.0095988270256,90.4472907692143,91.44195095355637,37118485,91.44195095355637
2023-11-01,90.79145404266717,91.54011133469035,89.6344738291589,90.98707569570912,7438363,90.98707569570912
2023-11-02,91.73281580374025,92.21948011357216,90.47393837051833,91.19991391883346,19902327,91.19991391883346
2023-11-03,98.08470169163436,97.84024434539273,96.42925803599739,97.38928093332254,20649331,97.38928093332254
2023-11-06,100.12147601718478,101.05225950979522,97.3633169001754,99.73691347506323,12168146,99.73691347506323
2023-11-07,99.28669598839429,100.1615012716422,97.37620956405824,99.45264971547124,26083813,99.45264971547124
2023-11-08,102.29331178403758,101.83797150082188,99.47709148071343,101.5517838298008,25826748,101.5517838298008
2023-11-09,104.7389783642631,106.93489754459755,104.1603646827214,105.35288173347894,32813623,105.35288173347894
2023-11-10,106.71702034309232,107.72464129864467,105.07878983397272,106.27099596793433,36295126,106.27099596793433
2023-11-13,108.0251989236083,109.36241219041854,105.45014939519326,107.36143536234341,31938166,107.36143536234341
2023-11-14,106.55177925714061,107.78441279262944,106.5345888263405,107.24831509772493,43969311,107.24831509772493
2023-11-15,104.48471654003184,105.41037673905585,102.71081642896479,103.96668626823285,39346584,103.96668626823285
2023-11-16,101.05502682039743,102.98066899380991,99.34025529531293,101.07300362369152,39274691,101.07300362369152
2023-11-17,100.40790429582839,101.67206045050104,99.0809328393113,99.83031801628849,34475131,99.83031801628849
2023-11-20,101.97407034233194,102.56027793807883,100.03247260882064,101.3530659817985,20894591,101.3530659817985
2023-11-21,100.06579328689973,102.36294788907799,98.44264352174008,100.79353105194254,9541641,100.79353105194254
2023-11-22,98.94322837119532,100.63590982383818,98.2261768403918,99.15260631306822,9579458,99.15260631306822
2023-11-23,99.16295831206988,99.02835678546799,97.49950824891371,98.80858941917104,33899088,98.80858941917104
2023-11-24,102.34336099044111,103.60345392150533,100.85897355333644,101.58824510354098,22393673,101.58824510354098
2023-11-27,102.35038679937347,104.39964380702385,100.63766061521602,102.3564654005811,19236210,102.3564654005811
2023-11-28,99.43665991557761,100.07151252679475,98.34707887262208,98.79705150903708,45047165,98.79705150903708
2023-11-29,100.94556651397505,102.6145535834492,99.90803250658945,100.34989365451474,11352786,100.34989365451474
2023-11-30,100.09158808223559,101.49790565795907,98.7747689561926,99.502602594243,27199737,99.502602594243
2023-12-01,96.30837922038766,96.98093342154851,94.92310312779486,96.40986004106318,10596257,96.40986004106318
2023-12-04,95.58554053154656,98.39256025845899,94.60667870057196,96.10773946983674,26549356,96.10773946983674
2023-12-05,95.35351084044125,95.82248875359997,93.83275828365969,95.5683987490532,47450614,95.5683987490532
2023-12-06,92.96427205945977,94.41832089946045,91.80792001778038,93.11111919335526,12896920,93.11111919335526
2023-12-07,92.08366864664131,93.48606827803906,91.07656241037772,92.44981167386767,36582307,92.44981167386767
2023-12-08,92.62455571508873,94.40413962228757,91.98830479683424,93.11346687916883,35619331,93.11346687916883
2023-12-11,94.6092298042804,95.96203327642488,93.20747230826778,95.12541747200933,6793484,95.12541747200933
2023-12-12,95.88478584296472,97.05309194899745,95.43598741632601,95.78712602559534,21873141,95.78712602559534
2023-12-13,94.3880738339062,95.71772789007096,93.07934557293795,94.52479343226514,17793690,94.52479343226514
2023-12-14,95.83374039335942,97.4555142826448,95.51394420423078,96.1237670922311,40294155,96.1237670922311
2023-12-15,96.58616657782439,98.13851229049003,95.14875408433979,96.13163445376165,36188317,96.13163445376165
2023-12-18,96.16547663243976,99.0791835246406,95.94449355943543,96.93649751739466,43797093,96.93649751739466
2023-12-19,94.30010005642328,96.43092927874751,93.29611795814544,94.48994189061108,43956298,94.48994189061108
2023-12-20,95.46973703357513,97.28233809424577,94.67036862160758,95.88071596162585,26992344,95.88071596162585
2023-12-21,92.38199527435017,94.72981835277632,90.92666389691095,92.79005857688892,39802824,92.79005857688892
2023-12-22,94.95044584324106,96.52450550829461,93.59534262440593,94.26794508428014,18955588,94.26794508428014
2023-12-25,90.8863268260619,91.4187380182728,89.60834921316476,90.99711563025407,14864160,90.99711563025407
2023-12-26,91.85951982365764,94.3898838008158,90.19625836732381,92.15477519742939,43483441,92.15477519742939
2023-12-27,93.01344797746162,94.8666466401574,91.77198092575847,93.63453745121518,34165355,93.63453745121518
2023-12-28,97.78869337058715,98.23523457623008,95.7761049847586,97.35495279179696,19239843,97.35495279179696
2023-12-29,99.27853907664895,99.83266205973888,97.96115892563115,98.61894391490719,9041315,98.61894391490719
2024-01-01,98.0227173068468,100.73024501970372,97.3646084732051,98.38604252187585,39338731,98.38604252187585
2024-01-02,97.32680243361757,99.16594810465199,96.84340976663538,98.06213592680693,44420532,98.06213592680693
2024-01-03,98.67466793833475,100.70737490254086,96.3607295793524,98.45207872609569,46199344,98.45207872609569
2024-01-04,102.81355175755368,104.78359827670155,100.69947560126543,102.28996244071611,49727886,102.28996244071611
2024-01-05,103.95209198706853,104.86554040891217,102.19885104967885,103.99782276313215,34433981,103.99782276313215
2024-01-08,105.26371423067309,105.88783037063267,104.72160919909989,105.42656761229998,34583946,105.42656761229998
2024-01-09,102.83273497121844,103.76145356121353,103.17239848260607,103.4350916778666,34980339,103.4350916778666
2024-01-10,102.9252071419501,104.40662279836349,100.61769260766731,102.37273077809705,11746826,102.37273077809705
2024-01-11,101.56133950655817,103.36266009830133,99.65442659447262,101.39552684531317,49698313,101.39552684531317
2024-01-12,100.33630755363393,101.57359487902097,99.53454670372378,99.91105342998982,46494516,99.91105342998982
2024-01-15,99.09413306693328,101.24260869781651,97.89958007517676,99.46953327073665,38120335,99.46953327073665
2024-01-16,96.18685213073584,97.16139334457762,95.72956059237758,95.96698446081834,8205701,95.96698446081834
2024-01-17,92.9482451125154,93.93782625530325,91.42691820935687,93.55262016808481,5478981,93.55262016808481
2024-01-18,94.46343840547426,96.44383187966758,93.06367965165323,94.18599405364029,21623097,94.18599405364029
2024-01-19,92.50111250636172,93.19004466458777,91.7082777203378,92.68894097259552,35544624,92.68894097259552
2024-01-22,91.61043570300984,93.58345411981863,90.9624166667189,92.08573777668788,36521936,92.08573777668788
2024-01-23,92.4676175436893,94.57637583983329,92.38082231807043,92.64649109747572,5990132,92.64649109747572
2024-01-24,91.1925336439974,94.13047479689426,91.05200238771336,91.85721657054088,24603907,91.85721657054088
2024-01-25,90.83060704240435,92.0003013587719,90.45364026832772,91.09145815976906,24062849,91.09145815976906
2024-01-26,89.69836977504582,90.2911948240622,89.04015741372322,89.72693637917224,6682206,89.72693637917224
2024-01-29,87.39024303438987,88.04465759122597,85.99281124152634,87.42662536838519,32906248,87.42662536838519
2024-01-30,86.84326429846408,89.12937955633818,85.05157487745255,87.16114100169425,16739654,87.16114100169425
2024-01-31,85.67812339828947,87.80793572906882,85.45028838075358,85.8369360080939,24076945,85.8369360080939
2024-02-01,86.94640032307596,87.21565953601036,85.22735163381827,86.72228450371838,42334980,86.72228450371838
2024-02-02,86.27959922224291,87.92076120576239,86.18104823938448,86.83549431000048,5125640,86.83549431000048
2024-02-05,90.38030386954054,91.25095387951866,88.89063777125692,89.95335609629423,6445305,89.95335609629423
2024-02-06,91.26528618477366,91.32395864473905,90.66453450618548,91.01787487082633,18283851,91.01787487082633
2024-02-07,91.82228361637796,93.729653487626,90.84798593990624,91.58768405872235,36462156,91.58768405872235
2024-02-08,91.8666179873798,92.82629133220357,90.54555950191501,92.20094820040677,47364783,92.20094820040677
2024-02-09,92.41793021447859,92.62298357464739,91.91360944197399,92.16124139274629,35758770,92.16124139274629
2024-02-12,93.57973332193784,94.95644436381325,91.47160403743024,92.93281130582979,29690869,92.93281130582979
2024-02-13,93.117501483012,93.33496516740946,92.8990463478977,93.10338354900729,38876914,93.10338354900729
2024-02-14,91.28421113490099,92.90191482844372,89.96228403778387,91.15467431911827,5920320,91.15467431911827
2024-02-15,89.97482334927629,91.11449059685188,88.35742805193249,89.3411090014326,9704711,89.3411090014326
2024-02-16,86.35227928711993,87.738648067968,84.2887638885568,86.28554794719403,13865279,86.28554794719403
2024-02-19,87.30738320350066,87.77177093324957,86.51137491330309,87.39813749363009,31916028,87.39813749363009
2024-02-20,88.36462385577029,89.27341010579667,86.95744929440565,88.11455427188567,11766149,88.11455427188567
2024-02-21,87.55694914931095,88.24746090510878,86.12294584116358,87.49521036008265,19665418,87.49521036008265
2024-02-22,87.7588353127693,88.34254009425734,86.76857167768797,87.46599557679801,41028149,87.46599557679801
2024-02-23,86.21049710861948,87.22514542534861,85.90376899196427,86.15054028301921,49702511,86.15054028301921
2024-02-26,88.5584908246544,89.75061054678913,86.68941566833973,88.15462796135891,48955518,88.15462796135891
2024-02-27,87.62938248210119,89.83407277170137,87.20712282456161,87.86963791257503,48610839,87.86963791257503
2024-02-28,87.19218070436362,88.12138047715962,85.82797334198528,86.92773361027373,22378606,86.92773361027373
2024-02-29,88.04522369095044,89.59693142997078,86.152744899263,87.73898667373048,11658971,87.73898667373048
2024-03-01,86.95370065343569,89.00873615276298,86.56609577273125,87.4973404290185,16966705,87.4973404290185
2024-03-04,88.19846315113618,89.54052994253635,86.358563588424,88.54117567362847,23164435,88.54117567362847
2024-03-05,88.53241814146092,89.88725571240205,86.61856989411778,88.4693036382325,25654130,88.4693036382325
2024-03-06,89.50010506869491,89.63082864361802,87.88912736770855,88.9108571289711,16571631,88.9108571289711
2024-03-07,91.71373296027262,91.58077524382762,89.15930482060598,91.3712260810312,18351147,91.3712260810312
2024-03-08,92.97977189038598,95.05200475092006,92.24962248892163,92.85622000899153,16168141,92.85622000899153
2024-03-11,94.74921807742845,96.15444876225705,92.8616157726059,94.34774117602754,22724513,94.34774117602754
2024-03-12,95.45128404455706,96.18339803658267,94.48560114810732,94.76567048002782,24756034,94.76567048002782
2024-03-13,94.72815031144631,96.10389887970965,94.49843674099283,95.23605745749802,31501280,95.23605745749802
2024-03-14,98.08882122683924,99.3462930701585,97.26097371639827,97.60863637975451,20897057,97.60863637975451
2024-03-15,98.36259673502416,100.67790386343854,97.8781737496361,99.05744045599192,41067346,99.05744045599192
2024-03-18,98.1659315463873,98.8083968796857,96.36546039160899,97.84189619663687,46527056,97.84189619663687
2024-03-19,96.13796080167604,97.42473017802739,94.60950854264465,96.25304257855574,21021079,96.25304257855574
2024-03-20,96.61631165051932,99.28785749814558,95.27953149725643,97.25378870279631,5878689,97.25378870279631
2024-03-21,97.50979093978852,98.32116395256185,95.56026278262415,97.2248539790894,33954472,97.2248539790894
2024-03-22,98.99572054505178,99.60121735472728,98.99180014718183,99.36169877181187,9477710,99.36169877181187
2024-03-25,100.8583951968049,101.79979938793144,100.32224620144424,100.94862017355095,19278429,100.94862017355095
2024-03-26,102.76100851855627,103.76602932022331,100.73836925387451,102.42460448885014,5728855,102.42460448885014
2024-03-27,102.03955596212589,102.29240980797232,100.61351833064047,101.6734199694834,15214751,101.6734199694834
2024-03-28,100.00541512214981,102.78785739540358,98.35543667320766,100.58195485876095,24829987,100.58195485876095
2024-03-29,98.6471891462814,99.17200379513868,96.58787629177114,98.67748275855546,33626849,98.67748275855546
2024-04-01,97.61583754486908,99.50047694748831,96.35436392655214,98.26156612097392,47883985,98.26156612097392
2024-04-02,100.2140237575451,102.15852723667825,100.15683812465514,100.91192883032703,33604072,100.91192883032703
2024-04-03,103.58498903386962,104.18348398757686,101.15024731718582,103.65680126490528,20953483,103.65680126490528
2024-04-04,103.01504331568766,104.72876268318042,101.1862582549475,102.94247924413177,26621253,102.94247924413177
2024-04-05,103.8718418722478,105.90899406498073,102.27859820746264,103.46830448454402,19727625,103.46830448454402
2024-04-08,103.27048377137957,105.33030083073004,101.71483078353039,103.58766726509461,10627568,103.58766726509461
2024-04-09,103.62699356325867,105.76619038795764,102.42367964521681,103.9850979649368,30276962,103.9850979649368
2024-04-10,104.6810695205974,104.7186350380513,103.07285079443506,103.88214054098164,21543131,103.88214054098164
2024-04-11,99.48276003182757,101.26505274327792,96.86868385862843,99.28194564351999,14487890,99.28194564351999
2024-04-12,98.48646815185039,99.25551208703801,97.3901503089957,98.19359820599469,15743133,98.19359820599469
2024-04-15,98.16942967111652,99.3193402845514,97.75834732251577,98.1545395075592,31699462,98.1545395075592
2024-04-16,98.14545066607299,100.96115809616074,96.5085918949211,98.64969844268794,19037303,98.64969844268794
2024-04-17,99.00062688201164,99.54830436145612,98.31126392238247,98.68647722295803,48588714,98.68647722295803
2024-04-18,97.73343179080165,99.41815301422254,96.50506251383246,97.12550146997513,16862995,97.12550146997513
2024-04-19,98.69147249551811,99.73447434200732,96.33152209850327,98.04072874835927,14612530,98.04072874835927
2024-04-22,97.50573620338287,99.07939899326223,95.69299873267397,97.89376210258483,13790428,97.89376210258483
2024-04-23,97.65465611569759,99.39863159011402,96.24715988207738,98.05874151365113,8711303,98.05874151365113
2024-04-24,100.58177484864562,101.5661297383512,98.3255452992307,100.12615149463788,47165626,100.12615149463788
2024-04-25,101.10326738008905,103.24529133607403,99.26614820021507,101.47805489303074,44248017,101.47805489303074
2024-04-26,101.83762019395476,103.60940005385208,100.57418051297054,101.64448568478883,12117993,101.64448568478883
2024-04-29,102.66518165548274,103.89806263395887,99.93968177315035,102.00492941206211,32682410,102.00492941206211
2024-04-30,101.40627332170845,102.36546309438216,99.93657832328233,100.62180544650525,32324554,100.62180544650525
2024-05-01,100.69585413659628,101.64673628782315,98.94831707150483,100.52419917073824,30597829,100.52419917073824
2024-05-02,98.41907823640967,101.40736255212543,97.17366110664625,99.15872408253018,25107441,99.15872408253018
2024-05-03,100.97161210428854,102.13705256296282,100.06185723941556,100.65345307534311,33877948,100.65345307534311
2024-05-06,98.89511564573839,99.75216064341784,97.91913004053937,99.28335993607891,32832352,99.28335993607891
2024-05-07,96.30166321713749,97.49094242568073,93.59989274598972,95.97790866437458,8539954,95.97790866437458
2024-05-08,95.75482062266121,96.6487987472701,95.15446461069934,96.42161676297715,14521007,96.42161676297715
2024-05-09,94.99679705126474,95.48999603554365,92.90144872542298,94.4707532571249,7105595,94.4707532571249
2024-05-10,97.3294469493035,99.99958673901943,97.39518802981141,97.97483951429685,45137163,97.97483951429685
2024-05-13,99.94380801422294,101.07786500511563,97.67869109323364,99.756250973988,29252586,99.756250973988
2024-05-14,100.22017324354475,102.55389630617857,98.96175404562015,100.90156828075723,41449691,100.90156828075723
2024-05-15,99.71960951701209,99.79613109762839,97.52832799728918,99.04281079456815,42125351,99.04281079456815
2024-05-16,99.94065703447923,101.29000390369382,98.68885216741293,99.60448857335126,6768785,99.60448857335126
2024-05-17,97.4953674067113,100.08873269165113,95.8144994473716,97.8954591858858,40181262,97.8954591858858
2024-05-20,98.8601638142365,100.22540589837163,97.49148842438512,98.23135152282944,19843351,98.23135152282944
2024-05-21,95.77119179494208,97.115180506149,95.53386049803956,96.40030423050668,21881537,96.40030423050668
2024-05-22,96.37491435744056,98.61804475334233,96.62876698712903,96.95904253214721,21044597,96.95904253214721
2024-05-23,96.4450564371473,97.46259129235999,95.51833677425647,95.96486431467895,16425374,95.96486431467895
2024-05-24,94.34635057514008,96.14688332359782,92.7246467203565,93.90770327205024,30238151,93.90770327205024
2024-05-27,91.8941149989809,93.75799553021874,90.78634005852761,92.27708677514362,35500846,92.27708677514362
2024-05-28,94.33019594540099,96.22838524961023,92.18315521249822,94.27667497667255,31238777,94.27667497667255
2024-05-29,91.82870934750481,93.62954868327047,91.09956066952806,92.35792123930247,34311387,92.35792123930247
2024-05-30,92.1507233984807,93.2194891298469,92.34683447598759,92.79912933240242,8497775,92.79912933240242
2024-05-31,96.94329002973957,99.6324022887863,96.7107441618242,97.36196762726993,11709221,97.36196762726993
2024-06-03,96.364761184137,96.79853086939625,95.85867063489263,96.22561010615507,31104693,96.22561010615507
2024-06-04,99.84141234244547,100.41402249384448,98.21070095108699,99.17554033688106,10747014,99.17554033688106
2024-06-05,101.89508459269992,104.48261558981007,100.68302826637053,102.05050059563767,17554385,102.05050059563767
2024-06-06,105.01755923650617,106.09654815315054,103.42476592450485,104.53281528458749,41834507,104.53281528458749
2024-06-07,105.36995043902826,105.93379552928717,103.4995859404518,104.80609060533152,17635839,104.80609060533152
2024-06-10,106.76903980460405,108.78281454517504,105.21988041293046,106.41529310249783,47123995,106.41529310249783
2024-06-11,106.8204169499571,106.65386387107095,105.26112193517206,106.29185182180532,16960311,106.29185182180532
2024-06-12,104.56332408618705,105.26052379514141,103.58253046843146,104.56006188651213,25703728,104.56006188651213
2024-06-13,105.88452583344129,107.85968046265097,104.86753561050382,105.36795926607101,8501914,105.36795926607101
2024-06-14,101.8602929342401,102.27205935183936,101.4087323510647,102.03783976811155,20173749,102.03783976811155
2024-06-17,100.9354575690326,102.48483212051754,100.48101625291378,101.57218652675115,24499391,101.57218652675115
2024-06-18,103.91150102330616,104.01632857199587,102.68019741851235,103.51135959170247,15741934,103.51135959170247
2024-06-19,99.79395022242838,101.08773505278515,98.78698497422313,100.52982656822542,37511915,100.52982656822542
2024-06-20,102.09284532718947,102.75821429252834,98.99432524053547,101.36374442653575,29048081,101.36374442653575
2024-06-21,101.57955088873099,102.78104662711908,99.90511965848277,101.03495553450594,15622673,101.03495553450594
2024-06-24,100.12924464024253,102.26330647951166,98.28792440478038,100.79299562633177,46453732,100.79299562633177
2024-06-25,97.889512533327,99.16483019966073,97.35926144509992,97.70335550882231,25487063,97.70335550882231
2024-06-26,100.1849741441837,100.91997358915636,98.62065660506144,99.6130980612601,40425065,99.6130980612601
2024-06-27,98.48534306324768,99.15404612414666,97.03391034935972,98.14339581321401,26191617,98.14339581321401
2024-06-28,96.8552585897107,99.23183829419594,95.3552873450205,97.40698514357203,9170235,97.40698514357203
2024-07-01,98.67880896261514,98.37614339649325,97.7966407118497,98.16761729461156,49239274,98.16761729461156
2024-07-02,98.92607353947702,99.16682057853733,96.40479200262378,98.70580038202252,34446899,98.70580038202252
2024-07-03,98.26841823297073,100.60734695016193,97.43321717323612,98.58894214452147,16707831,98.58894214452147
2024-07-04,99.84499806071787,100.06829577451765,99.3796859054006,99.73545347383683,6512775,99.73545347383683
2024-07-05,99.47810903579732,100.06571047880433,97.32164317560176,99.68285886968489,46293313,99.68285886968489
2024-07-08,101.4060411596389,102.64535333238331,99.06367233720617,101.59350822464779,29560271,101.59350822464779
2024-07-09,100.03228919298473,102.52243783598863,98.0317426440871,100.02273832488531,33721565,100.02273832488531
2024-07-10,100.3054733738347,101.18332414818858,100.01230986267039,100.35686638013222,20349901,100.35686638013222
2024-07-11,101.03203320893901,103.93989325111718,100.39037103863504,101.66769364823493,31862579,101.66769364823493
2024-07-12,100.88266287219128,101.93586997408828,99.62411014518287,100.19004364264303,14667511,100.19004364264303
2024-07-15,102.43145021948041,104.64884135529806,100.0522521635502,102.34597303209239,43439131,102.34597303209239
2024-07-16,102.2361604549576,103.3924084913234,101.16529044124664,101.76179135188934,46269335,101.76179135188934
2024-07-17,99.08893514795957,100.65807906170173,97.23180759545231,99.31247344129032,32077628,99.31247344129032
2024-07-18,98.59706075703218,98.40196990085214,97.7291935583914,98.15096239865261,48993131,98.15096239865261
2024-07-19,98.95597212030493,99.30673019521952,97.5851827381255,98.19491420631357,38877718,98.19491420631357
2024-07-22,99.90717593280837,102.3802082930358,98.98193882438092,100.6069847037384,22230445,100.6069847037384
2024-07-23,100.46671380178691,101.81565845737126,98.58646306955293,99.84531645240256,27362281,99.84531645240256
2024-07-24,99.62718434883536,99.8350588126572,97.42826891344754,99.23548779142384,44238662,99.23548779142384
2024-07-25,99.39451068338681,100.434613530755,98.24198126030034,99.33582602073669,10585850,99.33582602073669
2024-07-26,99.11680468398036,100.82767794983647,98.5304337435373,98.8801128175227,13718398,98.8801128175227
2024-07-29,96.16856383425848,98.4221084618805,95.71685732837587,96.44701738837269,12014895,96.44701738837269
2024-07-30,97.41435297822127,99.09040475850479,96.070021992871,97.12138335931812,20785256,97.12138335931812
2024-07-31,98.53147633046358,98.53868498771773,97.14578483329802,98.14798794390458,29611217,98.14798794390458
2024-08-01,93.99400339583701,95.40265288855738,92.57059240974576,94.7173411990861,34137437,94.7173411990861
2024-08-02,95.22156255062202,97.26402742531006,93.61462265660897,94.91882668172887,24018098,94.91882668172887
2024-08-05,94.94067953264442,96.27499498951755,92.72891428011974,94.8364738607843,46104768,94.8364738607843
2024-08-06,95.44707662865217,96.50853850675205,94.93303252039172,95.63122042525039,37647772,95.63122042525039
2024-08-07,96.3612552657604,98.3386980228261,94.99451015817806,96.07763507138326,43674079,96.07763507138326
2024-08-08,93.5348118468793,94.75604079022546,92.04360688425614,94.25651371870161,19712754,94.25651371870161
2024-08-09,95.98661280097181,97.38830085743706,94.58056464650647,96.38308794939749,34572066,96.38308794939749
2024-08-12,98.10066012644715,98.80025379285406,95.25751921076125,97.57767008595688,8380435,97.57767008595688
2024-08-13,96.11193588227175,99.12546052476002,95.0017907694947,96.81188585378924,9326413,96.81188585378924
2024-08-14,95.48433634572567,97.3311603778895,95.46487155900644,96.20217521962475,35679185,96.20217521962475
2024-08-15,95.09047613486854,96.062153560448,93.69700028031599,95.56620776929141,39140228,95.56620776929141
2024-08-16,95.52803996990271,96.70345049156816,93.03877043060623,94.93696100165936,36207517,94.93696100165936
2024-08-19,95.20927641198136,96.55515393967411,95.45957942005138,95.80513611658597,29812124,95.80513611658597
2024-08-20,95.35244914153118,95.78566395145339,92.78143466375677,95.0875832498235,36062083,95.0875832498235
2024-08-21,96.37591835457897,96.56283773409461,94.21636483856948,95.67048343691373,11352033,95.67048343691373
2024-08-22,94.04060583409363,95.28767644544897,92.52472034141202,94.7412599365716,27545040,94.7412599365716
2024-08-23,93.41187105291827,94.32996237880235,92.00169459770707,93.6809162259536,41931755,93.6809162259536
2024-08-26,91.96342419046219,94.31756196288269,90.84046233095509,92.46126135100508,19331993,92.46126135100508
2024-08-27,90.86780059376927,91.36787379536781,88.30011499312704,90.51342282684418,21436171,90.51342282684418
2024-08-28,89.94184844437619,92.28637472948627,90.25390283996413,90.61723403148085,13443352,90.61723403148085
2024-08-29,91.44089199281052,92.5051124617981,89.99936640772059,92.00665002738539,20567603,92.00665002738539
2024-08-30,89.78563096046932,91.72776147379419,88.03180830652889,89.77541286576282,38196964,89.77541286576282
2024-09-02,89.66902501996788,91.98903406341165,88.05014813816217,90.03330935994889,49213225,90.03330935994889
2024-09-03,91.29476974140319,93.70171913110035,90.93822293371109,91.85926195564556,18983332,91.85926195564556
2024-09-04,92.43818549240065,93.88477018916711,92.77839278823286,93.13337798934452,6644998,93.13337798934452
2024-09-05,92.5056681758394,94.05696087471114,91.81631372733504,92.36444154816442,27838368,92.36444154816442
2024-09-06,92.81258531598053,94.90464982737458,92.32941808568441,92.91786256902466,7919497,92.91786256902466
2024-09-09,91.64473515070596,92.64565086538035,91.86952708547149,92.2758422996471,15943884,92.2758422996471
2024-09-10,92.64437880155559,93.43724925595347,92.44984563647519,93.00069980518256,25818725,93.00069980518256
2024-09-11,92.38693345142231,93.16663348168878,90.55597433438948,92.68249171624619,48274991,92.68249171624619
2024-09-12,91.56063783362742,94.16621952224934,90.40491612817894,92.1398202248814,7637653,92.1398202248814
2024-09-13,92.68600086742521,95.42881350929659,91.59589732822204,93.32302353926768,34526768,93.32302353926768
2024-09-16,92.68205890601907,94.25593086953872,92.60339807128216,93.25596543567156,46520273,93.25596543567156
2024-09-17,95.11986068072835,96.40589525101127,92.57826972416137,94.75846671292288,43825339,94.75846671292288
2024-09-18,95.9602252153359,97.29451807448143,95.21315842942835,95.68488242654168,10775908,95.68488242654168
2024-09-19,96.53756729869359,97.02439704784807,94.4430328399483,95.84126127913964,12917108,95.84126127913964
2024-09-20,95.3976852681809,96.90567591938502,94.50626489214804,95.87007569690321,30386613,95.87007569690321
2024-09-23,98.95293946848327,100.20092272299671,97.68459385709419,98.88052260688349,26961149,98.88052260688349
2024-09-24,97.622412953261,99.51292295403647,96.60635382692908,97.57256042340342,12489730,97.57256042340342
2024-09-25,99.80632915390851,100.18893446703716,97.51244239676365,99.89574721904425,22071511,99.89574721904425
2024-09-26,96.87193357147486,99.05631658185095,95.29860018196173,97.4325370522259,7538494,97.4325370522259
2024-09-27,98.04624201215613,100.06562915358857,97.70192393004737,98.24631343970756,15674978,98.24631343970756
2024-09-30,100.0803557777985,102.6621819364565,99.3467827586563,100.20524182423169,18848704,100.20524182423169
2024-10-01,98.84886132695311,100.43919765311425,98.01670643710638,98.73870346896815,23425060,98.73870346896815
2024-10-02,100.58941634414529,100.67750391102466,97.43262347755268,99.82464616191524,46064559,99.82464616191524
2024-10-03,100.42911526910147,101.14554129433768,98.81431902507931,100.5098268880184,29099956,100.5098268880184
2024-10-04,100.01003850351593,102.42388203762252,98.53588006516318,100.77114626792927,39866267,100.77114626792927
2024-10-07,100.64894481533459,101.38947500986664,98.35839169575613,100.71405260515446,17509433,100.71405260515446
2024-10-08,100.7709647867541,103.04331964305207,99.82039878751596,101.5798263265555,35802681,101.5798263265555
2024-10-09,103.46368981644211,103.10493628162783,101.95891073999854,102.85581164511441,36019460,102.85581164511441
2024-10-10,103.12620366795028,105.56437239267333,102.91226147796066,103.55803119874354,13056004,103.55803119874354
2024-10-11,105.15102861837546,105.166780020156,102.22109864951557,104.46762452977825,46448708,104.46762452977825
2024-10-14,105.68731899380911,108.39104695689419,105.37434065684062,106.49717178152662,20507684,106.49717178152662
2024-10-15,103.88744333925285,104.80920849599202,103.62012069635956,104.20684621340102,33435082,104.20684621340102
2024-10-16,103.29113362733642,105.31771894591066,102.86521921632195,103.22575823591306,12399144,103.22575823591306
2024-10-17,102.61105886977774,102.54971151426227,99.51392959263295,101.83908680669089,42850133,101.83908680669089
2024-10-18,101.23506450838018,102.51876221478574,99.07389781972103,101.60183601289967,8787008,101.60183601289967
2024-10-21,101.50464087420933,101.07223499529239,100.4821436930036,100.85440534731696,14333854,100.85440534731696
2024-10-22,103.90326074122912,103.96705877030676,101.72442748753252,103.09571376933894,43842334,103.09571376933894
2024-10-23,101.23411696507712,102.04999532600894,99.33564216665013,100.72852548564852,25831471,100.72852548564852
2024-10-24,99.25603871325195,101.57973444567718,99.1043929944489,99.47585375862226,11719621,99.47585375862226
2024-10-25,101.54140071528953,102.82284645687268,99.49951637369364,101.87411439471259,10785351,101.87411439471259
2024-10-28,100.91534424261074,103.73252671311826,99.68563295459732,101.70346425432233,12120736,101.70346425432233
2024-10-29,103.83489130321026,105.47012052384497,101.47166499849497,103.28666482292384,45987949,103.28666482292384
2024-10-30,104.52148621546753,104.58756316194534,102.06413047409481,104.16342543397631,17140568,104.16342543397631
2024-10-31,108.94610531695338,110.70773878175493,109.07363048690846,109.59529489857806,31741003,109.59529489857806
2024-11-01,107.98692501018581,109.08836841358051,104.67835131467108,107.34294990401278,48914785,107.34294990401278
2024-11-04,108.45833803556387,111.19339863679684,106.62187509557658,109.01592305829213,20679231,109.01592305829213
2024-11-05,106.58268052429916,107.1696848021883,104.8099033989562,106.16330415847163,42241614,106.16330415847163
2024-11-06,105.76124188095329,108.3256126498151,105.19662788664351,106.3442074135815,48669811,106.3442074135815
2024-11-07,107.5546293999022,110.16608658791388,106.89761579608165,107.94749351548512,7488082,107.94749351548512
2024-11-08,106.09561029255444,106.58720822910291,104.26041812965583,106.0776144544473,32526301,106.0776144544473
2024-11-11,108.10327319999263,109.37143109308255,105.3164371643805,107.38294768080618,7125152,107.38294768080618
2024-11-12,105.43446801059669,105.58775096119587,103.98692597404197,104.9829560942351,29454959,104.9829560942351
2024-11-13,106.06038182441758,108.43796776432453,104.46165793507443,106.48850805211313,37063473,106.48850805211313
2024-11-14,106.91395954637805,109.06197366225548,104.47184806998598,106.86063016766194,23365877,106.86063016766194
2024-11-15,107.22968825475256,109.51125776148601,105.89011360847438,106.99796413707128,21627961,106.99796413707128
2024-11-18,106.6865463938798,107.69141186972338,105.4793434063469,106.76565390123962,29633078,106.76565390123962
2024-11-19,104.69230286078293,107.75740893996556,104.15505423188145,105.14832138187124,40053889,105.14832138187124
2024-11-20,103.84649069383488,106.00100226641712,103.19686672369512,103.91679263434645,31231978,103.91679263434645
2024-11-21,105.10340091387503,106.75392398396782,104.71565236529798,105.2212238616748,9975432,105.2212238616748
2024-11-22,108.28285640244319,110.31711989982207,107.01533979619414,107.95406992391243,6542355,107.95406992391243
2024-11-25,106.45537439198665,107.07643895533326,105.85254431881422,106.47230663814724,46139368,106.47230663814724
2024-11-26,109.41211838350686,112.71220999715199,109.79956068927126,110.02053217410158,25924842,110.02053217410158
2024-11-27,109.8177070718738,110.98894480106537,106.97226695190506,109.55379406040122,31413231,109.55379406040122
2024-11-28,109.99775433712068,111.35708438820788,109.31627940647964,110.3340372241189,24436017,110.3340372241189
2024-11-29,109.80242484962963,112.33221410107907,108.6843227611187,110.0999796045927,26185792,110.0999796045927
2024-12-02,110.43909958469092,112.30546640752085,108.28536597165734,110.56345827033141,37686932,110.56345827033141
2024-12-03,110.00294903242525,111.5728782188211,107.95945020797821,109.15638080585181,21965253,109.15638080585181
2024-12-04,108.62889562426871,108.4629975791255,106.41054437326639,108.18117309204986,16724555,108.18117309204986
2024-12-05,106.07332978831768,108.78501541674589,104.41299996398637,106.62538740364549,27074037,106.62538740364549
2024-12-06,108.92261409026838,108.81223511422974,106.8031754317234,108.23043393969958,42882999,108.23043393969958
2024-12-09,109.81134134972491,110.74504668068002,107.06341392534117,108.99731573422773,12342700,108.99731573422773
2024-12-10,109.90462017199458,112.43949372202209,109.9704872861809,110.74797755267657,48945432,110.74797755267657
2024-12-11,109.4462798486369,110.351338932182,106.1555661964607,108.73504716494654,34426506,108.73504716494654
2024-12-12,108.93824678974751,110.58598538381199,107.6571362878715,108.67455976807479,30462027,108.67455976807479
2024-12-13,110.59337462918798,112.73734507448286,109.51890940978691,110.71074132899639,37373761,110.71074132899639
2024-12-16,111.43888029842348,112.94728625380667,109.52937896412396,111.1499832572863,9305033,111.1499832572863
2024-12-17,111.92987380698035,113.1858644962347,108.53963318940197,111.29621980854756,44054736,111.29621980854756
2024-12-18,109.12965432955086,110.56091351225541,107.60600639398717,108.31404728688152,20798287,108.31404728688152
2024-12-19,106.62764287616932,107.96078377482081,105.75732436328148,107.37945907057383,17913410,107.37945907057383
2024-12-20,107.77035050483366,109.7008968202842,106.884036484304,107.17129372256507,44725193,107.17129372256507
2024-12-23,108.09723855900491,110.88531126459337,105.76980584604453,108.20585315056415,13330092,108.20585315056415
2024-12-24,109.3176135934485,110.81899275401584,106.68218541379557,109.08948172567415,45522624,109.08948172567415
2024-12-25,107.05112520853734,109.31570413586488,106.61901856044278,107.86604225153977,28782462,107.86604225153977
2024-12-26,110.24377611400328,110.17448811012062,107.58536259502786,109.48190392167423,31871948,109.48190392167423
2024-12-27,110.68568753186534,113.27805319951972,108.87632647286458,110.91802234954076,49455530,110.91802234954076
2024-12-30,109.9726698751472,111.5518169352979,109.92669878844713,110.72771448938512,7241547,110.72771448938512
2024-12-31,112.21499058959536,114.94865250085479,110.76847155045924,112.61479158137936,22487351,112.61479158137936
2025-01-01,111.52763596986745,113.28929352917595,110.16866325366308,111.28042911388454,28234637,111.28042911388454
2025-01-02,111.15318376403187,111.42008099565058,109.41348610907802,110.40545459129176,9079282,110.40545459129176
2025-01-03,108.66132915299717,109.06191788449172,107.83364385745648,108.56408740647461,44227388,108.56408740647461
2025-01-06,107.13548323685883,108.46604926236566,106.17611938802769,106.72328044389215,32583015,106.72328044389215
2025-01-07,104.03189738559735,105.11932766134619,103.37196600425334,104.23907132014574,43927637,104.23907132014574
2025-01-08,102.51461193490313,104.36056875113117,99.51090206906328,101.92046299450932,12216970,101.92046299450932
2025-01-09,101.25000536005898,101.64093535334023,100.2234219964657,101.17511243088356,24785918,101.17511243088356
2025-01-10,102.65442969712437,104.1456648200709,101.24257810104868,102.00479234940303,17996135,102.00479234940303
2025-01-13,102.486512804057,103.51929500019915,101.54400907168835,101.79120962331913,23663423,101.79120962331913
2025-01-14,100.50972913656214,102.45694797302335,99.60786442589415,100.33592461824887,27630724,100.33592461824887
2025-01-15,99.89722469807295,100.67952339993528,97.97205118911874,99.50592081692285,23414612,99.50592081692285
2025-01-16,99.40688198787281,100.57462021225646,98.35996395286014,99.99336245192512,8008014,99.99336245192512
2025-01-17,95.96889696914455,98.82825248019728,95.0883528623736,96.61059240342605,34060546,96.61059240342605
2025-01-20,94.44158105686613,97.43835368638658,94.1777040401347,95.18309623815928,18651466,95.18309623815928
2025-01-21,98.3343702152965,100.55693574160422,97.63633795720625,98.54843324931149,14209541,98.54843324931149
2025-01-22,100.41402269473652,102.30742191224475,97.89974227416465,100.20041500049528,7812354,100.20041500049528
2025-01-23,100.92446032629728,100.84874801480588,98.49815130871421,100.2675969192031,16918951,100.2675969192031
2025-01-24,103.33968923277743,104.98089965474519,102.68322525854961,103.42153106299237,6223902,103.42153106299237
2025-01-27,104.40663892484166,104.27664974743682,102.05045953627744,103.6843843300419,32123614,103.6843843300419
2025-01-28,106.3610280777031,106.99326933846713,104.12110222693974,106.26778631636805,46213328,106.26778631636805
2025-01-29,103.65616389119847,105.13064876623056,102.29812790393973,103.26296526386061,48426125,103.26296526386061
2025-01-30,104.61547096779124,106.68433543903761,104.06117861277012,105.24661745207516,11996148,105.24661745207516
2025-01-31,106.0076041047528,107.04684294905324,103.91041229200643,106.26629647331198,29619416,106.26629647331198
2025-02-03,107.2163093605518,107.55718963535138,104.92204913865754,107.0458861898591,7686727,107.0458861898591
2025-02-04,108.43992014538006,111.3520318622013,107.72648738329295,108.88345687748964,26530119,108.88345687748964
2025-02-05,111.56677254725614,113.66598020365232,110.75521241806156,111.94553580164614,10482519,111.94553580164614
2025-02-06,115.20123399091906,117.50505969960635,114.65430820408832,115.3856454501901,10260322,115.3856454501901
2025-02-07,111.82871120160195,113.39006993877332,109.71259260268566,111.73671969200691,47343592,111.73671969200691
2025-02-10,112.88622337610816,112.48560574080743,110.54907184594144,112.16432410978949,8644441,112.16432410978949
2025-02-11,109.67972569633565,110.54713015921227,107.80963256231699,109.61746578722126,14177940,109.61746578722126
2025-02-12,111.08371647476565,112.74795059035104,109.23388410048123,110.75862488344367,32838613,110.75862488344367
2025-02-13,112.61648732854603,113.55445938497049,111.3982010087823,113.21348302126015,19370635,113.21348302126015
2025-02-14,112.90597074413684,113.37649989474366,110.22733924801547,112.41089477116981,13413923,112.41089477116981
2025-02-17,111.68150676287149,113.5955036074981,109.55821703287369,111.40087348461547,28982175,111.40087348461547
2025-02-18,112.0586041130463,113.11568907512672,110.27661663805584,111.62643799738233,16524711,111.62643799738233
2025-02-19,107.53184669435946,108.70076627747488,105.28435177661909,107.52412533083377,15595375,107.52412533083377
2025-02-20,105.42861095272308,105.8101529306224,102.8662931798307,105.3949648835346,48906769,105.3949648835346
2025-02-21,105.76508915340146,107.69748316983775,103.82822885334191,105.31132753350919,10896442,105.31132753350919
2025-02-24,106.44724085533336,106.67119978738855,104.30448484066739,106.31311177347132,21420262,106.31311177347132
2025-02-25,104.94931288438843,107.95175900966271,104.70257239037284,105.73171937852734,48458329,105.73171937852734
2025-02-26,101.56815653665257,104.31439874502473,101.05665948662524,102.291942450931,25933634,102.291942450931
2025-02-27,99.0725066258101,98.54390859007171,96.25907123594658,98.31728147223443,12625461,98.31728147223443
2025-02-28,97.84926851949203,100.02874938298166,96.95330210896826,97.99617864691331,45855277,97.99617864691331
2025-03-03,95.05588492391126,94.91673172605825,94.14058820628902,94.6902888007289,26503931,94.6902888007289
2025-03-04,93.84054794551653,95.00063238540505,92.16172742952519,93.93769921837928,10812277,93.93769921837928
2025-03-05,95.55417816835583,96.35259892396186,94.72575039605867,95.12216413551403,39045206,95.12216413551403
2025-03-06,96.54999187739888,97.24033152589577,95.29709193072388,96.95804019871397,13612204,96.95804019871397
2025-03-07,96.5245487846106,97.98042323576315,94.43790666899002,96.04443654121056,40028671,96.04443654121056
2025-03-10,96.40643880445302,97.7377208224709,94.49104210346678,96.72594860364312,45768308,96.72594860364312
2025-03-11,96.28673036751088,99.21964705928856,96.62747157915148,96.90727621951606,28366994,96.90727621951606
2025-03-12,95.44640734301919,96.34171753385127,95.20940234055625,95.42945928425509,29912129,95.42945928425509
2025-03-13,92.2936654003214,94.37123703518236,91.90989420921939,93.0355953478826,5951024,93.0355953478826
2025-03-14,94.64485056669065,94.45537728916389,92.76700626220615,93.91348818552058,9804904,93.91348818552058
2025-03-17,92.88638376098575,93.23447040340676,91.10439793658765,92.35026510527376,20465723,92.35026510527376
2025-03-18,92.02721361634684,92.35324653184728,89.57041625429936,91.72433420797363,29820520,91.72433420797363
2025-03-19,90.84827839721939,91.77385883705028,88.87423986354726,91.14869531555605,25807695,91.14869531555605
2025-03-20,93.22823245919416,94.43096107165934,91.73812861880724,92.73884245601516,32634005,92.73884245601516
2025-03-21,95.74098288872628,97.47099960679756,95.10034716490713,95.84856467423089,20085550,95.84856467423089
2025-03-24,93.91215872735002,94.31120285101049,92.64570568744575,93.86283256809793,42693094,93.86283256809793
2025-03-25,94.96735100136712,97.50630354350396,93.6747167830322,95.19090327017118,8726621,95.19090327017118
2025-03-26,93.22745359222274,93.80756092079665,91.51235684507898,93.59430201145764,45281212,93.59430201145764
2025-03-27,94.56454094319326,97.16995664493385,94.54065482721178,95.23449999625025,24780687,95.23449999625025
2025-03-28,92.61790120172073,93.30459504654374,90.69753372529033,91.90966706832957,12928530,91.90966706832957
2025-03-31,92.66746164347641,92.95030713316446,90.07512322724423,91.97819204594101,45815358,91.97819204594101
2025-04-01,93.26516045636387,93.49057613674275,91.5859958652578,92.79775109479577,18428751,92.79775109479577
2025-04-02,95.27570471623423,97.24886668385747,93.11501802924299,95.08625380162412,28788403,95.08625380162412
2025-04-03,95.69831917073739,98.02940497536078,94.91160379584616,95.87403929985597,18492134,95.87403929985597
2025-04-04,97.59469784988673,98.40834486028507,96.27905179722987,96.96003595818608,18893339,96.96003595818608
2025-04-07,94.31837748505708,95.52779115366273,92.16120139087707,93.67342628109222,5132983,93.67342628109222
2025-04-08,94.5349832865283,94.76961218410253,92.67601146402218,94.1785305051973,17415558,94.1785305051973
2025-04-09,96.35260028362987,98.80983544566993,95.65716059576854,96.46837992780591,11431619,96.46837992780591
2025-04-10,96.58247963721232,98.62963861938216,95.09171188840644,96.78221421186318,15900392,96.78221421186318
2025-04-11,101.23026508027692,102.40279593823918,98.67874406512804,100.63681876511679,22216001,100.63681876511679
2025-04-14,100.71859421189626,102.38622899682949,98.4524496398464,100.42351960049085,46654901,100.42351960049085
2025-04-15,100.52301314117457,101.2769918612465,100.03412608200905,100.59992424192832,37032604,100.59992424192832
2025-04-16,103.03197593616075,104.58102561844284,100.84282865619637,102.27884517276414,21624429,102.27884517276414
2025-04-17,102.72249450826529,104.13857404713026,101.3041225118261,102.85970786963874,39384157,102.85970786963874
2025-04-18,103.19019156016793,104.24117604263245,102.6422223139608,103.40503185850669,21228784,103.40503185850669
2025-04-21,107.06832743918582,108.83030744060979,104.86234991105891,106.36190209784377,34992536,106.36190209784377
2025-04-22,109.05612109968999,110.19147727486421,108.15143955509595,109.18995180048734,29913547,109.18995180048734
2025-04-23,111.50149005545256,112.69432248729396,109.68489271189823,111.36503824781833,38086145,111.36503824781833
2025-04-24,112.05421173528326,113.3640413149424,109.08506331969971,111.68494584929336,42229265,111.68494584929336
2025-04-25,115.53102013711087,118.19640308077598,115.50496773574012,116.22248050146493,28055463,116.22248050146493
2025-04-28,116.19430467789164,117.7655178527691,114.83955098838011,116.55393518807884,6526038,116.55393518807884
2025-04-29,117.36412996989081,118.51647900628909,116.62489747367896,117.64981462783375,21947204,117.64981462783375
2025-04-30,118.496208582062,121.39144662751369,118.28207828817845,119.0917610905267,49026219,119.0917610905267
2025-05-01,117.72040368364082,119.24577900105405,117.01779408761313,118.16020178901006,28314777,118.16020178901006
2025-05-02,116.11856314064278,116.67925232411653,115.29859363547038,115.76712685857424,9282434,115.76712685857424
2025-05-05,113.82574650103061,114.15065067568273,111.19597722127217,113.8400502072681,37325068,113.8400502072681
2025-05-06,116.26570942924477,116.28624704561093,113.00144176971682,115.59476428443007,19091814,115.59476428443007
2025-05-07,117.4817875503613,117.32568479266432,114.56308063902735,116.8050853958817,12887082,116.8050853958817
2025-05-08,119.56649499851227,121.56803069081326,117.3476188821713,120.1911732794538,18403515,120.1911732794538
2025-05-09,118.98947727589047,120.92411193339177,117.47103166625007,118.47483543005772,19717271,118.47483543005772
2025-05-12,118.70925423745005,120.16127431859192,116.67667490962157,119.26875484506145,21124071,119.26875484506145
2025-05-13,120.44822121886038,123.1541678525595,120.43173041683343,121.38928309782632,5667221,121.38928309782632
2025-05-14,123.12222994690649,124.96447983668205,119.77965233026583,122.76517314169679,18577736,122.76517314169679
2025-05-15,120.08042818319099,120.79022537864145,116.7836908646162,119.56290402154559,48967559,119.56290402154559
2025-05-16,120.60792774558524,120.43306428480162,119.31557231841134,120.11276473686505,32546412,120.11276473686505
2025-05-19,121.13259051658144,122.220519139409,119.03871034506454,121.49863399237483,33677736,121.49863399237483
2025-05-20,122.80949128443945,123.60293401748764,121.43927719908775,121.98435590415173,43056017,121.98435590415173
2025-05-21,121.4935216139217,123.36288016605306,118.04616759396619,120.97237470186957,28378215,120.97237470186957
2025-05-22,118.99418213707638,121.87526975324644,117.6125069485989,119.8692713475189,46628467,119.8692713475189
2025-05-23,118.17871711541686,118.55838256232788,117.19256303576707,118.00189569393194,23223663,118.00189569393194
2025-05-26,116.76797247467262,119.00961069045603,114.7291750707897,117.09151915990672,15159389,117.09151915990672
2025-05-27,115.47857673365718,115.38421559933315,112.20384184351168,114.85948666868218,32200416,114.85948666868218
2025-05-28,114.01599646545385,116.94982885761064,113.7758692185359,114.22523220666821,34583035,114.22523220666821
2025-05-29,117.51675756086678,117.84189661942959,116.83802182900564,117.36262537066328,23875447,117.36262537066328
2025-05-30,120.48433652149377,121.79631388570742,118.30189447792102,121.0637984935031,18790147,121.0637984935031
2025-06-02,120.28274764990218,120.35630817194512,119.54800178270854,119.86617077589004,27700820,119.86617077589004
2025-06-03,121.88254037520979,124.92032758721929,120.54187595256974,122.31536904869309,6342321,122.31536904869309
2025-06-04,122.86992049018427,124.39418625075177,121.13867010187123,122.307206076783,17063466,122.307206076783
2025-06-05,117.94152298581045,121.6262194988769,117.6544105377923,118.7918328222751,34383422,118.7918328222751
2025-06-06,117.9725619722489,120.14988701282991,115.77244818866683,118.18145252071595,45065529,118.18145252071595
2025-06-09,117.33507129400029,119.73630544313919,116.44655932659354,117.15728027526848,7931898,117.15728027526848
2025-06-10,117.16216254899645,120.5629995545087,117.66952381638346,118.08314964691023,34244028,118.08314964691023
2025-06-11,118.97740422293796,119.64950432783169,118.31344054347795,119.3047770698183,13690220,119.3047770698183
2025-06-12,120.6603977887013,123.71736590542207,118.54343622997025,120.86124310400348,45632625,120.86124310400348
2025-06-13,119.30658297816544,120.98064915493633,117.1840667242635,118.80462765934968,17896670,118.80462765934968
2025-06-16,121.2524002826649,123.80459304147601,121.42872372557736,121.79962436264961,7519177,121.79962436264961
2025-06-17,122.49424650521748,124.32516544808486,122.0276036024873,122.80647737924077,29988265,122.80647737924077
2025-06-18,122.53536535128993,124.05476671197171,119.96926783296477,122.08106236148262,33324124,122.08106236148262
2025-06-19,120.76060934721865,122.90903883855053,118.91450288326251,120.43254165655908,30919976,120.43254165655908
2025-06-20,117.22156096314684,119.72846962287774,115.24410791035477,117.13602929149532,29424066,117.13602929149532
2025-06-23,121.40760569856404,124.37476353792528,119.6963701712243,121.63377784631619,47792863,121.63377784631619
2025-06-24,120.04661404499626,121.97454766666988,120.25409632216822,120.89479527194085,16466526,120.89479527194085
2025-06-25,119.97979544032607,121.06371348099579,119.0949446750789,120.13504590708173,27842167,120.13504590708173
2025-06-26,120.33991822624425,122.57019119431939,118.08062244954967,120.47846697220281,46199586,120.47846697220281
2025-06-27,121.23420593014642,123.90596091480471,118.49590139033697,121.18027075808,33753887,121.18027075808
2025-06-30,115.55236094966422,118.11475126193025,115.22772302719964,115.98041721192327,11903329,115.98041721192327
2025-07-01,111.99882839613686,114.21220362419608,110.90087094483283,111.94369708331155,45228369,111.94369708331155
2025-07-02,111.67348715215746,112.62875818645088,110.50876871049378,111.25749181525053,16381342,111.25749181525053
2025-07-03,111.5201779612263,112.5217657469883,109.75982499421082,111.77473372678935,35446156,111.77473372678935
2025-07-04,112.37611154346254,111.96304165497214,109.54929062226,111.57693234944746,38585873,111.57693234944746
2025-07-07,112.23071610165539,111.82694262448939,110.01832149271243,111.44394319264185,47051813,111.44394319264185
2025-07-08,110.02671392939533,110.89772724041464,108.47435889241093,110.41632229428218,43126687,110.41632229428218
2025-07-09,110.19106084932137,112.89738555874915,109.93338674901896,110.65808619281319,15672184,110.65808619281319
2025-07-10,109.83454577536861,110.91474015242235,110.01409728654629,110.34692401344547,35846697,110.34692401344547
2025-07-11,109.33376784596781,111.31985681616311,108.64441053326297,110.14238299017562,37173950,110.14238299017562
2025-07-14,108.40532777822307,110.24247297847421,108.37491398804275,108.89901396410902,7848749,108.89901396410902
2025-07-15,112.62789983945167,113.2315908709797,110.54217139983098,112.62293967634666,43237396,112.62293967634666
2025-07-16,109.96078044992899,110.69719469133081,108.37932233909667,109.34379480462539,8362116,109.34379480462539
2025-07-17,108.32833465846396,110.04881362311275,105.68116124735928,107.9355121572648,26200194,107.9355121572648
2025-07-18,112.66095819165548,113.01436012005185,111.4366499013343,111.98137384449032,45944113,111.98137384449032
2025-07-21,113.47171289455204,115.18943935384684,110.70774849988749,112.921215020012,18894415,112.921215020012
2025-07-22,110.91734726833589,111.70259060045188,110.34244992023031,110.61161291252249,25945944,110.61161291252249
2025-07-23,109.83179227099252,112.06978821730658,108.4963797931501,110.58247908085312,19104803,110.58247908085312
2025-07-24,109.41083567645666,111.68003466638798,108.60543984357054,109.08460805471178,40170408,109.08460805471178
2025-07-25,106.72698799248393,108.24338373218448,104.24942238750035,106.09673935935864,6520072,106.09673935935864
2025-07-28,102.67551851776426,104.2070394679477,101.89248969406901,102.33950844260377,24574575,102.33950844260377
2025-07-29,105.70435039054388,106.30620091776133,104.0085046295528,105.95932130256203,46047170,105.95932130256203
2025-07-30,105.51142512489376,106.1587454469721,103.54915014229319,105.32945021021818,29411682,105.32945021021818
2025-07-31,105.50612872985434,105.65848462622438,104.32528101007738,104.73254504646773,27158737,104.73254504646773
2025-08-01,100.51439339164631,101.60919838893761,98.28026271156249,100.04198216506899,18297464,100.04198216506899
2025-08-04,102.58639288488746,103.95727699461118,100.82190459619083,102.28833810342246,23197543,102.28833810342246
2025-08-05,101.87565973828679,104.09436372037017,99.7730181068352,102.2225067371177,36445196,102.2225067371177
2025-08-06,104.50798404426168,105.66278901404807,102.31691861693835,103.91721389793204,25560822,103.91721389793204
2025-08-07,102.95347150856617,105.7168848847655,103.30612709794971,103.75969628767574,22930502,103.75969628767574
2025-08-08,104.55336646751428,105.80529559071813,102.03163835831208,104.10603094841615,23959958,104.10603094841615
2025-08-11,103.76789759606673,106.71841542947823,102.1600249151951,104.2235641810064,6905652,104.2235641810064
2025-08-12,103.23375502676778,104.81586769536402,102.19194906553226,103.47376133744007,24768057,103.47376133744007
2025-08-13,102.63975571662698,102.67506188644418,99.91432456035724,102.40587781360715,32132163,102.40587781360715
2025-08-14,99.97267695294529,102.37894730546164,98.18670604803103,100.03699957823682,41057845,100.03699957823682
2025-08-15,99.54577721691571,101.22772128855763,98.18016103565492,98.80022260746537,5995048,98.80022260746537
2025-08-18,96.48100517198317,97.52313643214067,96.2514035571354,97.18808794131158,32898813,97.18808794131158
2025-08-19,98.25007519439414,99.2788661960234,96.17915079211274,98.24539341483077,37844611,98.24539341483077
2025-08-20,102.04472069877588,102.3870287616801,99.96076565940884,101.2675240176353,15284632,101.2675240176353
2025-08-21,98.48419296316654,98.13175575230605,96.99561632838243,97.74675071422891,40236137,97.74675071422891
2025-08-22,100.20485305402589,101.08700090766337,97.23777559478435,99.43689754004464,23001834,99.43689754004464
2025-08-25,100.36635410907995,102.25176296203003,98.60602979597641,100.16759512176598,10466998,100.16759512176598
2025-08-26,102.30795179525028,103.94272471391851,100.96431144238804,102.38809096335844,49251044,102.38809096335844
2025-08-27,105.52637805325745,105.76159138470575,103.41432966308659,104.94939893604555,43877573,104.94939893604555
2025-08-28,100.42542503133056,102.89268670589824,99.98606168778481,100.92588636295328,18605848,100.92588636295328
2025-08-29,105.5806691258994,106.07711123081546,102.99906910365577,104.83935493512784,16220133,104.83935493512784
2025-09-01,103.82108603915941,105.66702074910596,102.64727102223196,103.53949815675661,9378733,103.53949815675661
2025-09-02,101.49183552211598,102.38132819818931,99.58802466027802,101.41745756634992,22798032,101.41745756634992
2025-09-03,106.07913402009174,107.03033459439939,103.28770804837733,105.7452364743811,12732598,105.7452364743811
2025-09-04,110.35482414984907,110.99289453843899,109.17570991478648,109.8600130033495,24587017,109.8600130033495
2025-09-05,112.61008619724097,113.85031435635273,110.58864027064644,112.87339009307314,14912226,112.87339009307314
2025-09-08,113.13302436156748,112.78260922133187,110.2242538817336,112.27728258270841,15925941,112.27728258270841
2025-09-09,114.24934797682529,115.11592866511714,111.17674545857099,113.78686281280699,49866048,113.78686281280699
2025-09-10,112.08578958918449,112.9750293742576,109.24485479973329,111.58478497675486,30212658,111.58478497675486
2025-09-11,112.85042479735573,114.51702429949327,111.22440041893152,113.66968228871525,10523785,113.66968228871525
2025-09-12,113.85578801571775,114.70785473909605,113.86268139643754,114.1790634739239,42370178,114.1790634739239
2025-09-15,113.37935895178323,114.51575609066533,111.86564082819673,113.67562270954774,30689427,113.67562270954774
2025-09-16,112.36767289933718,113.84851105595152,110.3514373279759,113.16054249385272,42722558,113.16054249385272
2025-09-17,112.94641191632945,114.78196621453215,110.10429601392444,112.71542303343489,45233591,112.71542303343489
2025-09-18,112.41638214521453,113.08173507622635,111.9459532241213,112.78321667086648,31940400,112.78321667086648
2025-09-19,110.88888039997614,111.90949433556928,108.76010747188177,110.29811497766133,7701212,110.29811497766133
2025-09-22,108.66606966033058,110.60928606606214,106.50481999942605,108.43179666516664,46174883,108.43179666516664
2025-09-23,109.97942789454459,110.36324104199386,107.96441808631177,109.32558159486194,38978526,109.32558159486194
2025-09-24,109.32828630866352,109.73793159022085,106.82102780120152,109.25363558555358,42631556,109.25363558555358
2025-09-25,107.75672982597881,109.18488602351071,104.82247127940431,107.11032830521829,48030364,107.11032830521829
2025-09-26,106.24468758627353,106.02806974885968,104.06740934321682,105.45555315855988,8984757,105.45555315855988
2025-09-29,103.57982967133587,104.63570203557785,103.08487942570628,103.61551000712824,41185569,103.61551000712824
2025-09-30,106.04183212066711,108.57219765459574,103.52136990264337,106.09334535052004,36767829,106.09334535052004
2025-10-01,102.13632615049175,104.61434495690378,100.1845358794025,102.5204095928953,37164768,102.5204095928953
2025-10-02,102.3814146798909,104.22839654888737,101.80231881502071,102.81529332650709,48668073,102.81529332650709
2025-10-03,103.89618917083907,105.33031628433633,103.99283749286461,104.31709985909043,16969982,104.31709985909043
2025-10-06,104.51802345842292,107.02356273804578,103.52318264804202,105.34788839108195,49302011,105.34788839108195
2025-10-07,108.70782500263692,108.29812653984357,107.1581233667475,107.90603307385894,40964557,107.90603307385894
2025-10-08,107.77294215980024,107.60141862453987,106.65931409096854,107.22469972129053,49328641,107.22469972129053
2025-10-09,106.27440684712506,109.11121704961873,105.17882284008209,107.08800497533922,13878628,107.08800497533922
2025-10-10,104.84128362734666,106.08000360951102,103.1376215948977,105.63736605140713,45722704,105.63736605140713
2025-10-13,106.92562180411085,108.5213748548874,106.19401128623184,107.5407528651382,27747697,107.5407528651382
2025-10-14,109.90259278330514,111.25502954255731,106.46358343294982,109.13952544626373,32532961,109.13952544626373
2025-10-15,107.81473731309026,109.34504894394261,107.00016051456593,107.8114153482471,33695329,107.8114153482471
2025-10-16,106.31868729842016,109.23400301270118,105.7823194823779,107.11124131542864,7379621,107.11124131542864
2025-10-17,109.32704323047004,111.18609472986644,106.90527373296497,108.52749319952606,24724232,108.52749319952606
2025-10-20,107.74211562435508,109.44278954433321,106.66821664398637,108.22528906535085,20706590,108.22528906535085
2025-10-21,110.30487672310655,112.44190925785563,108.87160387667416,110.88373142745576,32644044,110.88373142745576
2025-10-22,109.14029268574326,110.15387255909187,107.69950104519641,108.95014529922594,25085789,108.95014529922594
2025-10-23,108.12384868425978,109.40545541302222,107.98663827027592,108.59763996030574,10789612,108.59763996030574
2025-10-24,107.80712219998013,111.1224202181886,107.68180261507042,108.54097596217301,20253533,108.54097596217301
2025-10-27,109.8505362987425,109.97082924299201,107.72280579308051,109.3873884399407,47026025,109.3873884399407
2025-10-28,109.24111938574441,110.75656745675326,108.0110060479527,108.96086395970383,17792383,108.96086395970383
2025-10-29,107.7099833348403,110.48784085790828,107.19815833332194,107.86627100170398,5461554,107.86627100170398
2025-10-30,107.91322379979285,108.99254316399018,107.31934336119504,108.60979618362859,34743812,108.60979618362859
2025-10-31,105.42181669064695,108.34473272659127,103.86699736057255,106.14643742949032,33057649,106.14643742949032
2025-11-03,106.67151129142451,109.15788822902185,105.27728912439568,106.71644930109736,8661122,106.71644930109736
2025-11-04,106.90798885530397,108.58468743610992,104.99920246692322,107.50485871495314,26333760,107.50485871495314
2025-11-05,108.83157642156387,111.94846537312789,107.17424232445772,109.44953353903699,44340612,109.44953353903699
2025-11-06,110.17081022053904,111.8671895585104,108.39191417782634,110.36472759406983,35378154,110.36472759406983
2025-11-07,109.70565329271521,111.20128419051527,108.579220635821,109.7723336361378,38824350,109.7723336361378
2025-11-10,111.8184911432059,112.00000852553079,109.19209879413248,111.22481946799864,46298407,111.22481946799864
2025-11-11,111.47482558059673,112.80597504128032,109.56586643317046,110.71519005817268,28137062,110.71519005817268
2025-11-12,109.48478277195885,110.75259889921055,108.14519019767384,109.2503043544406,33272434,109.2503043544406
2025-11-13,105.92305589219343,105.63461629788306,103.18871536180902,105.2136257156081,25541611,105.2136257156081
2025-11-14,105.59548662445877,108.07322015219403,105.5297661258331,105.85917141223223,23198406,105.85917141223223
2025-11-17,105.8034244587042,108.07846836123721,104.97460856395946,106.40032265001136,17538875,106.40032265001136
2025-11-18,106.91247564558833,107.92309947671689,105.8935989606295,106.88351995490221,33690100,106.88351995490221
2025-11-19,108.01554706725184,109.89858486038882,106.27289190939396,108.3539341598091,8304472,108.3539341598091
2025-11-20,106.5614328428428,107.25988814160603,105.36199150839002,106.91977465767985,22436551,106.91977465767985
2025-11-21,109.53112957564083,110.52045359276296,107.6724639766345,108.72005581804078,16078104,108.72005581804078
2025-11-24,109.32195625235572,110.88965731819857,109.08145675431577,109.46327489995586,6427002,109.46327489995586
2025-11-25,108.31330787587726,108.9907591177615,107.92476242934104,108.63235245865617,5241682,108.63235245865617
2025-11-26,111.2089667666234,111.17988319702646,107.91520292347717,110.6223934716396,26893071,110.6223934716396
2025-11-27,109.80112601322179,111.91759358848691,108.22797597866662,110.28875286633053,47111183,110.28875286633053
2025-11-28,107.93985117977998,108.84711283203706,106.96265449758386,108.55394141944863,37510948,108.55394141944863
2025-12-01,110.75384475886409,112.06381876431331,108.70211332069982,110.47998357386317,30864493,110.47998357386317
2025-12-02,110.43587482749389,113.17118793755803,110.14961319177976,110.92794125811345,15007670,110.92794125811345
2025-12-03,112.68239442006536,115.0929949340412,112.30667543632339,112.78599259516322,12287025,112.78599259516322
2025-12-04,113.7027416040812,114.85357159520463,112.51448833688308,114.37675396397226,43334778,114.37675396397226
2025-12-05,116.77297244541579,118.07935877691678,115.44530106324876,117.19220653605385,20270526,117.19220653605385
2025-12-08,120.06292852746428,121.17258886464656,118.99355182026007,120.3534724576072,29666759,120.3534724576072
2025-12-09,122.0630077281981,121.75368336961397,118.94286198884357,121.37019595189041,40919356,121.37019595189041
2025-12-10,119.13439758027715,119.46747073966283,118.0666702224888,118.57357173343877,45282711,118.57357173343877
2025-12-11,116.29428064966498,119.27574117008822,115.08934426623536,117.09422028100897,11884651,117.09422028100897
2025-12-12,117.70994726138625,119.56511052918842,116.91674813663242,118.57209915823155,30205744,118.57209915823155
2025-12-15,121.18999590607055,122.4894934022406,120.201840140597,120.45691800684489,24413887,120.45691800684489
2025-12-16,116.22844783821759,117.38832995969852,115.83448349339695,116.3499849856346,42306756,116.3499849856346
2025-12-17,118.06628914358247,119.59517239465549,118.32376377492888,118.81344757984773,10663689,118.81344757984773
2025-12-18,117.03307152483849,118.18313676822538,115.29223753013652,117.49704460904576,32385925,117.49704460904576
2025-12-19,113.76349111641485,115.11159150952949,112.06759040609532,114.62429496680704,27714797,114.62429496680704
2025-12-22,117.12287335163768,120.16621162959021,116.32989618753624,117.53119557327058,8613482,117.53119557327058
2025-12-23,118.75736604219175,120.2180724399374,116.50712468721652,118.71034846263906,28816528,118.71034846263906
2025-12-24,117.75522821821471,119.23096736325131,115.48291019005278,116.83922613271301,27011803,116.83922613271301
2025-12-25,116.15980589951855,117.99414964917946,115.30866155513507,116.88133677231343,38062564,116.88133677231343
2025-12-26,114.41653263501743,115.08765803763806,113.42904991304324,114.84818623274431,26005464,114.84818623274431
2025-12-29,115.84495666007868,116.64005636495706,115.33666237959444,115.59425821214693,45039314,115.59425821214693
2025-12-30,112.14122451705457,114.28949120244313,111.55298070315926,112.17015972089996,11345153,112.17015972089996
2025-12-31,111.8007205947709,114.13659072340339,110.22286846060908,112.53986218873264,25774539,112.53986218873264
2026-01-01,112.21284999230254,112.859012561767,109.50582246352772,111.4163764006022,9408395,111.4163764006022
2026-01-02,108.71348441301141,111.5092994642066,106.6940160700965,109.17468762263849,16851006,109.17468762263849
2026-01-05,108.867743766771,108.61523108407162,107.2059476714489,108.08872993158063,45523444,108.08872993158063
2026-01-06,107.44623086031889,109.14793670146125,105.35150176864443,107.37867928152627,47454982,107.37867928152627
2026-01-07,107.4270580875072,108.97763502215618,106.26770630902807,106.98413011464369,7073405,106.98413011464369
2026-01-08,106.66285243544766,107.6893405400884,106.32768978472768,107.14959004570059,48456812,107.14959004570059
2026-01-09,103.34883643863658,105.9439030429004,101.08146954260435,103.45910111828158,39747629,103.45910111828158
2026-01-12,102.74053406660686,105.21919812327452,102.56716121660916,103.10997111601895,10950377,103.10997111601895
2026-01-13,100.84017907409515,103.11013222276465,99.51702097785908,101.13908993020486,28085823,101.13908993020486
2026-01-14,103.80216646273207,104.37431249386613,102.27526777212884,103.14314743878678,10072673,103.14314743878678
2026-01-15,104.96912026693016,107.38474844933206,103.36131742185897,105.00598837608331,25775501,105.00598837608331
2026-01-16,103.31146960455834,105.03464909473193,102.1435415932993,104.05883208418717,38495983,104.05883208418717
2026-01-19,103.24625697894645,104.49349545518058,100.67830936916998,103.06138996076095,47229705,103.06138996076095
2026-01-20,104.36038519048539,104.7678563871661,102.25722854840065,103.90315751671157,9361381,103.90315751671157
2026-01-21,106.75546975137695,107.98067072623802,106.00412275910425,106.78092938306591,48653490,106.78092938306591
2026-01-22,108.63181634275394,109.32326955349266,105.47488022355222,107.9907990598975,23276385,107.9907990598975
2026-01-23,107.86037818658136,107.88524580346399,105.40037550550406,107.15406782648047,44644344,107.15406782648047
2026-01-26,107.17650057913531,108.08031200844763,106.22313650076975,107.44987131968995,7317972,107.44987131968995
2026-01-27,108.57851072571147,110.6980687227615,106.16478383915684,108.07272614145955,27002477,108.07272614145955
2026-01-28,108.38099555501317,109.51523174313873,108.34867156225141,108.72911641346734,31521037,108.72911641346734
2026-01-29,108.84999350293953,109.30096259442752,106.48139215671324,108.22276047336071,30689537,108.22276047336071
2026-01-30,107.68071597563609,108.9693042971795,106.91881852612298,107.32639617089941,16033211,107.32639617089941
2026-02-02,108.5120610400717,109.69603736537424,107.5261317503613,108.25683421628791,14710563,108.25683421628791
2026-02-03,111.33201776579591,113.12323282005477,109.76126376438191,111.4226791531828,32490793,111.4226791531828
2026-02-04,112.61956677576977,115.3947277225887,111.424848860354,112.9162783245659,36439186,112.9162783245659
2026-02-05,109.81645315047913,111.65960680548226,109.42558355207329,110.58749895928959,41622599,110.58749895928959
2026-02-06,114.16145176303819,114.86376573688163,113.03251547162547,113.37613984892589,47899937,113.37613984892589
2026-02-09,116.06901655232107,117.17376921758333,114.5286084585719,115.31052808701969,9162317,115.31052808701969
2026-02-10,118.29387090535582,118.54982919130121,117.31699097525328,118.04393329733618,20821393,118.04393329733618
2026-02-11,120.55844275917565,123.01857823237124,118.60635608999584,120.38667385331469,15243293,120.38667385331469
2026-02-12,122.97482143499921,123.07034783768752,120.39597995529815,122.10526926682918,40814766,122.10526926682918
2026-02-13,119.95106598971702,121.51767430420895,120.00666325681327,120.38665600193654,38466841,120.38665600193654
2026-02-16,119.10820194157941,120.39391753325775,118.442240876485,119.71189534266895,39409652,119.71189534266895
2026-02-17,120.78767262786063,120.62908864303914,119.01343946105371,119.93016745503084,17620116,119.93016745503084
2026-02-18,119.53809360387658,121.90756861788141,118.43588002103922,119.23661704594932,20249085,119.23661704594932
2026-02-19,121.31089743957436,125.05554893244724,121.4150403469557,122.0805334529024,38674169,122.0805334529024
2026-02-20,120.38122143709064,121.90745481492965,118.48074520987014,119.7090238967916,28243635,119.7090238967916
2026-02-23,124.20614451706228,124.66429745943182,121.92433190424792,123.58660517461493,48101257,123.58660517461493
2026-02-24,121.55113073792783,125.05143257006704,119.83058425632333,122.1046891424263,46764100,122.1046891424263
2026-02-25,123.73543560916733,123.76909686905644,121.77380958317987,122.82889387097482,7672883,122.82889387097482
2026-02-26,120.86909542113965,122.1974190125655,118.0812989071784,120.95822026582582,13518557,120.95822026582582
2026-02-27,119.55308188594823,122.24185792486908,119.09402871893575,119.3757086652808,40475870,119.3757086652808
2026-03-02,118.12016935541895,119.15012426922961,116.94583604737285,118.56325114674173,48282086,118.56325114674173
2026-03-03,119.87564940435429,121.51010012483361,116.6791885351478,119.23231687867725,12263743,119.23231687867725
2026-03-04,117.48618457181684,120.69146397061625,115.75678910652375,118.42624784779004,29959948,118.42624784779004
2026-03-05,121.39041801884808,122.71424324975246,119.22747979545726,121.27031246867612,25285377,121.27031246867612
2026-03-06,125.08657549613933,125.1434320543674,121.8643303994251,124.86517329822419,47986768,124.86517329822419
2026-03-09,124.73993418953808,125.65154767596674,122.70503424914548,124.03858277497926,18540380,124.03858277497926
2026-03-10,123.26146332436143,126.01914924215848,121.33567911374254,124.178289371008,13547186,124.178289371008
2026-03-11,122.16214484650544,124.72514687737605,119.16186555422277,122.02184061866446,11121373,122.02184061866446
2026-03-12,123.95686778295513,124.40322533514986,121.43087706797128,123.35913412577455,26393212,123.35913412577455
2026-03-13,126.67338470196954,127.09472420178211,124.59022252049704,126.0307965692576,15754186,126.0307965692576
2026-03-16,126.29524263925691,127.94121828633351,125.36563101054604,125.89167440633067,31170606,125.89167440633067
2026-03-17,126.97843262101941,126.57461640604777,122.83891968625358,125.9851584478107,11192223,125.9851584478107
2026-03-18,125.4353622790687,126.19040024318102,123.24285431423154,124.76865972620578,12989231,124.76865972620578
2026-03-19,128.96956579506343,130.45608390075287,129.39780179084454,129.68281796884767,7111151,129.68281796884767
2026-03-20,130.24972211475603,133.2018718281459,130.54426659185512,131.26159637255677,25802811,131.26159637255677
2026-03-23,132.17207151048535,134.52186625156148,132.04722373721324,133.22088565119194,41944570,133.22088565119194
2026-03-24,139.331566474486,140.5727862166317,135.31165552448172,138.22839457123294,5668381,138.22839457123294
2026-03-25,136.18765625565405,139.01530955656236,134.79701651201214,135.98136932968885,26566410,135.98136932968885
2026-03-26,138.5228376648774,139.3675026230977,135.0057058341662,138.3829693103645,21628636,138.3829693103645
2026-03-27,140.04223548995247,142.21798519820254,138.1350720925151,139.8798071210605,17802886,139.8798071210605
2026-03-30,140.08342866349514,143.08985136222336,137.2014539306977,139.99837131989744,24450999,139.99837131989744
2026-03-31,141.71965966084164,142.27747559548982,137.80375024529576,140.77447833735596,21683863,140.77447833735596
2026-04-01,143.37769449746708,143.88934040154274,140.01095041687353,143.0116030949953,35167188,143.0116030949953
2026-04-02,143.2003152215555,145.9034166735069,141.5707753977212,143.1717815504722,36204214,143.1717815504722
2026-04-03,139.7368411471794,140.97896130671867,138.88245304357028,140.6312469552328,16214689,140.6312469552328
2026-04-06,139.18997972116165,141.15148197130733,138.86490789697098,139.32243268675347,29710048,139.32243268675347
2026-04-07,141.30997668836744,141.8491132492509,138.16893503697912,140.29264864010065,10247280,140.29264864010065
2026-04-08,136.3073790946951,137.62635615287581,135.15518814120534,137.24253174900636,31251246,137.24253174900636
2026-04-09,140.7336444324251,142.91372548242964,139.17119587774877,140.55087175821987,20291108,140.55087175821987
2026-04-10,136.2322405847785,137.1494311391239,134.62988783834436,135.34753662995206,17597120,135.34753662995206
2026-04-13,136.92668308971878,138.65241861068083,135.515497504458,136.9682380423338,24405910,136.9682380423338
2026-04-14,136.63513213771475,139.79847804455977,133.5036725274291,136.91444139730135,27258201,136.91444139730135
2026-04-15,140.97097416235997,141.6227244870218,137.4731372765734,140.32340903573692,34864336,140.32340903573692
2026-04-16,137.6841446567913,138.37431083830154,135.42033190754128,137.52563372117356,13388870,137.52563372117356
2026-04-17,136.03866993764913,137.85342544072628,132.92452478835102,136.00057362900642,33268713,136.00057362900642
2026-04-20,131.64676182518272,132.3149678006738,129.13053201199872,132.02336977398974,31189262,132.02336977398974
2026-04-21,131.54488979585412,134.15217935198348,129.70436460925316,131.50937241972187,36511338,131.50937241972187
2026-04-22,131.44079469535035,134.16311717270446,129.83973528522054,131.40995993876385,14458124,131.40995993876385
2026-04-23,133.40677058027075,137.04739673845455,130.6752563731625,133.88685628552463,42430716,133.88685628552463
2026-04-24,130.00266388769413,133.19373294932015,129.63530403283292,130.08276565349956,8230772,130.08276565349956
2026-04-27,130.3850058744889,131.8713116015456,128.16336642467198,130.86336500385408,12860526,130.86336500385408
2026-04-28,127.24893591481015,128.35571688987042,127.19322923193543,127.87390125435523,7957066,127.87390125435523
2026-04-29,132.963335118137,134.48931896328375,129.29891883996007,131.95441948497006,15672041,131.95441948497006
2026-04-30,137.42855294434852,138.36710618585644,133.78064887812533,136.4923775017499,5515531,136.4923775017499
2026-05-01,133.0787653296186,134.64203131897955,132.1073416198898,133.59258060889493,28953903,133.59258060889493
2026-05-04,135.2489214251835,136.04208719906032,131.2805815163244,134.43200882863601,13647085,134.43200882863601
2026-05-05,135.18974700407966,138.0068247869546,133.4739081539714,135.61446224959843,31661640,135.61446224959843
2026-05-06,136.84911212652386,140.21957777049414,134.5503819489301,137.94414922909434,7492679,137.94414922909434
2026-05-07,135.12975382046776,136.0193912916369,132.6617321518115,135.5637357169009,30572232,135.5637357169009
2026-05-08,134.42557668722964,136.77160458561028,133.29196904791507,134.8773242305893,40121822,134.8773242305893
2026-05-11,139.2660058587426,141.13239462322605,136.5805001009293,139.2755506600944,48449448,139.2755506600944
2026-05-12,136.3190645575856,140.1327062798415,135.8996009094384,137.06990492571512,29267149,137.06990492571512
2026-05-13,140.9453474097934,141.35100392649937,139.1705893102705,140.58780843011988,17341156,140.58780843011988
2026-05-14,144.39210622804788,145.97465719632618,142.80766442229736,144.3052566324364,37073589,144.3052566324364
2026-05-15,149.07644108623265,150.65019160989945,147.41070737495616,148.57783763479983,21469717,148.57783763479983
2026-05-18,146.15850401470036,148.19526793218165,143.7413133383011,146.4906917223759,27193779,146.4906917223759
2026-05-19,150.54114527468397,152.16818523585897,150.12407502326346,150.95946715547038,36297612,150.95946715547038
2026-05-20,151.92603563233675,153.51942202809107,147.86057241744643,151.32379930621744,18575332,151.32379930621744
2026-05-21,157.33111748300618,160.77898804924737,154.87667814240777,158.28464239736434,12701800,158.28464239736434
2026-05-22,157.82675597978292,158.9850058188381,155.86092502481935,158.32496450840446,33132257,158.32496450840446
2026-05-25,156.19179364770528,159.7012402580393,156.49673487912463,157.2513504798403,49150447,157.2513504798403
2026-05-26,156.1030210803542,158.64911473047886,152.56460727745258,155.68116775532704,49595645,155.68116775532704
2026-05-27,154.1495198914674,156.6158002250241,150.13469817190455,152.94795078298168,21863645,152.94795078298168
2026-05-28,149.1362674660513,149.45851751315772,146.36692756815145,148.63194277418637,16999157,148.63194277418637
2026-05-29,150.53158176859756,152.09036053781108,145.99236840289979,149.6490531195067,17963905,149.6490531195067
2026-06-01,143.8907614440272,148.02600746202842,141.35554195347828,144.50755934430012,8892345,144.50755934430012
2026-06-02,144.80156656450768,146.129254522288,143.51578173421248,144.1123719205635,27604531,144.1123719205635
2026-06-03,149.73532196023203,153.45431821237455,149.44785466609773,150.31732609958664,22435388,150.31732609958664
2026-06-04,151.58144451180294,153.62523046220542,151.55939242878213,152.7798503676321,37869262,152.7798503676321
2026-06-05,153.20624876657885,154.70015815026923,151.04697736230275,153.16024956565687,32201870,153.16024956565687
2026-06-08,155.14873784509396,156.57212971056663,153.61214875401313,154.40314991866236,32968596,154.40314991866236
2026-06-09,154.30800010957503,156.23757525425026,152.22897766653503,153.25765463483404,23953598,153.25765463483404
2026-06-10,150.46496604467725,153.67390708672292,148.38760796123915,151.28534572006004,47964810,151.28534572006004
2026-06-11,154.00901308827218,156.42312864001929,149.36287489625565,152.97446897228284,10795422,152.97446897228284
2026-06-12,148.85396121321776,152.4054531502102,146.65096621447856,149.136210893912,25867497,149.136210893912
2026-06-15,149.6515186971628,151.0446314637329,147.41857070489945,150.1615825568142,31959996,150.1615825568142
2026-06-16,149.27827872202735,151.91127200014137,147.88989766987376,149.26637195058657,22307424,149.26637195058657
2026-06-17,144.87662026859542,149.04439734286714,143.74052405105334,145.61345572113112,41344289,145.61345572113112
2026-06-18,142.01097034632986,145.4277422011726,140.15699578688117,142.99982955605944,5780018,142.99982955605944
2026-06-19,143.82553762829318,145.74578457357578,142.37020601188397,144.88673527988095,10270341,144.88673527988095
2026-06-22,140.41630822353997,141.10232499190616,139.36105388869046,140.606925269867,9703402,140.606925269867
2026-06-23,140.48448630387992,140.92723470977873,137.8808898271185,139.69237879514353,28337382,139.69237879514353
2026-06-24,139.8347778985699,142.82675255053493,137.49238084268217,140.1990276707306,30915038,140.1990276707306
2026-06-25,141.13288103294127,141.82066430377247,139.19426384748112,140.73622158945406,36423260,140.73622158945406
2026-06-26,140.41388215899468,140.2211489882625,137.2290769612868,139.43811664278667,13518811,139.43811664278667
2026-06-29,143.6981634266743,146.70443824998634,140.936287456571,143.81754670789587,39205708,143.81754670789587
2026-06-30,145.20883024398387,148.42649471967573,144.21304247151912,144.9771699168822,47803002,144.9771699168822
2026-07-01,142.80275490884944,146.97727006017058,140.6494459041302,143.74554214599098,14023872,143.74554214599098
2026-07-02,142.60195987572698,144.83571629338476,140.2218539120325,141.70398593787425,19934699,141.70398593787425
2026-07-03,136.99835075269544,138.40134063730423,135.21177444221823,137.29645743205685,8087872,137.29645743205685
2026-07-06,133.60700950451323,137.41652837484878,132.5401934427689,134.50776247406827,37165032,134.50776247406827
2026-07-07,137.9605274076603,140.89328472693424,136.86960556860853,138.20563377808455,26231083,138.20563377808455
2026-07-08,138.37592663739565,140.56611466456692,136.4028716201626,139.05194456822352,26398900,139.05194456822352
2026-07-09,134.348686531756,138.4521387977711,134.44531699503574,135.0798257923963,41826235,135.0798257923963
2026-07-10,138.4986464420367,141.81201130867726,136.44821752972814,139.418412679949,21294503,139.418412679949
2026-07-13,133.42194300736602,135.2799759149401,132.22358391471838,134.19244455459645,46067106,134.19244455459645
2026-07-14,136.203693213665,138.15327824097525,134.567816971465,135.45838050700326,9096969,135.45838050700326
2026-07-15,139.1597738548215,141.18820405733075,138.10641737985742,138.39704334225667,48999084,138.39704334225667
2026-07-16,140.03432278827324,139.8730950345702,137.39258996017168,139.40046050706144,16771675,139.40046050706144
2026-07-17,137.15622234770527,139.33522905742552,136.69906049642628,137.29625301121493,21746845,137.29625301121493
2026-07-20,138.62488336598173,140.98137597136625,135.46252097963554,138.57898048648894,44801498,138.57898048648894
2026-07-21,134.35382759987786,135.1842651837988,131.287832562225,134.59826084822393,18030437,134.59826084822393
2026-07-22,134.91583007164434,136.74833800183458,130.9353618093015,133.8536115852691,46869002,133.8536115852691
2026-07-23,134.89171725301887,135.33318607978217,133.00091371326462,133.9179500124559,29946770,133.9179500124559
2026-07-24,132.46494329551862,136.19886781002296,131.61780843236718,133.22707833203472,13205880,133.22707833203472
2026-07-27,135.36375498166979,135.87360251331597,132.34101184274064,134.70931672523915,46133789,134.70931672523915
2026-07-28,136.2971289295293,137.4241434254585,134.47885425688239,136.88262667762848,45002831,136.88262667762848
2026-07-29,136.8946262255387,137.65183139195994,135.4586129223527,136.52922235514876,13382041,136.52922235514876
2026-07-30,140.40510054272704,141.31274095463658,138.79346891674314,139.32945004716865,32141664,139.32945004716865
2026-07-31,138.23275754190772,140.19778304723633,136.42489448785153,138.2575480969954,10857729,138.2575480969954
2026-08-03,140.07195372142095,140.5572813652808,135.76410758288182,139.21325065621608,48171482,139.21325065621608
2026-08-04,141.5918938994091,141.57419719230043,139.0460321165028,140.96594235552442,45609974,140.96594235552442
2026-08-05,141.4951289062236,144.0040072612024,138.87564105476386,140.59198977201874,49237113,140.59198977201874
2026-08-06,138.25957749515075,141.9200048344205,136.65523725879194,138.91571574646528,10480181,138.91571574646528
2026-08-07,139.4027494716669,141.7905374546589,137.72768353080093,139.2719270986837,26179405,139.2719270986837
2026-08-10,136.02992313705857,137.85239180935616,134.19911731036956,136.56831194848755,33031292,136.56831194848755
2026-08-11,133.4092429250694,135.42080157787242,130.58666711469067,132.75635977410732,16025138,132.75635977410732
2026-08-12,133.11267141301315,134.28047740853216,132.1500865407054,133.4758334402055,7192707,133.4758334402055
2026-08-13,133.57168953559582,133.68203031692966,130.35409488033534,132.7786632023508,28806278,132.7786632023508
2026-08-14,133.1267643334843,134.65497332555282,130.70497003397375,133.57346637822783,19590204,133.57346637822783
2026-08-17,130.76672094463305,133.9061408600988,128.36660089076457,131.25887771236103,32931224,131.25887771236103
2026-08-18,134.73261321030316,136.15208556516745,133.08492747760906,133.74770623818299,44682647,133.74770623818299
2026-08-19,135.95690099799597,137.04392209155083,133.8263624431418,136.0946097067262,18023755,136.0946097067262
2026-08-20,134.0654385412008,137.50788770258274,133.85648876962057,134.78425408863814,31892623,134.78425408863814
2026-08-21,136.159543020436,138.9518426894939,133.94206965719843,136.11135081862557,33110805,136.11135081862557
2026-08-24,137.45791741291566,138.77856969537996,134.75073698306588,137.6608416980091,46604384,137.6608416980091
2026-08-25,135.77053090556083,137.52299026049081,132.07178327458772,135.29933156095564,32652991,135.29933156095564
2026-08-26,133.29632462234832,135.06677074834457,130.3614125937812,132.50212284183795,31753073,132.50212284183795
2026-08-27,130.55631184964992,132.33495896268917,129.86898007812192,130.8294503211374,15446135,130.8294503211374
2026-08-28,129.88084345335628,131.9773969615682,126.1245718351469,129.13842687545912,20821371,129.13842687545912
2026-08-31,125.786414241179,129.53338158156504,126.12051212788934,126.4911867313167,25421212,126.4911867313167
2026-09-01,128.0329220263544,130.61220112553875,125.28213321211445,127.5026029622226,34818017,127.5026029622226
2026-09-02,127.84873099148811,129.60970113692412,124.63982751289247,127.25429428134052,11653931,127.25429428134052
2026-09-03,131.68249765439722,133.8114113955453,128.54875716692408,130.64965634723603,45030922,130.64965634723603
2026-09-04,131.10591100134016,131.82931999811342,129.69747481275203,130.13708235486118,6533927,130.13708235486118
2026-09-07,126.9051470564806,126.54331037838804,123.24879835603193,126.06083573183247,18637998,126.06083573183247
2026-09-08,125.89017589592292,126.96922531218415,124.07617107211412,125.43656253249777,8471644,125.43656253249777
2026-09-09,128.31211855307194,130.07930592415562,127.09494386070332,128.0412284465593,28555821,128.0412284465593
2026-09-10,129.43533718362227,131.7707083817042,128.7047003756497,129.61753787145065,42106001,129.61753787145065
2026-09-11,127.60825275285343,130.29070060506635,127.96821164766673,128.41519496452884,29981006,128.41519496452884
2026-09-14,127.33740418404105,130.43170850234497,127.0899764499048,127.95638259512769,32310608,127.95638259512769
2026-09-15,127.9645342421883,130.21114129909435,124.50326651319729,127.238380246415,41422997,127.238380246415
2026-09-16,128.39839519638568,129.59952888302934,127.94960638335645,129.00384762381202,35286406,129.00384762381202
2026-09-17,128.10589356897262,129.0261255281913,127.12727514934666,127.71817578267226,44173288,127.71817578267226
2026-09-18,128.36429180475986,129.17923323513733,127.1949495658422,127.83300790474279,9863480,127.83300790474279
2026-09-21,127.13872115019247,130.66611395413318,126.21525312223493,127.67660911442111,8636267,127.67660911442111
2026-09-22,130.10148562390808,131.00716918809732,128.08691315705346,129.36238249203296,25655470,129.36238249203296
2026-09-23,123.50178817024222,124.98350541855571,122.56049013900625,123.77008315403782,6819126,123.77008315403782
2026-09-24,121.73967513275649,123.17083045014677,118.55807119720629,121.29065421152248,48824916,121.29065421152248
2026-09-25,120.39153941173973,123.55192399755153,118.96994105581449,120.75269637030095,44540415,120.75269637030095
2026-09-28,116.3799455397772,117.85390471840988,114.99743282243888,116.6464997661393,15711425,116.6464997661393
2026-09-29,115.59288843346788,116.83043135235837,112.32644224829886,115.1078591772466,33391962,115.1078591772466
2026-09-30,115.81264609124194,116.87837684881363,114.75102469410554,115.25632367999279,40142690,115.25632367999279
