Date,Open,High,Low,Close,Volume,Adj_Close
2021-12-02,127.58827010380743,130.99844912492233,127.30717404804139,127.93773704321711,16515296,127.93773704321711
2021-12-03,131.84703621500748,132.69797645610348,131.44976523963285,131.8251848903227,19510885,131.8251848903227
2021-12-06,130.94088864473184,133.95665291081443,129.28224017871412,131.11887481811024,35903712,131.11887481811024
2021-12-07,132.60752303447669,133.3319325255902,129.29991967602157,131.8050651634106,34480180,131.8050651634106
2021-12-08,129.55466709978344,132.30420340799938,126.84975651563649,129.2964070204193,25060283,129.2964070204193
2021-12-09,128.04215600234622,129.52942949352735,125.89376308074442,127.87897056917014,13776344,127.87897056917014
2021-12-10,127.46394686382874,129.03288382574107,126.5038018976572,128.43307283822702,19654835,128.43307283822702
2021-12-13,129.54526172330537,131.68543975650482,127.62925654874122,128.886715798109,46853794,128.886715798109
2021-12-14,128.62179750581558,131.6794508021656,127.18009170089691,128.59061974105626,30642346,128.59061974105626
2021-12-15,128.44497852460051,129.31247200442164,126.6935045638483,128.6558850669151,47734336,128.6558850669151
2021-12-16,126.85340692455752,128.27510226714867,127.07533463937939,127.59339101880238,20563320,127.59339101880238
2021-12-17,123.50947719706875,124.8667242072313,120.32176957477178,122.58797950394425,8812549,122.58797950394425
2021-12-20,121.32741440351914,121.64018466151701,118.82427134858911,120.99616294185255,7093135,120.99616294185255
2021-12-21,121.60558408113434,123.22022033925953,118.77331579771224,121.41728831784613,11456105,121.41728831784613
2021-12-22,119.48408723564083,120.77674171955961,117.51350032558939,119.80749576252224,47094167,119.80749576252224
2021-12-23,121.34209054341527,122.69098843689748,118.48571338875237,121.23312588136305,37844831,121.23312588136305
2021-12-24,122.06264133872965,124.62532940330969,122.23478319323753,122.53403433742908,21889624,122.53403433742908
2021-12-27,121.92422931242558,123.65532271148314,119.7414482715171,122.63245514016482,37855378,122.63245514016482
2021-12-28,120.7628703254726,123.88408273299231,120.86866396731085,121.67615023846577,38290254,121.67615023846577
2021-12-29,124.2401821817533,125.8653302686918,122.09181395004181,123.89813612701016,39239999,123.89813612701016
2021-12-30,125.41630677504112,128.4860311023561,125.19325996282384,126.17869842565787,26148948,126.17869842565787
2021-12-31,129.14981250581894,130.70854639004375,126.0493718801462,128.42744051862363,7741907,128.42744051862363
2022-01-03,128.53983458834057,131.23271781507452,128.95307461882095,129.54314091974175,42499608,129.54314091974175
2022-01-04,126.81906744806611,128.01229827554744,124.04877084112205,126.85986964771298,37331741,126.85986964771298
2022-01-05,124.76091154790966,126.95039022136335,123.62439923415914,125.02093411154985,20183759,125.02093411154985
2022-01-06,126.67839491659643,126.95580947806782,123.77823858647986,126.19059350677848,35835235,126.19059350677848
2022-01-07,129.9586179762134,130.11298219772445,126.41395217479882,129.58915333346602,25431152,129.58915333346602
2022-01-10,131.47116225813716,131.73940459672716,128.09968300216252,131.120667183558,42670428,131.120667183558
2022-01-11,132.43097639696853,133.20389734596776,130.27525129448378,132.8871716949007,15659026,132.8871716949007
2022-01-12,133.3335085509899,136.04026452580953,132.75338192818563,134.04588592916193,28787016,134.04588592916193
2022-01-13,132.84754677400386,134.32094565881317,129.58672788565045,132.80268694529343,19461676,132.80268694529343
2022-01-14,130.58592866369298,133.98424254304445,129.0577466443511,130.77286797884972,13702318,130.77286797884972
2022-01-17,128.29228711394555,130.79656065066055,125.94090037954778,129.08781316408871,44826135,129.08781316408871
2022-01-18,125.3595211285084,126.9483134660621,123.78888182727361,124.76820932620373,41101689,124.76820932620373
2022-01-19,119.55664158304194,121.12930825668046,119.52006456561939,119.94071556476592,27461905,119.94071556476592
2022-01-20,120.65425469440156,121.26429759896325,118.90870385218214,119.99336600268086,5675731,119.99336600268086
2022-01-21,120.6696264667796,121.9332788639916,120.25460667993416,121.51231677550817,10132048,121.51231677550817
2022-01-24,122.17269326184008,125.58163275484945,122.47403787624526,123.12221019643127,43626605,123.12221019643127
2022-01-25,122.63892021599744,123.12581598352985,119.67536313674248,122.51626938467524,19623419,122.51626938467524
2022-01-26,121.35072865900925,123.47280231998835,121.24759306599555,122.01527500777567,14172513,122.01527500777567
2022-01-27,122.05715616794541,125.24782238216446,121.24222768348447,122.3404185128086,9175007,122.3404185128086
2022-01-28,123.48759614900588,125.48273027940702,120.43706897786087,123.14210535451022,22816177,123.14210535451022
2022-01-31,124.42753833548466,125.2899086545105,122.60304744793461,124.51838333317201,22121453,124.51838333317201
2022-02-01,129.22062759443688,132.18045919936145,127.39471862230073,129.2157577937965,16458063,129.2157577937965
2022-02-02,126.20299095560914,128.14714938171733,125.99069665217003,126.66112120587653,17140066,126.66112120587653
2022-02-03,128.26829344952458,130.18202890282777,124.83480139149556,127.35677674679333,40124404,127.35677674679333
2022-02-04,125.15849757415194,125.858016836091,124.8979789306997,125.21450588116357,8436620,125.21450588116357
2022-02-07,125.05301279771479,127.19337681781157,123.75266108346264,125.1074961271043,13708493,125.1074961271043
2022-02-08,125.79612594320085,128.79011355422594,124.63471247058054,125.67547639237092,37676758,125.67547639237092
2022-02-09,122.81979605373212,124.39716368028223,121.62445068374635,122.95282189827493,46771121,122.95282189827493
2022-02-10,121.26133934147441,121.74926672654861,118.4065196989398,121.25557936912756,36315074,121.25557936912756
2022-02-11,120.94541575042871,123.49947596096762,119.68045337224254,120.49174082827527,43355932,120.49174082827527
2022-02-14,123.49728017340365,125.6614010111805,123.27386782104851,124.16751793746472,41841566,124.16751793746472
2022-02-15,121.54507176786976,122.50271394137857,118.80655076817882,121.30737752199207,42283754,121.30737752199207
2022-02-16,119.74331121952612,121.73462221263722,117.92940485427756,119.81603287763524,22295105,119.81603287763524
2022-02-17,121.57983283405076,122.52026181250143,119.57082553720907,121.30766562030273,46489523,121.30766562030273
2022-02-18,126.97552629973411,128.41037171086572,124.18626865669209,126.34481566938,12185687,126.34481566938
2022-02-21,130.46283894401463,131.63970633504948,129.7524089911944,130.61878736652997,30599551,130.61878736652997
2022-02-22,133.94938633822068,135.28724503634382,132.22715825488402,134.91540888486753,6967662,134.91540888486753
2022-02-23,136.35917317078562,137.06893966421035,135.05964674445232,136.04146029577362,16780027,136.04146029577362
2022-02-24,135.61310881243193,138.52837256271565,136.21332370307542,136.51928922577113,27404932,136.51928922577113
2022-02-25,135.1673720858248,135.16600553830366,133.63661914986054,134.2847193070611,40722467,134.2847193070611
2022-02-28,133.94593395212502,137.1018084355077,133.1871486077218,134.86810792067882,32715559,134.86810792067882
2022-03-01,131.9145672883375,136.08471127724962,130.40007164826233,132.8852995435681,47408182,132.8852995435681
2022-03-02,133.4757867918165,133.03738449771527,131.82950408241416,132.43657986151345,15452682,132.43657986151345
2022-03-03,128.77087299761538,129.10094248288033,127.65974964206514,128.5538697894254,27479118,128.5538697894254
2022-03-04,127.6480602211994,129.63724063309925,127.96109971048486,128.50569343815448,9511281,128.50569343815448
2022-03-07,124.72967053532612,126.29621060244844,122.43509356974207,125.48903899070436,23263817,125.48903899070436
2022-03-08,127.83838699949256,130.45277211435706,127.00906842732431,127.96364059522791,48892347,127.96364059522791
2022-03-09,121.83334035699903,124.22224489431133,120.07331857992274,122.68891850027978,25397012,122.68891850027978
2022-03-10,121.75451623331058,122.4499284747506,118.28718222531272,120.8124763983788,49321096,120.8124763983788
2022-03-11,122.18031717763438,125.03841094311927,120.54074814742904,122.59399672328325,28385762,122.59399672328325
2022-03-14,117.93573886169926,121.0094161473422,115.92824383640574,118.32984318228813,6447411,118.32984318228813
2022-03-15,118.76331474661416,120.81040787960836,116.03101089261514,117.94735241502086,40229804,117.94735241502086
2022-03-16,119.98823823882866,120.11816071928833,118.57298721559481,119.67141887628182,29635419,119.67141887628182
2022-03-17,118.35791918773265,119.55898261579244,117.65854211918273,118.85335057137952,35856918,118.85335057137952
2022-03-18,120.25108685535852,120.26513639999142,117.19463632851829,119.40041852972114,40389172,119.40041852972114
2022-03-21,116.44927610616153,119.1470153222807,115.32913575052838,117.30056996153623,8053136,117.30056996153623
2022-03-22,118.80458366193301,121.5060256968461,118.25396629792225,119.49042585975432,11215367,119.49042585975432
2022-03-23,117.32307874642603,118.04783591557856,114.4981362364771,117.14530081948173,10762368,117.14530081948173
2022-03-24,117.70812301274802,118.64028847457278,116.24937966345277,117.08373164246754,10316159,117.08373164246754
2022-03-25,113.93110415686982,116.1020572124629,112.07094893826155,113.69283139186942,28294336,113.69283139186942
2022-03-28,112.86778246376069,113.84565267251044,109.99773785812863,112.55574670165456,42407922,112.55574670165456
2022-03-29,116.0778890539242,117.10323217422976,112.93702610657336,115.16970922297556,28030387,115.16970922297556
2022-03-30,120.31418331684117,121.82230828651046,118.4542194816992,119.79008223023327,15996890,119.79008223023327
2022-03-31,120.1454509438206,121.60269714882989,117.25725087761437,119.28441181436605,44616880,119.28441181436605
2022-04-01,118.38099075248829,118.99052889147815,117.42071130816676,118.5444711334764,20577876,118.5444711334764
2022-04-04,117.73861329466052,118.74147355317523,115.46582410940225,117.04353357401679,34714777,117.04353357401679
2022-04-05,114.37651119685627,116.80843439232622,112.61260039663955,114.014415864829,38187030,114.014415864829
2022-04-06,111.93934154058077,114.41734712100782,110.02703140137719,112.23651768582381,31254997,112.23651768582381
2022-04-07,110.97338639947937,112.51198851119842,109.65706056338477,111.56671199339577,17001079,111.56671199339577
2022-04-08,115.89553621152666,119.09717118706129,113.82886625841789,116.55524394138187,45281083,116.55524394138187
2022-04-11,118.95512896615251,119.87346540865083,118.4756190501596,118.89971754996753,35562367,118.89971754996753
2022-04-12,119.39276309922066,120.16696824188706,117.41681464261421,118.99145595279067,43101723,118.99145595279067
2022-04-13,114.10270833205747,116.66887119671819,112.24278519469034,113.83788712117503,36050451,113.83788712117503
2022-04-14,112.84837299281233,114.93730853194876,111.16594923830927,112.7567107138194,49192239,112.7567107138194
2022-04-15,112.9588899837999,115.63077143889181,111.97981535716303,113.12825367171935,15182849,113.12825367171935
2022-04-18,117.16775432061729,119.14392192571493,114.83916363316312,116.85781073298077,33219064,116.85781073298077
2022-04-19,115.83378731673565,116.7287980398886,115.4058743824928,115.68173316323781,39825199,115.68173316323781
2022-04-20,116.80676440147894,118.11622003397018,114.03543559595018,116.1927676823535,24977072,116.1927676823535
2022-04-21,111.6045323172967,113.65292565060703,111.720691984502,112.27047512555882,8180531,112.27047512555882
2022-04-22,112.17802762098204,112.78180423018323,111.38391928917056,111.93174003008733,16436208,111.93174003008733
2022-04-25,109.97431930842052,110.31668259423566,108.96190715152365,109.6124861650546,40760991,109.6124861650546
2022-04-26,110.49183286329071,111.11439316478148,110.02098862110681,110.49038053677816,24070910,110.49038053677816
2022-04-27,110.59897594642833,111.28883846270783,108.49024840654496,110.81429242992468,41630764,110.81429242992468
2022-04-28,115.44928592063927,117.73996199051051,112.52240833204827,115.04815243698265,48012404,115.04815243698265
2022-04-29,111.00793252405049,113.7786948646128,109.15158399643141,111.86419125813289,21684125,111.86419125813289
2022-05-02,111.98268827733698,112.37964156275291,110.15053128687504,111.80632722348642,24811287,111.80632722348642
2022-05-03,111.34525390295005,113.00699996096455,108.57045737924975,110.72586663853745,32628850,110.72586663853745
2022-05-04,112.07138572164338,112.95673840283179,110.7485652027798,111.32662090500084,44536311,111.32662090500084
2022-05-05,112.06341115206627,114.6209892130639,110.72448133794857,111.86518604330772,40463913,111.86518604330772
2022-05-06,111.86894822728094,113.30271472744285,110.74662181012198,111.37156789960173,42112572,111.37156789960173
2022-05-09,109.52392685656649,110.51052833305536,108.6958036428013,109.45304632613153,34667711,109.45304632613153
2022-05-10,109.01814939426201,110.22776912641469,108.79948885073202,109.16473192844067,8207892,109.16473192844067
2022-05-11,107.50432083922001,110.09531900624108,106.94934308019454,107.97917883446763,49604930,107.97917883446763
2022-05-12,108.79034019377293,110.80566723236858,109.17076742051476,109.56969583979571,12925572,109.56969583979571
2022-05-13,110.59269237214623,111.68943600771239,108.58426473600613,109.96955705331136,27002673,109.96955705331136
2022-05-16,113.17946810836601,115.55733808186861,111.33875791240118,113.11130130721696,26555485,113.11130130721696
2022-05-17,113.36805761922143,116.14121498673747,113.45247144018096,113.88447541695521,38383679,113.88447541695521
2022-05-18,114.45767158399207,115.647437513375,113.95955093070472,114.67382616012523,39619293,114.67382616012523
2022-05-19,116.6822311767564,119.1282276774202,115.42541904278583,116.83632729747998,7457590,116.83632729747998
2022-05-20,113.96938001282803,115.20135908576503,113.65215095244356,114.18298237584003,47787399,114.18298237584003
2022-05-23,115.27555062335567,118.59835286023697,115.16871116582723,115.95605992973623,22124779,115.95605992973623
2022-05-24,115.94654824737519,119.30443760760997,114.90952171596787,116.87858539174664,29803388,116.87858539174664
2022-05-25,114.05778824650955,115.31495470155149,114.10833931126281,114.49712639229472,41943251,114.49712639229472
2022-05-26,113.40789675694984,113.78206750566687,111.07866788869896,112.6454967894639,14181955,112.6454967894639
2022-05-27,114.35727061922509,116.50035779509139,112.121417962806,114.85879086075695,24156822,114.85879086075695
2022-05-30,116.38567323813652,117.5517032020191,115.3837675939489,116.45964840854599,42495438,116.45964840854599
2022-05-31,111.46467968344476,114.25265065174477,110.72676107549881,111.89676651187885,27214707,111.89676651187885
2022-06-01,113.42384638535081,112.8397968347504,111.11394940219051,112.59911752389601,7899183,112.59911752389601
2022-06-02,110.77237148556294,112.00706086851602,108.85283358109245,111.00576579268684,6733254,111.00576579268684
2022-06-03,108.44810842559392,110.1142284632046,106.66295774196124,109.22821469883958,34316799,109.22821469883958
2022-06-06,108.29570251614892,109.56383400065887,106.98443029802107,107.87969636859677,41335996,107.87969636859677
2022-06-07,104.94816371737181,107.56656174825342,102.6202403391242,104.95189454918317,30277938,104.95189454918317
2022-06-08,105.7317753524716,107.6636547780466,103.16909239342905,105.09546079644396,31729093,105.09546079644396
2022-06-09,106.02362151514049,106.29678504347198,105.44184983579993,105.84933837804341,10412560,105.84933837804341
2022-06-10,107.28202724892813,109.13916759344531,104.8282371371941,106.96851780424862,24048294,106.96851780424862
2022-06-13,109.42459985674972,110.34191586055904,107.00632507232275,108.77853033006177,8471505,108.77853033006177
2022-06-14,106.29610805921938,107.81875509472104,105.22302464625156,107.05423602505662,11134478,107.05423602505662
2022-06-15,105.89129495477913,107.25853084683456,103.5573574371547,106.0399725478304,35753559,106.0399725478304
2022-06-16,104.63837894907176,104.68350422538958,103.00370188441279,104.3049150112884,25151102,104.3049150112884
2022-06-17,101.72404385248409,104.43167542870475,102.16347349134043,102.42532187704374,28679801,102.42532187704374
2022-06-20,103.40217194751519,106.15814079650598,101.49131932024275,103.98520681564257,14866381,103.98520681564257
2022-06-21,104.53090335540104,106.16981945356508,103.45842750918615,104.49026711795993,9287692,104.49026711795993
2022-06-22,103.94555828966257,105.04725094891828,102.397774265885,104.38061263330665,24915098,104.38061263330665
2022-06-23,103.54034151188951,105.54263212971188,103.09727078172601,103.34753703897205,14819421,103.34753703897205
2022-06-24,101.95678243847108,103.11380183834406,99.61496469290756,101.82034718318101,20248890,101.82034718318101
2022-06-27,98.69018088200951,100.50199350343819,97.25400876490019,99.27511991196651,45524326,99.27511991196651
2022-06-28,98.14149490661123,98.61889495462874,95.99528640714834,97.85537721356063,12126967,97.85537721356063
2022-06-29,100.65049388386383,102.42430257635331,99.21797081235054,101.10945951634582,31659261,101.10945951634582
2022-06-30,102.16805679378413,102.79947104836891,102.30356427131359,102.56855656783202,9283406,102.56855656783202
2022-07-01,103.85676549593201,104.68323119114069,102.02423382860094,104.11479443618147,21872206,104.11479443618147
2022-07-04,104.45421092585916,107.00542707189388,102.95463677592673,104.60921615619306,22580401,104.60921615619306
2022-07-05,104.88322923645916,105.09096121362278,101.98996309585891,104.55579225592707,15237098,104.55579225592707
2022-07-06,104.73685018927029,106.13186811923497,103.65134024089016,105.15045691666774,10851361,105.15045691666774
2022-07-07,103.38891103439224,105.23505267016267,100.43483586097152,102.7873962360902,24953286,102.7873962360902
2022-07-08,98.28314739435795,99.17044769149872,96.55724787030857,98.54717276550437,48650023,98.54717276550437
2022-07-11,99.58908170044468,101.58964412509262,98.38195218626616,100.04739005308538,13079465,100.04739005308538
2022-07-12,100.67200862530586,102.72832949158614,97.95757152115348,100.33325348445143,28833229,100.33325348445143
2022-07-13,103.19735649985067,103.67964205593023,101.21780541852839,102.51695778386038,6229481,102.51695778386038
2022-07-14,100.49450551485742,102.00474808646133,99.72725918217414,101.0235256547446,36459877,101.0235256547446
2022-07-15,100.3169640514265,103.25861091376673,100.24111459281443,101.03060332912908,45467028,101.03060332912908
2022-07-18,100.48174877301324,102.16233000742861,99.19445739528315,100.7946566148697,46387801,100.7946566148697
2022-07-19,101.90567327190628,103.58108259826604,99.79764105216633,102.22197605390326,46866508,102.22197605390326
2022-07-20,101.03158505689083,101.10844251052305,99.9747325266902,100.78517931699541,10107572,100.78517931699541
2022-07-21,99.45735497961427,101.7427422826151,98.2412195195197,99.77595995888056,12213453,99.77595995888056
2022-07-22,98.00645894281259,99.0725010927451,96.2261871680575,97.23323431246763,38697193,97.23323431246763
2022-07-25,96.10612373733952,96.02458971124763,93.86199801919886,95.70159901388959,9510406,95.70159901388959
2022-07-26,96.01857814859014,97.95634385820324,94.53760807822005,96.51540450707743,40918596,96.51540450707743
2022-07-27,97.03690752237002,96.87820147444154,95.21790346331468,96.28488258061952,49625976,96.28488258061952
2022-07-28,97.62937774690248,99.37942607664286,96.13982683325041,97.91867363909282,16000550,97.91867363909282
2022-07-29,95.75678157888713,98.30937460272385,93.74051653999597,96.12219958128611,22258229,96.12219958128611
2022-08-01,94.01773780382679,96.32080921249249,92.82810494032023,94.39950898172876,25265099,94.39950898172876
2022-08-02,93.75072080278314,94.35209452904877,92.8101241368363,93.78770283850496,5289917,93.78770283850496
2022-08-03,92.50355725383501,94.51009075142943,90.45933453088166,92.54124932930807,43236541,92.54124932930807
2022-08-04,89.27832594606642,91.43667710672223,88.17011906330335,89.66619766929209,41471260,89.66619766929209
2022-08-05,92.42396249109379,93.8548210991501,90.36877138577309,92.13584292519467,33682152,92.13584292519467
2022-08-08,91.15412608043947,91.2580883426884,88.60928247084219,90.834635724173,9579274,90.834635724173
2022-08-09,90.82278914987265,90.36161993055256,88.28925047752719,90.1686094448077,45012744,90.1686094448077
2022-08-10,90.16842019990011,90.50319862791777,89.73651350628052,90.06686306811129,9088529,90.06686306811129
2022-08-11,90.32345942473206,92.12582198996006,88.861081299007,90.17387902272164,31998917,90.17387902272164
2022-08-12,91.68395367150211,93.97482592816019,90.08119431554873,91.72999068608355,9419142,91.72999068608355
2022-08-15,93.1515134914268,93.75307522565377,91.84676324292185,93.51782300393462,21476945,93.51782300393462
2022-08-16,90.95250421511196,91.89696113128831,88.28432797863022,90.23792952094672,38529505,90.23792952094672
2022-08-17,88.84644968769021,90.90445217276303,87.69393819722922,89.50344361004332,38974553,89.50344361004332
2022-08-18,89.66718737979379,90.29243882020363,88.43055996942932,89.09858484653249,25069048,89.09858484653249
2022-08-19,87.04859648035495,89.42571811315776,86.63139630787309,87.66554627634213,33965435,87.66554627634213
2022-08-22,85.95038869594931,88.08602574910833,85.3510289181187,86.41048716241727,18377143,86.41048716241727
2022-08-23,87.09519850343742,89.02688111984774,86.74102948253822,87.67964199590983,38911902,87.67964199590983
2022-08-24,86.6010749122201,89.21697230438825,86.60720065839998,87.23699263808841,29637964,87.23699263808841
2022-08-25,88.17919203850133,89.4913113617515,85.59266577097125,87.7561608258212,36383202,87.7561608258212
2022-08-26,87.71993440429925,88.36416321070445,87.3482178980489,87.95172186254686,22002440,87.95172186254686
2022-08-29,87.67648191090802,88.68270259203783,85.52834262753855,87.06105574257795,39866198,87.06105574257795
2022-08-30,89.18551607598262,90.87240193393548,89.36604094511152,89.84248921870412,44228928,89.84248921870412
2022-08-31,88.87603506262916,89.4571016105711,88.50112147092916,89.13394141224914,44925066,89.13394141224914
2022-09-01,87.87086830255491,89.1406435369565,86.24929902621781,88.06598946360594,23034903,88.06598946360594
2022-09-02,88.48725662716122,90.21885689066997,87.17079007000027,88.19429958971502,39379036,88.19429958971502
2022-09-05,91.22927602705731,93.08652879680912,89.54864028387264,91.19842609603717,35784697,91.19842609603717
2022-09-06,91.43666507740778,93.7693112915323,91.2886498392231,91.73293640141215,33053278,91.73293640141215
2022-09-07,89.48089159179071,91.13288909818647,87.55204063922001,88.93977425709478,42443925,88.93977425709478
2022-09-08,88.43744743167031,89.52633961279992,87.62544104268913,89.10329557071321,23158563,89.10329557071321
2022-09-09,90.2903232671267,91.63095760212939,88.87184911616491,90.47836181164882,48730831,90.47836181164882
2022-09-12,89.01781948537807,90.04037831284423,86.97762824618101,88.81036784290552,20462629,88.81036784290552
2022-09-13,86.56358007528713,87.5438587089338,86.062209493443,87.15472308701936,19876282,87.15472308701936
2022-09-14,87.39720463999954,88.23625095898421,86.5250097663558,87.66772780780597,33025004,87.66772780780597
2022-09-15,86.95438047688911,87.61061941571135,85.91029849543165,86.61594374537373,47360368,86.61594374537373
2022-09-16,86.17838404414731,88.39468612536156,84.94915330552618,86.8723151670686,11851807,86.8723151670686
2022-09-19,88.29024675057465,90.15524781241704,88.05129046481777,88.50605809797678,44329357,88.50605809797678
2022-09-20,89.2039891210038,91.69234704841932,88.9451276059018,89.62859754207103,29413493,89.62859754207103
2022-09-21,90.74627670775033,92.76386250374614,88.61086959018299,90.7358689918177,25893612,90.7358689918177
2022-09-22,91.48097811544827,91.57026617456842,90.80076819626241,91.03916608242803,23357264,91.03916608242803
2022-09-23,89.8237017155445,90.82825199760687,88.46424723989209,89.87532086770246,7179864,89.87532086770246
2022-09-26,90.89494818127577,92.98163000293667,89.84897868090954,90.82959643589861,44079258,90.82959643589861
2022-09-27,91.961099533005,94.08898036824122,91.32755764236275,91.9044158036228,43453057,91.9044158036228
2022-09-28,91.61388581860015,93.47783556814947,91.19413736171347,91.99058948374542,41854320,91.99058948374542
2022-09-29,89.95634764796723,92.03189664333583,88.70860682030714,90.55687784859639,6264269,90.55687784859639
2022-09-30,90.14612307277521,90.85109580662832,90.24734027595088,90.6082241635626,44553921,90.6082241635626
2022-10-03,89.62513534743795,91.07183203292743,88.29360721196838,89.08694478273186,27630665,89.08694478273186
2022-10-04,90.55488980236265,91.60581261450928,89.76051645071992,90.4605290039397,32601047,90.4605290039397
2022-10-05,92.11947294358639,93.84469034232933,90.69348618034465,91.90865069031528,9822517,91.90865069031528
2022-10-06,90.23173042410518,92.99293115795673,88.97268638415174,90.79665766919311,24432555,90.79665766919311
2022-10-07,92.0529061133383,92.39232418542636,90.57699713044103,92.04821046265812,12343315,92.04821046265812
2022-10-10,89.62763009239363,91.67374469293972,89.29789783875907,90.04578774523407,45121559,90.04578774523407
2022-10-11,91.11528230765443,93.80161818163624,90.02999852554994,91.7770179286555,37327773,91.7770179286555
2022-10-12,94.22911927893202,94.65172851740314,91.92609318419044,93.53292309302866,21303409,93.53292309302866
2022-10-13,94.52044975599573,95.89101321496724,94.17231356388717,94.55460802954768,45112823,94.55460802954768
2022-10-14,96.82134072430611,97.00828906418502,94.3470921598501,96.18930908608354,45614420,96.18930908608354
2022-10-17,96.51397680331343,97.44193335700486,95.11516226303831,96.76678581076202,45740041,96.76678581076202
2022-10-18,98.78390497624272,99.71625421645159,98.02159117607916,98.41788594390925,6568767,98.41788594390925
2022-10-19,102.23615888164751,104.95719322013238,100.56760145379927,102.7123986632636,42917854,102.7123986632636
2022-10-20,102.42050552415371,103.1563786617048,101.79385174004705,102.73038566981275,21039629,102.73038566981275
2022-10-21,104.125631960863,104.82370573082501,102.73448434595166,104.2109074544747,41893910,104.2109074544747
2022-10-24,103.10216698715878,104.34544342063903,101.35686132893068,103.57919173354117,15663704,103.57919173354117
2022-10-25,101.62359781716732,102.1826710416724,99.43282447335783,101.31345770440126,32103455,101.31345770440126
2022-10-26,99.85214303751775,102.136478984037,99.96630404501745,100.65713490845921,43912020,100.65713490845921
2022-10-27,99.23802218495031,99.61517895288014,97.32730848550138,99.2552981856471,47069353,99.2552981856471
2022-10-28,98.39665293890138,99.39623042924248,96.59372763267896,98.07531514479793,47898826,98.07531514479793
2022-10-31,98.39020830135614,98.90251385195559,96.85614350310432,98.67489078428416,13848409,98.67489078428416
2022-11-01,95.84829852095784,97.82378055133363,93.65689359282527,95.94522789725715,18830099,95.94522789725715
2022-11-02,95.11683253531035,97.65798059031029,94.71603596912723,95.82441645783729,48903373,95.82441645783729
2022-11-03,97.94687671049134,98.28323816828348,96.27171258529695,97.67973698738854,20089787,97.67973698738854
2022-11-04,92.86584363117912,93.46717384061186,91.846254473391,92.99766965552298,20261770,92.99766965552298
2022-11-07,92.6186830715084,93.2892319347918,91.60043047463358,92.43822024706513,13602092,92.43822024706513
2022-11-08,90.88463340554787,91.0017066500879,88.82469042098862,90.753453731113,6122721,90.753453731113
2022-11-09,90.50605421131768,91.37466642504536,89.7542050084534,90.65622897580714,46372269,90.65622897580714
2022-11-10,94.05988691134355,95.51748703157173,93.54433442866176,94.02395679429674,11077018,94.02395679429674
2022-11-11,96.19075798595948,97.60939845477587,96.51918673028116,96.7195628582379,12905296,96.7195628582379
2022-11-14,97.25922948459578,98.19401452227669,97.58953477939122,97.9207155457803,27148095,97.9207155457803
2022-11-15,100.40024065036152,101.54993368973993,97.83920095380212,100.19427539500654,37213584,100.19427539500654
2022-11-16,101.59945677897352,101.84106074874542,98.83357870419853,100.8060249080613,41450328,100.8060249080613
2022-11-17,100.78343805308545,103.07788390137388,98.77531488012075,101.02352443501674,41365245,101.02352443501674
2022-11-18,100.74209569741254,103.7467392189335,100.6391347846363,101.27695011744507,49338103,101.27695011744507
2022-11-21,103.55085123754178,105.8389704527655,102.17111245941476,104.37207013566106,18803229,104.37207013566106
2022-11-22,102.75948911138197,104.35356101203102,100.66215804573218,102.744503645904,38233813,102.744503645904
2022-11-23,103.54791066645488,104.9637362544866,103.38607094986557,104.10628808742366,22913003,104.10628808742366
2022-11-24,102.40946309595232,104.74382893431354,102.84212376279035,103.06535093374542,18259225,103.06535093374542
2022-11-25,103.82858320661529,105.94750917771708,101.25145928735832,103.41449150700689,32331139,103.41449150700689
2022-11-28,105.8535104110534,107.36720899856986,103.5419832182685,106.13410674800494,30930791,106.13410674800494
2022-11-29,100.63931705196217,102.41510039685161,99.11481886661811,101.26996936832408,42509225,101.26996936832408
2022-11-30,100.3675715011623,101.9576197112241,99.0110831269974,100.98292788947315,44018747,100.98292788947315
2022-12-01,99.22304437798114,101.47956658736564,97.34305002593726,99.26028096849957,43643348,99.26028096849957
2022-12-02,98.31550864205337,100.7992675176366,97.51839634136124,98.63334099521013,8358632,98.63334099521013
2022-12-05,98.96783890775346,100.6383966494439,96.26871951434366,98.22826723296349,46464557,98.22826723296349
2022-12-06,98.87570969608375,101.10093782495359,96.78852787464496,98.87120423107399,41852671,98.87120423107399
2022-12-07,97.2376153275786,99.15107517520521,95.05786530996899,97.04572164259618,20939425,97.04572164259618
2022-12-08,95.34703430187277,95.08981489853078,93.62568488661228,94.60022612729477,22012179,94.60022612729477
2022-12-09,96.4445895501158,97.3686998401627,95.08799412268964,96.86641054930853,38563209,96.86641054930853
2022-12-12,92.4569839808993,93.12754585299743,91.59980722412703,92.90788966523638,21010625,92.90788966523638
2022-12-13,92.80838091451021,92.4249495303968,89.79218001316794,92.07500881639594,5172096,92.07500881639594
2022-12-14,95.53434821477272,96.5529990387591,94.44477357028671,95.004250747882,21590502,95.004250747882
2022-12-15,96.67055148866692,97.05616819385762,95.08656863655919,95.91239415816587,33819638,95.91239415816587
2022-12-16,94.64413378216216,96.22541871226483,94.75875594393922,95.17382532586434,20472531,95.17382532586434
2022-12-19,93.45178078958959,93.75131538213677,91.74544941909492,93.1738511644615,32325445,93.1738511644615
2022-12-20,91.11818882279532,91.823261393678,89.62991145314575,91.51121371448822,42121502,91.51121371448822
2022-12-21,92.41588699172739,93.7853956927723,90.61828690257427,92.27951452877099,8490274,92.27951452877099
2022-12-22,90.42360258612763,91.66558523323714,88.98505578672841,89.74836919917104,25304099,89.74836919917104
2022-12-23,90.72491138410993,92.49465232234714,89.2750368083309,91.1489128027488,7568627,91.1489128027488
2022-12-26,91.9272250020646,93.07807511731886,89.54360918210035,91.6459456708656,40865279,91.6459456708656
2022-12-27,90.68029731515473,92.20637694733871,89.6178425350984,90.18010968207722,34031230,90.18010968207722
2022-12-28,88.7931773206283,90.82170702685795,87.70862279172856,89.48693857896436,21973295,89.48693857896436
2022-12-29,89.51054854027096,90.70635554107635,88.3274895371477,89.24669762987044,7544215,89.24669762987044
2022-12-30,89.1755384144474,90.81731608295719,88.02595855577891,89.24812859205628,49488164,89.24812859205628
2023-01-02,85.91605566843998,86.63727967037546,86.18013225010736,86.39131589061812,24240752,86.39131589061812
2023-01-03,83.82489277908456,85.16835582176199,83.66206062953874,84.29183182194426,14981914,84.29183182194426
2023-01-04,83.00948472523272,84.32958727349755,82.87366938840114,83.28878452272365,14119091,83.28878452272365
2023-01-05,81.36983828331051,83.70416304028417,80.94833093280236,81.9779769329975,27709107,81.9779769329975
2023-01-06,81.98255787880854,82.02775677751634,80.76752438760776,81.77360633398352,9759919,81.77360633398352
2023-01-09,81.5706841782853,81.38362161115609,80.01192215011042,81.18256548301622,16199300,81.18256548301622
2023-01-10,81.52095197554746,81.56094234291263,80.79871851606178,81.25786800824771,22514103,81.25786800824771
2023-01-11,78.8187769560588,80.28321226725785,77.9995791632405,78.99817044869815,20657769,78.99817044869815
2023-01-12,76.2245750615597,76.52995449048849,75.48919624832439,75.86420647055945,36884150,75.86420647055945
2023-01-13,74.19876522843293,74.23830250240462,72.39738506811148,73.72188766359233,29781730,73.72188766359233
2023-01-16,75.02488241750693,76.45601408120203,74.06861156024767,75.20747799691024,39645363,75.20747799691024
2023-01-17,77.67968106078061,79.00699464696297,76.12557733816685,78.02731194085108,11085359,78.02731194085108
2023-01-18,79.30392153740637,79.30628952399579,78.25263378818559,78.6918150492156,5091282,78.6918150492156
2023-01-19,81.13225650183335,82.1611908563443,79.6254367050194,80.86118694909547,25262190,80.86118694909547
2023-01-20,79.92120931177725,80.05037309613854,79.14342069956407,79.30345867120019,34258689,79.30345867120019
2023-01-23,77.76128378023192,79.2112009003738,75.86854234259194,77.5423681832156,32861271,77.5423681832156
2023-01-24,78.39633058852657,79.17260342931795,76.9504561958372,78.05104982236482,37679480,78.05104982236482
2023-01-25,76.7420324292341,77.49537904857421,75.24996601452783,76.87827224750487,13911320,76.87827224750487
2023-01-26,76.62383799557352,77.5966225595971,75.14935789460596,76.5561969157323,34713772,76.5561969157323
2023-01-27,75.918590440316,77.58716273536783,75.68904509618804,76.36901213409091,33030410,76.36901213409091
2023-01-30,76.3169720732449,77.47376549998731,75.99746068743801,76.42344266031598,31466310,76.42344266031598
2023-01-31,76.22427733878298,76.98259844239863,74.62626675542514,76.05703321683436,45411418,76.05703321683436
2023-02-01,74.91144695128864,76.38153770393728,73.56257241697554,75.15721861239203,40253951,75.15721861239203
2023-02-02,78.96164891919427,79.48012074253991,77.32823607719027,78.58333097337655,49941537,78.58333097337655
2023-02-03,80.25806304886945,81.74756913829337,78.98658273824766,80.89672798114638,41335974,80.89672798114638
2023-02-06,84.8149258786999,85.461641956328,83.03214597418923,84.61447449772012,23411147,84.61447449772012
2023-02-07,84.35416293948255,85.18655038991204,82.69170344254177,84.14999847769634,45179990,84.14999847769634
2023-02-08,85.1656839742603,86.21240650302715,83.98435267872982,85.19852851330906,20560093,85.19852851330906
2023-02-09,84.33636092650995,85.75083771955754,83.66765462418154,84.76865921429369,26209690,84.76865921429369
2023-02-10,84.98442674552979,86.6526525403442,82.95979870625058,84.75022650448112,24779322,84.75022650448112
2023-02-13,84.9252517513212,85.58083117754592,82.29209517894249,84.3368225362075,41624952,84.3368225362075
2023-02-14,83.6077020957226,85.05411838171435,81.79700795050239,83.28677322311707,11520576,83.28677322311707
2023-02-15,85.06258983423197,85.15753740336015,83.23507219130416,84.53457236155496,39231924,84.53457236155496
2023-02-16,82.69757013364298,83.48697279070625,80.69377514280814,82.56836452482806,16095506,82.56836452482806
2023-02-17,82.80661606440711,83.78325758370396,81.39744407210354,82.52362918607152,19737177,82.52362918607152
2023-02-20,83.89354295831922,83.94333502540054,81.84125116489949,83.74525755446184,48573791,83.74525755446184
2023-02-21,83.7041717590863,85.2748844526831,81.84654889770592,83.30882234246816,5623011,83.30882234246816
2023-02-22,83.3177746542134,84.64907920568675,81.99870190378203,83.16976630042439,7411840,83.16976630042439
2023-02-23,83.07078600363143,84.53388726275908,81.32166008933837,82.77006953724037,12948966,82.77006953724037
2023-02-24,82.35014989817957,84.46152881619824,82.49278718487228,82.94657232551033,10380322,82.94657232551033
2023-02-27,80.67001735637498,82.41263404678388,79.79469629734612,80.94210547599234,19238945,80.94210547599234
2023-02-28,81.00242447922378,83.06377663917482,79.11347006651901,81.05231028343536,7146818,81.05231028343536
2023-03-01,80.32683663078427,82.4368046947893,79.0320118671873,80.63936969829895,12302401,80.63936969829895
2023-03-02,80.76824129797076,82.63150266817371,80.3977631880989,80.67804764807349,27252677,80.67804764807349
2023-03-03,76.84055250845283,78.30887979948666,76.51129164169008,76.68362173468454,23016963,76.68362173468454
2023-03-06,77.63627549615406,77.65241628245053,75.68514249645472,77.1372121091392,26846110,77.1372121091392
2023-03-07,78.10600611600073,79.92066157758379,77.2413976182054,78.73305605502932,48465521,78.73305605502932
2023-03-08,81.33979775441837,82.67777997790624,80.7666113139309,80.99067511884805,14884652,80.99067511884805
2023-03-09,84.0575738891473,85.45108439756757,83.35838924065206,83.54922159898453,37432012,83.54922159898453
2023-03-10,83.86722813123096,85.10269793217714,82.32204823365656,83.67531427724244,40742851,83.67531427724244
2023-03-13,83.12390464065619,83.16647132781752,81.0012032723385,82.93993465322656,12163327,82.93993465322656
2023-03-14,83.66595670044485,85.56854229332728,82.61946789687038,83.98697604889672,47330936,83.98697604889672
2023-03-15,81.43233714667022,82.90373482128318,81.01718674032082,81.72460369401753,37301706,81.72460369401753
2023-03-16,81.54139979064836,81.67911580261216,79.30574891618326,81.31188071609499,36491649,81.31188071609499
2023-03-17,83.75929507070269,83.67266969694356,81.27988423271822,83.33894476209781,42700118,83.33894476209781
2023-03-20,84.80275807325077,85.98559981602219,84.14572881219975,85.20545280072157,6605576,85.20545280072157
2023-03-21,84.4998362374097,84.62918995683913,82.61528115560712,84.12836522387273,29897077,84.12836522387273
2023-03-22,84.62011733263981,85.94990044410939,84.11005287880512,85.2384964535536,35401704,85.2384964535536
2023-03-23,86.18925871268404,86.93557529029117,85.03520880538694,85.98387220997101,19439955,85.98387220997101
2023-03-24,85.96685230040111,86.02826709435354,83.6694120775459,85.35937225061807,36167433,85.35937225061807
2023-03-27,86.75396765220617,86.92312819374557,85.21569880018541,86.10845990694041,47205311,86.10845990694041
2023-03-28,87.92851286564596,89.43180094939183,88.24661337140455,88.51976986336986,23269267,88.51976986336986
2023-03-29,89.47096729190875,91.21395605032191,88.33653364838804,89.94195041845914,10619621,89.94195041845914
2023-03-30,91.61203638152938,93.48593558233028,90.94618790965274,91.27888604897215,5940065,91.27888604897215
2023-03-31,89.58822774315156,90.0129592882955,88.5117149930526,89.69219538410637,18075985,89.69219538410637
2023-04-03,90.01154464154047,91.58421732442402,87.97318656522111,89.72547734702236,44683004,89.72547734702236
2023-04-04,89.02995005716456,91.16778122847887,87.09639515293307,89.10835435135023,20471452,89.10835435135023
2023-04-05,91.92458531109597,91.67940827904513,90.6001832951883,91.33305543343083,11957640,91.33305543343083
2023-04-06,91.45779334985353,92.73185747061687,89.69846818073671,91.98586640529402,30195716,91.98586640529402
2023-04-07,90.40325340086817,91.36377335687104,89.53829759173104,90.5806414758208,9193647,90.5806414758208
2023-04-10,89.88144746971496,90.33823744071708,88.13143899689008,89.71557786071523,34287709,89.71557786071523
2023-04-11,89.96495821430854,90.18758926298068,88.14494634447023,89.75719639619355,41941039,89.75719639619355
2023-04-12,89.40535983117404,90.460673791296,88.71847529433218,89.46185929319024,7776639,89.46185929319024
2023-04-13,89.59394729846872,91.36523908447164,88.34269006369746,90.04865318684924,16382350,90.04865318684924
2023-04-14,90.62782900084999,92.24190741802244,89.03424414855469,90.25465775254565,5448908,90.25465775254565
2023-04-17,88.09027929689525,88.92785780901363,87.14913073207495,88.47035991001312,14085885,88.47035991001312
2023-04-18,91.2164191800305,93.13570548445726,90.00001099674544,90.88479912885711,14609510,90.88479912885711
2023-04-19,91.68274711289166,92.06716412892418,90.46386939372087,91.72141870881372,14879385,91.72141870881372
2023-04-20,92.24778673309683,94.24391804073541,90.91905721903562,92.50863304155469,24874103,92.50863304155469
2023-04-21,94.81969473892825,96.80305496215323,92.74925897363151,94.93574194560617,27777979,94.93574194560617
2023-04-24,93.06596914364532,94.2191003172152,92.46601841217068,93.06733451011219,41587141,93.06733451011219
2023-04-25,91.56437953024432,92.79008373113312,89.14099173248212,90.9211448944481,20151671,90.9211448944481
2023-04-26,88.2661211527878,90.12191048331033,88.44314719900967,88.80100498744113,31620271,88.80100498744113
2023-04-27,89.08584100018858,90.73426802186412,89.05296848894625,89.67328771329812,24525194,89.67328771329812
2023-04-28,92.47245082345253,93.32103771122297,91.6792769678587,92.37084513685545,30635850,92.37084513685545
2023-05-01,91.00328993416994,93.229229788459,90.73199956712324,91.21269968852742,35771087,91.21269968852742
2023-05-02,92.76271200988857,93.86863831527793,91.58772092817718,92.65997038436691,28803178,92.65997038436691
2023-05-03,95.54681629984755,95.75739213238302,93.88156133243534,95.04837513345909,6886072,95.04837513345909
2023-05-04,93.91433735706907,95.55462881803646,92.65800982591702,94.06048365394535,45486968,94.06048365394535
2023-05-05,92.800267334888,93.61966122172639,91.55304808410895,93.02777370556946,28567544,93.02777370556946
2023-05-08,93.670361037951,96.09253677427158,92.73897058211477,94.22597324050892,49414249,94.22597324050892
2023-05-09,95.60840829897056,95.90949542853507,93.87398309216552,94.88321066910144,27340198,94.88321066910144
2023-05-10,96.49151839969844,97.50270603999279,95.96505325463856,96.48430782219012,30168673,96.48430782219012
2023-05-11,94.44364866313481,95.87888111738013,93.40043055799202,95.10594181307297,33408639,95.10594181307297
2023-05-12,95.69402814882841,97.11458026948429,94.34112580970282,96.3782529846627,28742126,96.3782529846627
2023-05-15,95.3543550503486,96.78783837919238,92.41088750517292,94.75713645951951,13049980,94.75713645951951
2023-05-16,94.45068544517456,95.57200277090936,93.39458041528384,93.98075702023587,47642996,93.98075702023587
2023-05-17,94.00410633479576,96.29664778582737,93.94643885837343,94.541625328496,30507136,94.541625328496
2023-05-18,93.75711077097907,96.16110589705804,92.58880217734001,94.41413524803814,21233795,94.41413524803814
2023-05-19,96.2245892903885,96.52038674844056,95.13164850546087,96.154556956052,26732807,96.154556956052
2023-05-22,97.12709939532446,99.6706167176019,95.86214425510971,97.7523772737429,48145730,97.7523772737429
2023-05-23,96.86370674197705,98.67666547963583,94.7043473404872,96.3470052711935,28176097,96.3470052711935
2023-05-24,98.58367686279443,99.31606372856348,97.24637346826836,98.05309286614414,42286101,98.05309286614414
2023-05-25,98.22452269755047,99.04177741170605,96.53568848035833,98.31089252056974,37946068,98.31089252056974
2023-05-26,98.02838044219608,98.7164527470003,96.95038598586184,97.75910084586249,43362337,97.75910084586249
2023-05-29,100.53611319998979,102.86999761549403,100.49855663164567,101.0541002046289,35182925,101.0541002046289
2023-05-30,102.42210926965652,103.83804407212632,100.16217765656552,102.69139541586196,29096088,102.69139541586196
2023-05-31,98.97757209713136,99.94695631812229,96.54593428953162,98.97112991779889,13958605,98.97112991779889
2023-06-01,101.52055953222438,102.92510950902314,99.04955662863522,101.25840363928344,31191580,101.25840363928344
2023-06-02,101.23420586008514,103.03011340571895,100.99144171392662,101.68023136243399,11248716,101.68023136243399
2023-06-05,104.51620956236613,106.15971625582043,102.62114367839236,104.20837468154308,46584929,104.20837468154308
2023-06-06,103.70955447088976,103.56651725041026,101.97438264122971,103.07341727765261,47883087,103.07341727765261
2023-06-07,102.36586925053722,103.47112482103591,102.47221419140419,103.08803209709876,41688808,103.08803209709876
2023-06-08,103.00497238980522,105.85748554834636,103.00357726533606,103.61251435714802,7083068,103.61251435714802
2023-06-09,103.09582098354517,103.44447204396289,101.46313843489378,103.08478163039203,15020138,103.08478163039203
2023-06-12,102.28813619778965,104.32537238437705,100.82476935033968,101.79925427555656,32334794,101.79925427555656
2023-06-13,101.3429428239544,102.93033193506547,100.0037570181117,101.69921438332089,19181481,101.69921438332089
2023-06-14,104.4626438116487,105.44943615285649,104.50079332676695,105.00196994458864,24911925,105.00196994458864
2023-06-15,105.38974068475628,106.47507801299423,104.58279037349507,105.73145468920052,43101392,105.73145468920052
2023-06-16,106.31290823885145,106.03939107233734,103.3525852745982,105.51234609733376,35963824,105.51234609733376
2023-06-19,105.08962860605422,106.26926320714588,103.7512328300085,105.88800987014024,6106640,105.88800987014024
2023-06-20,106.10397004841901,107.03666099639489,105.91155334203116,106.57031948663713,13783496,106.57031948663713
2023-06-21,107.33917771681054,108.52267553930666,104.74481212926598,106.7341241632171,18796521,106.7341241632171
2023-06-22,102.92075913926394,104.77298031604246,101.41574156100174,102.69368220662042,32008605,102.69368220662042
2023-06-23,105.67436272303642,105.30305117137368,104.60690940975671,104.84799967495591,25211979,104.84799967495591
2023-06-26,104.99221578760654,105.60527479602948,102.37626339271488,104.91913464378537,41038936,104.91913464378537
2023-06-27,102.716555916883,103.92623895077664,101.37866804382153,102.06885080560718,38575889,102.06885080560718
2023-06-28,105.00074023475612,106.058721962417,104.82795317611941,105.65757403327751,35284637,105.65757403327751
2023-06-29,104.942451864885,105.95822294721214,104.9316131338238,105.31168052865719,39928018,105.31168052865719
2023-06-30,104.59264985960198,106.0584220801784,103.63522490605851,105.34199367269439,21396947,105.34199367269439
2023-07-03,103.53729561829729,104.6895240585136,102.46272400683542,102.85750943704787,8539303,102.85750943704787
2023-07-04,101.34492072230947,102.09238079333396,99.0601264811724,101.59913720744086,37043918,101.59913720744086
2023-07-05,100.23086931970963,102.47031808397281,99.77804670240505,100.77390758778326,11906801,100.77390758778326
2023-07-06,102.11892247837278,103.31086945130285,101.36248773318984,102.31378544117237,39866288,102.31378544117237
2023-07-07,105.65083599548764,105.69526813952015,104.53860141893684,105.06545631990535,35332970,105.06545631990535
2023-07-10,106.58093095181957,106.11568553604562,104.25945242417608,105.86670477049307,13533131,105.86670477049307
2023-07-11,104.59927181545054,105.77765386901683,103.54896292901071,104.95627900657897,39382379,104.95627900657897
2023-07-12,107.54661949435176,107.77097680521324,106.14793123609363,107.03299500424012,45909888,107.03299500424012
2023-07-13,108.08513179773499,110.23333732665705,107.81912220514022,108.55703923054932,36162149,108.55703923054932
2023-07-14,108.95830932475656,110.50032801065284,107.36650158441263,108.1068690959471,47293891,108.1068690959471
2023-07-17,106.57439972811511,107.79304094906095,104.24958042922151,106.7243415361402,45736930,106.7243415361402
2023-07-18,106.14316316359432,108.30886649719446,105.8018849988207,106.51678413940462,36491679,106.51678413940462
2023-07-19,106.17115424859757,108.1326550248741,105.21057377367073,106.26761378853625,47136528,106.26761378853625
2023-07-20,106.57832442262468,109.3822548518224,105.95235892488066,107.03865010150733,12607905,107.03865010150733
2023-07-21,104.74152559835963,104.64391195213572,101.50275088662593,104.06204939607376,49380844,104.06204939607376
2023-07-24,106.92599444216425,109.41104939136653,105.7851359858263,107.57262851689637,25320308,107.57262851689637
2023-07-25,106.81942928887037,109.11152251762115,106.11581850274021,107.21044307781818,38574149,107.21044307781818
2023-07-26,109.90162973852489,111.94421726926306,107.72064007615316,109.49211407768674,49421528,109.49211407768674
2023-07-27,106.6647698676429,107.3504544203953,104.11199599124228,106.52781835181501,21825022,106.52781835181501
2023-07-28,105.87068175034283,108.27434615045499,104.06848102318442,106.60789303892483,25342364,106.60789303892483
2023-07-31,106.2389582675454,109.2000747876358,105.5381959472448,107.05623587837016,23818697,107.05623587837016
2023-08-01,105.76213486147181,108.91167253833268,104.8095057450233,106.44883554428513,19656591,106.44883554428513
2023-08-02,105.80983818257079,106.76021383103082,104.048703968699,105.85329043637383,49072882,105.85329043637383
2023-08-03,109.86835962743402,112.51148357383069,109.95892299643587,110.32153327383611,34522941,110.32153327383611
2023-08-04,109.81614947407908,110.06606011795894,107.71420997420925,109.58800491885536,33768775,109.58800491885536
2023-08-07,112.29668395210433,115.07899796790383,110.07525712183786,112.28134282488246,26495228,112.28134282488246
2023-08-08,115.00607700710859,115.99226229967796,112.51473518012655,114.37301912058196,29689068,114.37301912058196
2023-08-09,113.86318820068013,114.7504054331345,113.5940325189199,114.02470091416781,49591043,114.02470091416781
2023-08-10,112.8496727525998,116.19604688783825,111.30678124000457,113.47326874749506,36973693,113.47326874749506
2023-08-11,112.03900099576927,115.15629924325732,111.41093915719388,112.40412026567132,15143693,112.40412026567132
2023-08-14,112.70565037064603,113.99912666881161,110.47828553985656,112.74351654810084,33410787,112.74351654810084
2023-08-15,111.93237356660408,113.92074289429576,110.81033229722915,112.7510172090547,11520452,112.7510172090547
2023-08-16,110.84601929129028,114.50570288688802,109.5880047953555,111.71355752231986,30765041,111.71355752231986
2023-08-17,111.4988568045433,112.76857814091932,110.62440447087522,112.32949060365253,38010837,112.32949060365253
2023-08-18,109.44943294096521,108.98499134282586,107.10931779882665,108.69895165219992,15198433,108.69895165219992
2023-08-21,110.45086516839193,111.60761270869055,109.56880063504482,109.89923206739502,25104270,109.89923206739502
2023-08-22,112.30627626078572,112.90723735309606,108.92752723130724,111.56856997023608,28227776,111.56856997023608
2023-08-23,112.89688699928706,114.45758601852772,109.80767800455631,112.07674819316573,7070257,112.07674819316573
2023-08-24,107.22874427154699,107.8084817903779,106.40000929417573,107.50677925815226,33035968,107.50677925815226
2023-08-25,105.71800400894904,107.90402334643825,104.04902953671862,106.34001522031092,6475295,106.34001522031092
2023-08-28,104.62578544916708,105.87918444404119,103.89769956186684,105.34694001764137,28112997,105.34694001764137
2023-08-29,105.07384977011966,106.57043558363995,102.85171413995644,104.39217550092502,15339853,104.39217550092502
2023-08-30,107.32796290705642,108.2162630273408,106.23079471420337,107.52263451802551,10884092,107.52263451802551
2023-08-31,107.61199740351748,108.36803061108596,105.97038879170562,107.29802720673985,28507886,107.29802720673985
2023-09-01,106.05379001857817,108.72406239793882,104.72682393444836,106.25418515789826,30374238,106.25418515789826
2023-09-04,104.66360201306162,106.36004249161391,103.41218376756258,104.33207057641785,34572843,104.33207057641785
2023-09-05,105.40985376295995,107.10282274416465,105.16380970871919,105.51951762501056,16538542,105.51951762501056
2023-09-06,105.21752344973136,105.58592551600942,104.38975654285606,104.73139149209433,43925087,104.73139149209433
2023-09-07,103.29885481137883,105.72256826647431,101.03769275483546,103.19927797969132,30196186,103.19927797969132
2023-09-08,100.62817613118031,101.8751727700636,99.5597157470834,101.26016901180296,21661943,101.26016901180296
2023-09-11,98.40771263406253,101.02301258688496,98.38579908696273,98.7472252457705,30080596,98.7472252457705
2023-09-12,100.53943577151692,101.89668089816975,98.82289097917902,100.30740413026707,42052662,100.30740413026707
2023-09-13,98.59095400263082,99.25829502262086,95.52926760118432,97.92051237063303,31459224,97.92051237063303
2023-09-14,98.57713725887054,99.58172122756486,95.96027043298996,97.84789077400127,40571259,97.84789077400127
2023-09-15,99.96460099247061,101.7942974970113,99.31437232659819,99.82458449384637,21786605,99.82458449384637
2023-09-18,99.12384556620708,100.07889631297184,96.93279732817307,99.23363572042001,37533871,99.23363572042001
2023-09-19,96.44222113155023,98.2050989044952,95.14182225476155,97.11121632465242,10936089,97.11121632465242
2023-09-20,95.13707727671579,95.40113446940173,93.34196339872963,94.8059469338508,34192237,94.8059469338508
2023-09-21,94.25204831309243,95.62353354610042,92.96847482314298,94.18750851809826,14111505,94.18750851809826
2023-09-22,94.84798301121435,95.82929483035898,94.96180341860305,95.43282487398673,17358944,95.43282487398673
2023-09-25,97.56150439333086,99.2072557891019,96.70109178602685,97.13627784955587,11602584,97.13627784955587
2023-09-26,95.11914367936446,94.76996175759757,92.62239304753108,94.57755937495762,23844359,94.57755937495762
2023-09-27,95.54340257179653,95.90012658818364,95.32624783774722,95.63417445075986,46343970,95.63417445075986
2023-09-28,94.34779145565645,96.3874955156935,94.39867669071857,94.71016813499511,17160330,94.71016813499511
2023-09-29,94.20662579202757,95.67463856235747,93.46847569189285,94.69895678752263,37696337,94.69895678752263
2023-10-02,94.51791430285098,96.11455660937851,94.13347539300409,94.34548402453186,42537890,94.34548402453186
2023-10-03,92.5685281617433,94.17184326858258,90.94299176326295,92.00272184344382,49382097,92.00272184344382
2023-10-04,91.60060942956174,92.4881851211233,89.13221181883607,90.94190999646511,40957496,90.94190999646511
2023-10-05,90.74827598203288,92.29522720387635,89.20865741914766,90.76560768185583,28780942,90.76560768185583
2023-10-06,91.70469174836306,94.13745219855745,91.10050833108738,92.38749553538548,23253385,92.38749553538548
2023-10-09,89.99031549807049,91.61449955618623,88.79205082526322,90.26520806069172,33330097,90.26520806069172
2023-10-10,91.51644224280955,91.3304702741527,89.3938469171255,90.86610845169476,23054598,90.86610845169476
2023-10-11,90.47449276882698,90.84177954930499,88.00517784827429,89.98741636293974,8383522,89.98741636293974
2023-10-12,87.57230708830271,88.03501727010439,87.28325708778141,87.73462996002215,45407633,87.73462996002215
2023-10-13,88.66173756838194,90.58163979471799,87.42140965677251,88.83014511217253,21838925,88.83014511217253
2023-10-16,88.90967015844903,91.34532393820784,87.55365558058256,89.6209977795037,12662295,89.6209977795037
2023-10-17,87.08239107113238,89.47423731515899,86.98533371401008,87.650783632094,23975549,87.650783632094
2023-10-18,91.1808748157284,92.86993966452528,88.57139346674845,90.75594515978045,22905750,90.75594515978045
2023-10-19,89.57007689311659,91.06574889859355,89.30007062610002,89.7288826211547,45102717,89.7288826211547
2023-10-20,92.48909699252737,94.70829355940963,91.70327047270206,92.49437314332218,43254556,92.49437314332218
2023-10-23,90.38545622633721,91.42793007626929,87.65059706679979,89.70989332054364,10510114,89.70989332054364
2023-10-24,90.67417288303892,93.29546533595541,89.89267782485864,91.05717503930624,38982773,91.05717503930624
2023-10-25,93.1571280963042,93.27375682210804,90.44012034519542,92.71485293763358,35060244,92.71485293763358
2023-10-26,91.6685290410793,93.21739347187096,91.01965093646525,91.41479753183968,37645029,91.41479753183968
2023-10-27,88.88853106834468,91.23744057275847,87.48528381552117,89.24556862550384,9717436,89.24556862550384
2023-10-30,90.29195326307801,91.95747696435588,88.91498194850925,90.35202655996909,12628790,90.35202655996909
2023-10-31,90.43918404202319,93.41476489530906,90.66092452639123,91.15633632560507,48652821,91.15633632560507
2023-11-01,91.96132420731799,93.30205722118706,89.58369579709328,91.35578661848261,32608620,91.35578661848261
2023-11-02,91.66843586274958,93.96842514425867,91.02378745585226,91.99848143921677,49051523,91.99848143921677
2023-11-03,94.08949554813059,95.26381555006957,92.78973826185242,93.38269686791142,28902258,93.38269686791142
2023-11-06,92.27096684539356,92.84974109435852,90.72587061067233,91.94370364904624,9538388,91.94370364904624
2023-11-07,94.80390131636436,96.10654856792236,91.96574125054767,94.24011466596791,47078243,94.24011466596791
2023-11-08,96.15104126485504,97.71135327610217,93.88486919737221,95.55027996287751,11034967,95.55027996287751
2023-11-09,96.94569144246654,97.42622923613865,95.574412967005,96.35484047544495,46460759,96.35484047544495
2023-11-10,96.92213415136607,98.02386700760883,95.73408538170743,96.15499192887084,45901283,96.15499192887084
2023-11-13,96.48779930870462,98.90971564092551,95.55109182643935,97.05789848271901,36447631,97.05789848271901
2023-11-14,99.72449741420088,100.38177986430011,97.34226904487248,99.17755217184498,35603232,99.17755217184498
2023-11-15,100.40231379769352,101.36298427888559,99.37621914249927,100.18211422043221,5229191,100.18211422043221
2023-11-16,99.76288963564029,100.90958976705505,97.91134565054249,99.30764268179092,36615889,99.30764268179092
2023-11-17,99.16963221280913,100.530036920418,96.9857170535561,99.00434173226016,37146781,99.00434173226016
2023-11-20,101.29217590315072,104.02959493844025,99.99209495790979,101.81842950585077,25918161,101.81842950585077
2023-11-21,102.04360871207544,103.23319561908441,100.77620109654619,102.62424250820094,49870578,102.62424250820094
2023-11-22,105.55864388458043,106.53308305959253,104.49839535372303,106.04126546494713,32479937,106.04126546494713
2023-11-23,104.7430635688564,107.01757551269351,103.47887015488928,104.57842194364771,32817009,104.57842194364771
2023-11-24,103.28503554026958,104.80753286297788,103.3198691531675,103.86988432922247,20006013,103.86988432922247
2023-11-27,103.56196888016669,103.36893632627066,101.75317436334407,102.9301666375879,15514770,102.9301666375879
2023-11-28,106.10272471093195,108.34576964898636,103.74879707449027,105.75774906309812,9449636,105.75774906309812
2023-11-29,103.6000004811144,105.04062505141394,103.0702770138836,104.11991020545625,18003054,104.11991020545625
2023-11-30,105.51581844920689,107.70227505159203,103.92056047324218,105.53808394473327,35041127,105.53808394473327
2023-12-01,107.49402119696853,106.97833461817008,104.55719214755524,106.74590108256757,16982114,106.74590108256757
2023-12-04,105.77580452877446,108.95561535494686,104.21626831115147,106.31385672767642,40576895,106.31385672767642
2023-12-05,105.5916057627085,107.64154101733902,105.25295325294347,105.54985952083229,8414390,105.54985952083229
2023-12-06,100.47956537815209,100.67979806744293,98.73033102519243,100.09925524767768,43384362,100.09925524767768
2023-12-07,99.75502470015321,100.06190123290897,97.05445816564905,99.41797805658003,36610930,99.41797805658003
2023-12-08,97.24999495190725,100.17362266192916,96.78588665128862,98.01183646158913,28850340,98.01183646158913
2023-12-11,95.62998022207255,96.19977950829055,94.41356750407272,95.36226679335455,8312828,95.36226679335455
2023-12-12,95.33342627974348,94.95670740059946,93.45907114185486,94.76462712652976,35273765,94.76462712652976
2023-12-13,96.46302840957551,97.39460275082725,95.17265301656549,96.79030559914327,24511160,96.79030559914327
2023-12-14,97.3335860734194,98.28826131451036,97.05761034160439,98.03702649055751,8711911,98.03702649055751
2023-12-15,96.47729854168854,97.66354108636746,94.34222846748933,96.58203423909079,5254184,96.58203423909079
2023-12-18,99.3215333134766,99.46595319799138,96.78614927457991,99.11777773578913,25151765,99.11777773578913
2023-12-19,101.96090831599021,103.86531888266337,101.65266116727675,102.00352942344041,48101810,102.00352942344041
2023-12-20,103.019700571292,104.8834597253133,101.80475666474047,102.60525843215183,27700635,102.60525843215183
2023-12-21,104.54630780778513,105.3748456467982,102.16235763010471,104.45210389415017,16949999,104.45210389415017
2023-12-22,103.23922364947667,105.15203808932995,101.54285380394491,103.87924501470567,17573232,103.87924501470567
2023-12-25,107.57108828355734,108.27014874723751,106.91218971781225,107.54838184646114,31163670,107.54838184646114
2023-12-26,104.13295761485023,105.94037053106368,102.6245012982225,104.87579193956145,13297914,104.87579193956145
2023-12-27,104.25337261496564,106.61173011763721,103.28236058145241,104.22002781601743,19839327,104.22002781601743
2023-12-28,105.9011273281022,107.08723236976242,104.06992934881791,106.56101153578285,22764014,106.56101153578285
2023-12-29,105.70590455449013,108.4175658403431,104.69138491719436,106.37117615842088,35797014,106.37117615842088
2024-01-01,107.4070552211282,108.98996223953435,106.56617235245777,106.8284338889538,34998964,106.8284338889538
2024-01-02,105.39304808122947,106.22937277918733,103.01371859460954,105.41793590907814,22169641,105.41793590907814
2024-01-03,104.53905229443481,106.4316249552149,102.47078983302603,104.81340216144196,24179310,104.81340216144196
2024-01-04,102.86016979438911,105.15365532362037,102.32029002349809,102.85078858086588,21062332,102.85078858086588
2024-01-05,102.6088438845925,103.60548405758983,100.63324376084132,101.97355543178743,14602808,101.97355543178743
2024-01-08,99.29993720345166,101.3037848920983,98.4507975348565,99.65053782075385,5182660,99.65053782075385
2024-01-09,98.17063302551028,99.93732676099137,95.6821218891617,97.92716943528782,46769611,97.92716943528782
2024-01-10,99.3354790019843,100.22374755736713,98.21002905333626,99.00677126166534,14513144,99.00677126166534
2024-01-11,97.67925847183908,98.02388279670036,95.94295767525342,97.77711865223618,30861670,97.77711865223618
2024-01-12,99.84791992234743,101.91021620446638,98.85550791493803,99.81564881814435,39022085,99.81564881814435
2024-01-15,102.79614959193547,103.19419008037436,100.3397108994903,102.43659107031812,15221113,102.43659107031812
2024-01-16,102.93610971874806,105.00850222244847,101.96658016603499,102.61334865715943,35850807,102.61334865715943
2024-01-17,104.25429718273791,106.92319055493344,102.86847515245113,104.4467866319935,20458346,104.4467866319935
2024-01-18,104.94645374527697,106.32163274952497,103.61189990973305,105.20037798810435,6322069,105.20037798810435
2024-01-19,108.89097198583089,111.04748251269989,108.59177592631666,109.4040221373899,5677021,109.4040221373899
2024-01-22,110.28767019453251,112.28270397649388,108.64919574992412,110.5671515496017,39628742,110.5671515496017
2024-01-23,112.20755712354303,115.10418788121183,110.40642753705289,112.74645303465421,21361528,112.74645303465421
2024-01-24,113.82166699809599,116.19358954185661,112.02403497577878,113.99713189027881,15609131,113.99713189027881
2024-01-25,114.81563086054855,117.82441648442385,113.50633575509647,114.99905219508904,48652132,114.99905219508904
2024-01-26,115.13425912784514,117.7828097758635,115.01712870159687,115.27669388158242,37542337,115.27669388158242
2024-01-29,114.325898979159,115.94711968612377,111.15745735923585,113.87869708538229,33568460,113.87869708538229
2024-01-30,112.20745755481511,113.20686675475929,108.86602103821741,111.56732661879134,42488420,111.56732661879134
2024-01-31,110.79699324812864,112.38783032060189,108.75393207566165,110.42533377861172,41757012,110.42533377861172
2024-02-01,108.95185060772494,110.15200947359314,107.35263060997674,109.50144940396864,23014800,109.50144940396864
2024-02-02,109.91866832210891,111.48706638810059,110.15340524501285,110.70870641711159,20589627,110.70870641711159
2024-02-05,111.07563614069403,113.0299536707831,109.27345278067504,111.2367357638186,36297986,111.2367357638186
2024-02-06,112.5581104819481,114.12143149579781,110.99693122226743,113.28411826285505,22092767,113.28411826285505
2024-02-07,114.80346959692201,116.048476349038,112.99880537480603,115.15328804660628,9010564,115.15328804660628
2024-02-08,115.56184984976507,118.54809812378734,115.40575735386982,115.91384693816093,38218326,115.91384693816093
2024-02-09,116.65459916422209,118.2004911337443,114.98168625244334,117.50499883191986,36068658,117.50499883191986
2024-02-12,114.6509485440729,116.79200477812654,114.10922858934978,114.35204591836933,8342337,114.35204591836933
2024-02-13,116.53412982702373,117.9444777059157,113.81669938048749,116.57601349736838,29646634,116.57601349736838
2024-02-14,115.09637153851438,116.02755688213662,114.3694833217682,114.9351423731479,46885589,114.9351423731479
2024-02-15,115.84626093345034,118.31637858424821,114.12900815472192,116.31781248844202,22406478,116.31781248844202
2024-02-16,114.93205400840189,115.0692514348144,113.50393689497135,114.07921157171363,22118456,114.07921157171363
2024-02-19,113.22234745239167,114.05566367730816,111.0955774826836,112.89880196173796,33190246,112.89880196173796
2024-02-20,114.82122066438714,115.11986026547778,114.21136784074112,114.58087738215328,24231097,114.58087738215328
2024-02-21,112.9984062661842,116.03704360973104,112.1774933424118,113.38186343397638,29045886,113.38186343397638
2024-02-22,114.90954593053898,116.38803129054548,112.80389437509126,115.33088443763216,34144349,115.33088443763216
2024-02-23,114.69116400237552,116.61036872189577,114.52974843289586,115.38578315933825,8054262,115.38578315933825
2024-02-26,115.71241233084757,117.03335873669026,115.34879742438783,115.6064571173356,14508992,115.6064571173356
2024-02-27,115.26962502368852,116.47160373272631,114.05547112557853,115.07593202458455,14389060,115.07593202458455
2024-02-28,113.63996210829838,115.54191287726391,111.92754858869462,113.27224170257195,18554951,113.27224170257195
2024-02-29,112.85568026122358,113.95597892698737,111.16759986233663,112.556044052483,49733523,112.556044052483
2024-03-01,113.64573882901341,114.97437983210038,112.08136673335895,114.49883832107412,23167319,114.49883832107412
2024-03-04,113.57783332590353,114.35238651182372,110.93927957223238,113.13944669191179,5203239,113.13944669191179
2024-03-05,111.91150504289507,113.28884624044122,109.48351556874387,111.9423665753956,47639687,111.9423665753956
2024-03-06,112.81572801499983,114.46021185320139,112.39889591654928,112.93512647061023,5303193,112.93512647061023
2024-03-07,112.23621065194713,114.1116067874389,111.3611199210426,112.13394136438063,20039549,112.13394136438063
2024-03-08,111.29873833087186,111.20434959158042,109.18489744501956,110.86352752335978,36638249,110.86352752335978
2024-03-11,110.30382810951905,112.35347758618315,108.03617085643047,110.17031956002354,32709374,110.17031956002354
2024-03-12,110.49906023990272,111.70818690878937,109.04899315444912,111.07623937640558,21380680,111.07623937640558
2024-03-13,114.68288902150134,115.88598814568053,112.47883637187859,114.6272787107245,19434251,114.6272787107245
2024-03-14,114.87420980411628,115.25152721118522,112.88694162471478,114.42053569950588,24289629,114.42053569950588
2024-03-15,114.5415592372525,117.46236056553975,112.8255317362637,114.61387358912945,23282881,114.61387358912945
2024-03-18,111.47570271303593,114.58179906619095,110.69698442277618,112.28600449631519,27539552,112.28600449631519
2024-03-19,109.057428695032,110.71648596513924,107.33311894891403,109.34437463574027,18115696,109.34437463574027
2024-03-20,110.23074766915883,112.53614071451402,108.10907194812144,110.47679722115289,32032313,110.47679722115289
2024-03-21,110.71356936086384,110.74142238345493,108.27762085902157,110.33303148187112,10358825,110.33303148187112
2024-03-22,110.60555482856759,111.14665776699606,109.25811239719751,110.57127840808744,41577175,110.57127840808744
2024-03-25,112.25906497275408,114.49919962633761,110.88660189773512,113.08543778571446,5031990,113.08543778571446
2024-03-26,109.90910686110759,112.96635533517741,107.8525319733757,110.47326977290527,16391622,110.47326977290527
2024-03-27,110.33412633329186,112.13893460934749,108.56788329931365,110.80770157826979,41218509,110.80770157826979
2024-03-28,110.18411391917391,111.33394318544944,110.42584769634912,110.7769442839226,11063328,110.7769442839226
2024-03-29,112.42870302896068,113.37415802776476,112.38980010596136,112.67454581716727,5945941,112.67454581716727
2024-04-01,111.42127460340714,113.19443950155146,110.06805988360149,111.12238344161499,27687525,111.12238344161499
2024-04-02,111.24173612093351,111.32157728361727,108.06477697137571,110.7798419541349,38510190,110.7798419541349
2024-04-03,111.49023878547933,112.58073099889874,110.43583700767816,110.91731827732478,32173309,110.91731827732478
2024-04-04,111.02882996892579,113.53710284805173,108.75697333271413,110.91467395554896,10733249,110.91467395554896
2024-04-05,113.28556833357408,113.50341777908005,112.3962952268311,113.05052935009377,36299864,113.05052935009377
2024-04-08,110.0147315016969,111.80414225645461,109.45424894099727,110.14268490450483,16908610,110.14268490450483
2024-04-09,107.80257581983216,109.20869112780186,106.66503627630989,107.29153497657073,36600822,107.29153497657073
2024-04-10,108.74900123430746,110.26882525990938,108.5182268134144,108.99963112033176,12207339,108.99963112033176
2024-04-11,109.3523388761742,109.44569811686792,107.92432442504207,108.90767018975392,11154145,108.90767018975392
2024-04-12,115.87599956370458,117.5953149530791,114.25803760187853,115.41165538830056,14948173,115.41165538830056
2024-04-15,115.02014646517833,115.26279976829191,114.05327466060803,115.00663349738873,15312119,115.00663349738873
2024-04-16,113.74638520609994,114.32330542026155,111.96873664872798,112.99611363295061,49536574,112.99611363295061
2024-04-17,115.72242323058813,118.00085654090267,114.12798921201855,115.41049196092303,23036825,115.41049196092303
2024-04-18,113.19349829655488,114.63152230492162,110.19742823618816,112.7580013520498,26647839,112.7580013520498
2024-04-19,113.70844543459414,114.58860064350903,113.4590897488211,114.35421468804788,5935839,114.35421468804788
2024-04-22,114.25682644764899,116.33687020308406,113.13642141754586,114.75293925038389,31832051,114.75293925038389
2024-04-23,113.86676828795538,115.66223652994195,112.8694176412722,114.46901962080294,43674402,114.46901962080294
2024-04-24,118.06540939211277,118.86614339694837,116.63119158417071,118.29624116548953,43016069,118.29624116548953
2024-04-25,118.78462568717114,120.20510787013536,118.363754279345,118.86699644980183,31047765,118.86699644980183
2024-04-26,116.40385704942362,117.68367436968884,115.97769534591255,117.14137288349534,5060487,117.14137288349534
2024-04-29,120.4846035745318,120.72000185292552,118.36907289171837,119.96508191055551,23616463,119.96508191055551
2024-04-30,122.1178715504782,123.85851784580684,120.28755264427197,121.34538645008985,34520271,121.34538645008985
2024-05-01,120.65233954803882,122.69890245621434,119.26941411742048,121.44753067887045,41242974,121.44753067887045
2024-05-02,125.51917937280253,125.78855776893508,123.39563542020034,125.08008057320157,21778059,125.08008057320157
2024-05-03,125.78938535584335,127.69895407835203,123.45570722224441,125.26216489840267,48848858,125.26216489840267
2024-05-06,124.49817099941326,126.48022159259713,123.43379859206922,124.4740314143078,34229119,124.4740314143078
2024-05-07,126.11171387922015,127.85103889696585,124.09483387782828,126.86617352948923,16020579,126.86617352948923
2024-05-08,128.53916953098727,129.1447536990482,125.69411912652726,127.79290721545749,47977365,127.79290721545749
2024-05-09,130.45377680412872,131.6304360891644,128.65692659125614,129.43833488056515,12893364,129.43833488056515
2024-05-10,127.04376781642652,130.42280786543006,127.12577170766178,127.8611107343125,22951315,127.8611107343125
2024-05-13,130.7672690390689,131.14531804110862,127.66971416952515,130.64478575943235,8102068,130.64478575943235
2024-05-14,128.0546242305842,129.71562156968014,124.63212206381087,127.591690203318,41966004,127.591690203318
2024-05-15,129.9210131101737,131.62876495199632,126.88010317171599,130.02458004175838,11267366,130.02458004175838
2024-05-16,130.06423860773953,131.5276971551967,126.69688481455053,129.80241024171028,48440045,129.80241024171028
2024-05-17,128.44169690686707,130.40413542488977,125.62502779650963,128.8439510668118,33718526,128.8439510668118
2024-05-20,132.22208776182316,135.50782356477802,130.746041686369,132.34273362376632,12129197,132.34273362376632
2024-05-21,130.97289742236754,134.85174815021685,128.85654208666745,131.7765409789434,19206928,131.7765409789434
2024-05-22,129.64184996944843,133.76134042280805,127.8406846370421,130.5248840173069,8885268,130.5248840173069
2024-05-23,127.06622135745359,129.90444290662967,124.19467774324444,127.14975524112542,33756483,127.14975524112542
2024-05-24,127.1569541399084,127.87453889252203,125.59371222255663,127.17642072308661,8819204,127.17642072308661
2024-05-27,128.91093409461797,129.90018344271613,127.14844769024144,129.48268264476124,27415747,129.48268264476124
2024-05-28,134.32291638197952,136.80924784482426,133.51116309944882,133.9985750728269,27943267,133.9985750728269
2024-05-29,136.4978654872352,137.87044638131965,133.44013408497858,135.98556074251476,34393236,135.98556074251476
2024-05-30,134.57161825714627,135.8448353923084,133.4935280924907,134.20613887078548,47389642,134.20613887078548
2024-05-31,136.05388115666702,135.7173357943588,132.18384377822034,135.09578924190885,37684286,135.09578924190885
2024-06-03,138.33107904290966,139.82938844082364,136.0869896658506,137.27309535431357,37573675,137.27309535431357
2024-06-04,138.4535042427241,140.4614446322883,136.61863486810748,138.54618378274048,11026902,138.54618378274048
2024-06-05,136.64476242555398,140.2697564929916,136.5943348464136,137.24868483579354,19792237,137.24868483579354
2024-06-06,136.81407313499486,138.7562932535487,135.6303576613673,137.42964585500744,48445546,137.42964585500744
2024-06-07,137.0745914558802,139.12332984708107,135.32774863712663,137.58057691340443,41093654,137.58057691340443
2024-06-10,140.03573419406564,141.3211465984388,137.2584789096177,139.50812530561333,40340989,139.50812530561333
2024-06-11,139.79564490513684,140.09541635115605,137.72032316071014,139.07661271347965,27381750,139.07661271347965
2024-06-12,138.18489678299014,139.07147591771945,135.39502047480102,138.06024108955503,38390205,138.06024108955503
2024-06-13,141.72559156408644,142.7394428388662,138.0993717306943,140.75518003897258,25720110,140.75518003897258
2024-06-14,139.86328977996772,141.9701303419975,137.6239421366028,140.95401165465745,6518449,140.95401165465745
2024-06-17,142.34819341161202,146.179325149884,141.14566139496873,143.13109084816898,14519084,143.13109084816898
2024-06-18,142.7032543612328,146.08877292525955,142.7128707657184,143.07469235976055,46157775,143.07469235976055
2024-06-19,144.87662335359906,146.46524567514064,143.73573949338615,144.81097002832877,11033814,144.81097002832877
2024-06-20,141.18263357434827,142.74556780325238,140.5141923001161,142.19846063457382,43650307,142.19846063457382
2024-06-21,144.11983312970165,146.45492625184198,140.20092000370948,143.50530257383866,16047625,143.50530257383866
2024-06-24,140.81136159667219,143.50791111861892,138.23208770902843,140.976741101747,46251718,140.976741101747
2024-06-25,142.74432079404755,145.54336075321257,140.3578211032832,142.2323363854073,44501357,142.2323363854073
2024-06-26,142.8645993594202,143.2908482191385,140.50694754992082,141.97499150083,37913015,141.97499150083
2024-06-27,140.863346933397,141.21816568362107,137.50193523549927,139.81479359763878,28462752,139.81479359763878
2024-06-28,140.34824237581753,142.79153833300043,139.18929701754033,140.0763901298487,19437671,140.0763901298487
2024-07-01,143.1753911640745,145.74428388605904,142.9504349224553,143.6660225910712,29511666,143.6660225910712
2024-07-02,145.47763661882428,148.34899124594148,142.47768675949203,144.79836328425304,30607174,144.79836328425304
2024-07-03,144.10892357532052,145.9146366034683,141.20528831897826,143.8365519770428,21044489,143.8365519770428
2024-07-04,136.33724179245212,138.02355753095122,134.5998079115072,136.2753410406174,24234475,136.2753410406174
2024-07-05,136.03503584705808,138.04915706512924,134.7042016051966,137.0507378602738,24120289,137.0507378602738
2024-07-08,137.54481188241587,139.18960883356024,136.38462640602424,138.53034082928554,16572893,138.53034082928554
2024-07-09,139.00590039393524,142.512964459892,137.79275822626877,139.94609270583643,24575469,139.94609270583643
2024-07-10,135.55955155931187,138.51014140559417,135.48166799612164,135.83481319681727,42162727,135.83481319681727
2024-07-11,135.77871708393215,138.00483687136747,134.24190416727274,136.17081508320237,6202437,136.17081508320237
2024-07-12,134.97497460321648,136.33939383032885,133.807436490447,135.61078192560427,41102943,135.61078192560427
2024-07-15,137.2898060813151,137.47868245419926,134.69023751831935,136.45873710564192,16439688,136.45873710564192
2024-07-16,136.4670681706938,137.42308283806153,133.52295898523525,136.22632953381475,46644410,136.22632953381475
2024-07-17,138.09158695385833,138.62193382951816,135.61939274451362,137.41407712898814,45398519,137.41407712898814
2024-07-18,139.16305202141066,141.02734212766833,137.23222673056145,138.4605607399775,11980042,138.4605607399775
2024-07-19,137.22078638483052,140.69293405541964,137.60517623986092,137.97899035845077,34155260,137.97899035845077
2024-07-22,140.5593425573348,140.88036067580467,136.9164284193418,140.06966050107235,25920809,140.06966050107235
2024-07-23,138.55513470288747,140.41228276681235,135.8855350191738,138.6844685313998,47626407,138.6844685313998
2024-07-24,137.21859964211177,139.1837444152605,135.6373869957956,136.722661982107,32163917,136.722661982107
2024-07-25,140.2212061027908,142.78573703496554,139.11926391308006,139.99516043570554,26259011,139.99516043570554
2024-07-26,135.6310757308513,138.87152459207218,132.80478446070117,136.00434052533237,12220207,136.00434052533237
2024-07-29,135.19049775096025,136.83889660632596,131.85905182507315,134.34404481450935,38960979,134.34404481450935
2024-07-30,130.55119859224246,131.97734802026673,129.77276940904426,131.45583958002632,27898504,131.45583958002632
2024-07-31,128.04025234622966,131.50455708902393,126.11171688848984,128.78938309865745,21995360,128.78938309865745
2024-08-01,127.44050887475287,128.31082085562156,124.44177422913428,127.36903390679244,6374290,127.36903390679244
2024-08-02,123.25656342626004,125.87516469768809,121.25026739060645,123.53595727175689,15681941,123.53595727175689
2024-08-05,124.30057474193848,127.08252705705661,123.49889857782019,124.3253484983568,27999739,124.3253484983568
2024-08-06,121.7220832357042,122.36767103044208,120.89641231070063,122.03966487920984,33977422,122.03966487920984
2024-08-07,123.24723655760435,125.67876962126284,122.12234614177962,123.53225926096006,41584435,123.53225926096006
2024-08-08,125.67054647359714,127.39282539439066,122.42756224483506,124.712193281338,13315665,124.712193281338
2024-08-09,126.80905663326166,127.6335342661501,124.24228033969129,126.15811188111383,17240297,126.15811188111383
2024-08-12,127.63105229545117,129.08330239236727,126.9398898185831,128.3039235632596,49704694,128.3039235632596
2024-08-13,131.11795354222565,132.5180413632821,127.88712235157384,130.69415747220282,46818526,130.69415747220282
2024-08-14,132.36909340778683,132.75240948695708,129.76620395826302,132.11899819005137,12828138,132.11899819005137
2024-08-15,134.39373409849972,135.71167378702907,132.04129562104706,134.14553028556946,7417793,134.14553028556946
2024-08-16,130.6217139594637,132.48922171062938,127.11322725461105,130.23524900874105,32853729,130.23524900874105
2024-08-19,132.8843650057156,135.03017910789515,130.08883765068043,131.83399308732737,16689738,131.83399308732737
2024-08-20,135.25436150090138,137.05099832931,134.0202012093554,135.14312741159324,13664660,135.14312741159324
2024-08-21,136.1118652889042,138.79732601768137,133.84023807872944,136.37880118996242,43880552,136.37880118996242
2024-08-22,138.33291498987202,139.31725341077149,136.44071966328872,137.5831927220318,32988522,137.5831927220318
2024-08-23,138.34542082613427,140.2276011990742,137.58415697007345,138.63191673069747,34870368,138.63191673069747
2024-08-26,138.7557253655648,142.1560094033326,137.595933587366,139.2950430667783,43700525,139.2950430667783
2024-08-27,140.79120639663094,142.51958619100154,136.85305522910863,140.28161219747062,25309361,140.28161219747062
2024-08-28,141.76219119434538,142.29859828113263,138.97958860204778,141.4327094544247,49732102,141.4327094544247
2024-08-29,140.8913441766371,141.5941920547747,137.5301622742751,140.79900331611407,40336101,140.79900331611407
2024-08-30,143.313064897274,144.42989920088095,141.22800817522636,143.1511839981644,17653370,143.1511839981644
2024-09-02,143.0464063088967,144.63671437723332,141.4867778967801,142.34407010829167,37578576,142.34407010829167
2024-09-03,139.4699706059238,139.92768429145016,136.6077652989999,139.37871682050707,19854371,139.37871682050707
2024-09-04,135.51755086581497,138.4588981825233,135.45464643704364,136.1699140036356,21650348,136.1699140036356
2024-09-05,137.00783080709354,139.64855250485604,136.49270511983104,137.38711049148583,17558027,137.38711049148583
2024-09-06,140.7190247230951,141.22579226697542,137.40372670580732,140.42895790139298,13463952,140.42895790139298
2024-09-09,135.7889466251153,136.6933871904559,135.54390084351954,136.39185225099337,32515394,136.39185225099337
2024-09-10,134.38125718492725,137.47029445826723,132.49989901639725,134.5619852729076,10929877,134.5619852729076
2024-09-11,137.39378301824428,140.0519600278063,135.69997830653034,138.3382068605369,12978120,138.3382068605369
2024-09-12,133.77921332695718,135.44488058796875,131.53155395315042,134.8034521676857,8012631,134.8034521676857
2024-09-13,137.17013223128822,139.19116492248452,134.52964546337608,137.41496812802936,25421702,137.41496812802936
2024-09-16,137.1339096066184,138.66553335453852,135.36512601706914,136.1880244862986,47132000,136.1880244862986
2024-09-17,138.94738037773394,140.3388697778409,137.29071310573048,138.84022984427088,41818759,138.84022984427088
2024-09-18,139.49067526255328,143.07028085773962,136.5733779625288,139.66600086173497,42925090,139.66600086173497
2024-09-19,138.58453481176923,139.0082287197514,136.408438572798,138.50382011031343,38488502,138.50382011031343
2024-09-20,139.30999325970149,141.98910804010916,136.42226196937062,138.53216114460344,15249545,138.53216114460344
2024-09-23,136.96073160872714,138.7602430299889,136.79945378309324,137.89924870366283,33603559,137.89924870366283
2024-09-24,138.21460441679852,139.1211473791989,136.36499061581662,138.01288359202843,9379742,138.01288359202843
2024-09-25,141.09890806733793,142.92231355974408,138.68908379055554,140.37435275312626,43288168,140.37435275312626
2024-09-26,141.2064768689358,144.07005099713274,141.2447274755938,141.8793264963978,11467984,141.8793264963978
2024-09-27,142.69323515268275,142.73751964142838,140.59460316790387,142.2425006560543,8431680,142.2425006560543
2024-09-30,144.37474126582546,146.8293850424053,141.00806118877867,144.36529775772144,32837681,144.36529775772144
2024-10-01,145.7029694576691,147.32087014693553,145.6926742112491,146.42351612616852,43831673,146.42351612616852
2024-10-02,143.5982746155879,145.51113879002008,142.37790677815383,143.58759863498085,14263172,143.58759863498085
2024-10-03,143.04303886099908,144.4969087042161,140.43513911204906,143.97573496449883,7998086,143.97573496449883
2024-10-04,150.2878786893006,150.2566871012429,147.83762703654162,149.6963263923188,16527931,149.6963263923188
2024-10-07,146.33012509290785,146.22854979895186,143.30388140274056,145.5683365590677,23197250,145.5683365590677
2024-10-08,149.3886495994455,150.7098445000627,146.4065296538828,149.15321009869567,42534519,149.15321009869567
2024-10-09,148.9992021202762,153.40124154702355,147.97988382119908,149.7876241958175,15704285,149.7876241958175
2024-10-10,150.65704331556066,152.19344988922725,149.5163009085959,150.1005249200544,8952255,150.1005249200544
2024-10-11,150.90567351119273,154.0599924317138,150.3024542153389,151.0499387225784,5295283,151.0499387225784
2024-10-14,152.4945835259136,154.12405545765674,149.26818128939317,152.4928064813372,42019096,152.4928064813372
2024-10-15,155.31858087861096,157.69925086495115,151.4844135790925,154.8478606660056,10463177,154.8478606660056
2024-10-16,160.6327517851187,163.22812592338644,156.9736096364046,160.56415580558007,19095876,160.56415580558007
2024-10-17,162.0761556034197,165.1130215574716,157.8956021592212,161.43359627583817,10960217,161.43359627583817
2024-10-18,166.56141477805966,167.91559498794373,164.72929132859846,165.70471054503744,28760708,165.70471054503744
2024-10-21,167.41147590961396,170.03463179802085,164.80485245077622,168.2671945118432,46517521,168.2671945118432
2024-10-22,165.51517823896882,169.67012514683952,165.11801517330613,166.61285815514793,7310705,166.61285815514793
2024-10-23,166.4944007403532,167.7630402273841,164.8751695901817,165.5172319114975,47181492,165.5172319114975
2024-10-24,165.14452448993472,169.69158783801734,165.2806185974485,166.19063567510028,19818033,166.19063567510028
2024-10-25,166.2059311427011,167.499414687979,166.4937198657988,167.15754446828183,10585709,167.15754446828183
2024-10-28,169.53761123623391,170.1552755933676,166.60087424637254,169.4777364399718,25381010,169.4777364399718
2024-10-29,172.9178254943704,175.73659398495707,167.83223271336007,171.78308033291137,11921710,171.78308033291137
2024-10-30,169.46511224230863,169.12692700955117,164.89080291248442,168.32132320707856,43917953,168.32132320707856
2024-10-31,166.7937150646793,169.8175745894031,164.41520796418394,167.11926940657375,22447606,167.11926940657375
2024-11-01,160.502590428023,165.25366239047523,159.69032832129565,161.35959630883357,18609427,161.35959630883357
2024-11-04,163.87471177146438,166.04154609309157,161.06127079267972,162.83977831192254,11882981,162.83977831192254
2024-11-05,167.2121967223371,169.20585390545304,165.12660857047695,166.6685934729969,36690104,166.6685934729969
2024-11-06,165.6638182009295,166.62221559386208,162.69526455019775,165.2405046264678,42291751,165.2405046264678
2024-11-07,168.78344484077087,170.183392596575,165.7484432966454,168.60064354231451,18187005,168.60064354231451
2024-11-08,170.9277568645741,170.95182988966636,166.40383722652035,169.91082238005467,24738219,169.91082238005467
2024-11-11,171.37820603135322,173.9597320773457,170.34527990920617,170.8112201143524,5153721,170.8112201143524
2024-11-12,172.93646034712998,173.57158352813997,169.707031285537,172.83180276002622,10155243,172.83180276002622
2024-11-13,171.45051065291372,172.85614790473298,169.80365339885785,171.71457687211762,35788286,171.71457687211762
2024-11-14,173.2542485653769,175.94833010591756,170.5746975019337,172.12025286879518,5299195,172.12025286879518
2024-11-15,171.8979827702772,175.22231206570828,167.68919640703066,171.31570668035343,29101072,171.31570668035343
2024-11-18,168.57595538852874,172.7571172741929,166.45266099573743,169.5656428398482,6866132,169.5656428398482
2024-11-19,167.04145081194577,172.13309863154646,164.76758097138,168.36312033771898,40720894,168.36312033771898
2024-11-20,164.57812266052062,167.8057759276705,164.35259414633245,165.85716419182188,46088279,165.85716419182188
2024-11-21,170.5838094004803,170.30432463788532,166.4397896709001,169.5447280170128,21008793,169.5447280170128
2024-11-22,169.84557265795706,171.85165515934622,168.3696264576529,169.44054178766356,38373104,169.44054178766356
2024-11-25,171.0599518861047,174.59256542172187,168.66517052983596,170.6049708314831,45181888,170.6049708314831
2024-11-26,172.05883242784873,174.27048903575925,167.98082435228434,171.29996801418656,10859124,171.29996801418656
2024-11-27,175.74701548058235,180.04482218898846,174.0626054559219,176.96365774334186,15407599,176.96365774334186
2024-11-28,174.069869758154,176.61551299365323,173.51936890194858,174.3392876559121,33406550,174.3392876559121
2024-11-29,172.8278059291483,175.6823293199317,167.67385238696377,171.94657374290668,14231306,171.94657374290668
2024-12-02,177.91783882462616,178.91977549699558,174.61603151984784,176.55232780249767,34664118,176.55232780249767
2024-12-03,179.68219800293008,183.84047500202234,176.17860646421218,180.47087769527673,43946291,180.47087769527673
2024-12-04,178.59069915723327,182.22371275615663,176.8840175638465,177.8297002563483,19647684,177.8297002563483
2024-12-05,173.2114276168677,175.72805094048655,171.4739367467033,174.03399331649487,40007954,174.03399331649487
2024-12-06,171.11865848720674,174.62263409054808,169.32344729592526,170.84919839693012,36649539,170.84919839693012
2024-12-09,168.0213586616922,172.53681583677613,167.598674071399,168.93455323912082,46228118,168.93455323912082
2024-12-10,172.61101641274027,172.78993900472847,169.38389179863643,171.41999799815667,36131161,171.41999799815667
2024-12-11,174.33008882240006,175.76468182455048,171.32151996409786,175.41028530879933,39162919,175.41028530879933
2024-12-12,174.78689495278834,175.95605691897575,173.49715756377265,175.10777741432926,17198644,175.10777741432926
2024-12-13,170.71786049220924,171.9395095609556,170.28719872958112,171.3889753440594,22917675,171.3889753440594
2024-12-16,173.14399539022466,175.2182167719175,168.90397761352506,173.13181407991766,26392666,173.13181407991766
2024-12-17,176.82257467148048,177.8430761674585,172.67869457281955,176.92509099586613,39635126,176.92509099586613
2024-12-18,181.75781708584316,184.39290904944443,178.06319835448951,181.21050355849744,44102833,181.21050355849744
2024-12-19,180.463027522623,183.61386818231705,179.51411823649136,180.7395510966263,20892026,180.7395510966263
2024-12-20,179.38182868080577,182.53009982637246,176.80602370758922,180.2254538629139,8887154,180.2254538629139
2024-12-23,181.63079824263843,183.50390834213297,178.0022828028371,180.5939520107464,16060084,180.5939520107464
2024-12-24,180.9331624935722,183.07751980819785,177.320685156708,180.23497550409155,45987189,180.23497550409155
2024-12-25,181.4522723360525,182.56512525960056,179.5538990345064,180.58930396716693,25781830,180.58930396716693
2024-12-26,182.02843289609112,182.00330257842663,180.17046592644374,180.86050679604992,25196504,180.86050679604992
2024-12-27,179.2679951620896,182.04717254530857,178.38478426421466,180.25527915914574,27251848,180.25527915914574
2024-12-30,178.052463090687,182.01030296386452,175.59120246479404,178.7652477450341,31056943,178.7652477450341
2024-12-31,180.0605247364823,183.14838561900933,177.23510805046573,178.74655355646775,35663227,178.74655355646775
2025-01-01,179.90047831488718,183.02494621641054,177.93875657221076,180.5931803658819,15681238,180.5931803658819
2025-01-02,185.41671878657644,185.4122111628796,182.35793157415944,184.45445056820563,13514762,184.45445056820563
2025-01-03,183.91921657452693,185.36647000505982,179.113921582147,182.98148413846639,42007221,182.98148413846639
2025-01-06,178.54666559224256,181.53031991703529,177.9863176070242,179.4601490629054,47155643,179.4601490629054
2025-01-07,178.13426644912698,178.59499193003313,177.45106445540796,178.00712532907264,6224767,178.00712532907264
2025-01-08,178.2228766699669,179.57349292378873,174.0132032729035,178.09548571421112,46274209,178.09548571421112
2025-01-09,177.97483004936075,180.93117357738092,176.53600030506894,178.6758189249481,9418291,178.6758189249481
2025-01-10,179.4174314172957,182.47078669738715,175.96310081796813,179.4814946060674,16132209,179.4814946060674
2025-01-13,179.2655436134647,181.05721532532635,175.4976741262833,179.92743534630472,16938686,179.92743534630472
2025-01-14,177.9365710302766,178.71045778145293,176.1585669311569,177.32672553100286,26753648,177.32672553100286
2025-01-15,176.10902641941843,175.7536417551098,172.9765740225124,175.34559899130102,49433095,175.34559899130102
2025-01-16,174.9075718086007,177.7046905054836,173.5350015433766,175.29161419165575,40081956,175.29161419165575
2025-01-17,169.35526941238078,173.05184181367437,168.75890382376184,170.24623926427162,38876624,170.24623926427162
2025-01-20,167.37598080730874,168.07025009926357,164.37231763670522,167.52768197217932,29599598,167.52768197217932
2025-01-21,162.09186454046167,166.36224994051224,160.0921785067307,162.9561125465228,21027769,162.9561125465228
2025-01-22,163.1211384251322,164.34209020180785,160.83433648092907,162.93253751159529,23218364,162.93253751159529
2025-01-23,158.8117647607738,161.8830565658444,156.8609348271914,159.45262059960623,49910878,159.45262059960623
2025-01-24,156.09130344184706,157.4756308771078,154.57473488223206,155.2550467903143,21365628,155.2550467903143
2025-01-27,155.1044126430023,158.60791798858025,153.77019335261375,154.8741150569898,17012475,154.8741150569898
2025-01-28,154.2576720698366,156.1887696562886,151.5684424740997,154.74942854198864,23691671,154.74942854198864
2025-01-29,153.41831353158568,156.38354552220113,150.8713496450116,153.937634570133,41709045,153.937634570133
2025-01-30,155.19151482421333,156.69717782887173,152.63187311686045,156.37179469579402,24849351,156.37179469579402
2025-01-31,156.1675988607912,160.34253666103493,156.93775254439464,157.4160734088818,48967602,157.4160734088818
2025-02-03,155.41766414164718,154.85685469986703,152.35718914186856,154.30120735409332,27183689,154.30120735409332
2025-02-04,156.18062015742944,157.29042548580918,155.67596083941976,156.5283424596696,30141089,156.5283424596696
2025-02-05,160.27182436164162,162.0142593369553,156.66042224197523,159.3708179882807,31659615,159.3708179882807
2025-02-06,160.75032130976652,164.5079942616884,160.54481149778428,161.07547701072897,43869719,161.07547701072897
2025-02-07,164.49068276891242,165.7519237666433,162.54498173892878,164.02149797836324,20312502,164.02149797836324
2025-02-10,166.4312770525508,169.1953501485923,163.28874586090902,167.11812699020223,12186799,167.11812699020223
2025-02-11,161.31169999734055,165.91103507886052,158.16690281431306,162.10819370799933,44744508,162.10819370799933
2025-02-12,159.70547781860157,162.9393928212806,159.43325927002508,160.92398007785596,28650473,160.92398007785596
2025-02-13,159.61989337105445,164.18577167552436,157.5102403787901,160.6298905135581,13680876,160.6298905135581
2025-02-14,156.3536960765228,160.5001496133065,154.8746889809217,157.5474833827269,34271063,157.5474833827269
2025-02-17,156.8269256760604,159.44192663828233,154.95757000166125,156.89553669812628,17330382,156.89553669812628
2025-02-18,160.63572833749728,163.5780509340405,157.48644497731985,159.87854555618821,36052992,159.87854555618821
2025-02-19,163.60269860778556,163.47029863037395,159.19480812938983,162.8467694830249,29231656,162.8467694830249
2025-02-20,159.05450873513226,160.1777184018929,157.28204596794723,159.37104988985854,19412111,159.37104988985854
2025-02-21,162.194562214437,163.49146082505544,158.6507399224864,162.05100223479715,21404333,162.05100223479715
2025-02-24,166.09362745100563,167.97310475233087,163.8116389162385,165.48878337059955,48770234,165.48878337059955
2025-02-25,167.68315806290082,168.32953985512685,164.1504955257029,166.90727993439052,27940192,166.90727993439052
2025-02-26,168.37093408832396,170.20046419083593,167.4171548576917,169.3987072242275,15802521,169.3987072242275
2025-02-27,172.16396216518282,176.61725844457607,170.75679637861796,172.40769493241532,39056176,172.40769493241532
2025-02-28,172.24478221659544,173.06040291667736,170.6995750106853,171.99886497325417,24399394,171.99886497325417
2025-03-03,180.100276997077,184.4654322976402,178.40968997572867,180.11143087991047,44839482,180.11143087991047
2025-03-04,181.60483821439774,185.4699364735349,178.08265186952744,181.02313225221943,45762346,181.02313225221943
2025-03-05,184.06264570752234,187.8830529291257,181.62981194554138,184.90461512079813,21832414,184.90461512079813
2025-03-06,184.09904484111178,187.5677048663836,181.53360113442298,183.22226754280598,14243672,183.22226754280598
2025-03-07,181.33543813295162,184.76776856558988,180.68078833609314,182.63145201304695,8133554,182.63145201304695
2025-03-10,184.22017821683392,184.24950069856513,178.93703014740666,183.38969441015186,38839017,183.38969441015186
2025-03-11,190.57388304518102,194.8466845732357,190.4176964906523,191.85875690602415,9265695,191.85875690602415
2025-03-12,192.91637923036356,197.0416604671249,189.76809980026505,192.46426746573565,16478403,192.46426746573565
2025-03-13,192.12666085315323,194.186094430419,188.2431059358735,192.59282191496678,44661203,192.59282191496678
2025-03-14,197.58658491181558,198.99181017634393,192.67052950850444,196.33782890648146,23069321,196.33782890648146
2025-03-17,200.2265581986034,204.03287612691872,197.94155362325677,199.88835877977255,41002816,199.88835877977255
2025-03-18,201.7690225836351,204.2741683962224,200.1284203133757,202.78103325214096,36857624,202.78103325214096
2025-03-19,201.72020758146027,202.27196944697576,197.63084367698755,200.15155695468007,5646719,200.15155695468007
2025-03-20,199.25312960155443,201.93547908342092,198.9658098043475,200.49810742342038,42158676,200.49810742342038
2025-03-21,202.25122428756737,204.48282916307582,200.68512062987338,201.8113906899361,10332856,201.8113906899361
2025-03-24,201.53613105728766,205.0225670511509,199.5903422416486,202.63903675964565,39475262,202.63903675964565
2025-03-25,200.7862299009246,203.21514533029784,199.46608228327045,201.60611671583248,24437584,201.60611671583248
2025-03-26,194.5234165392716,196.56827973780437,190.75791295405364,195.19592204563736,25368751,195.19592204563736
2025-03-27,196.0521115984678,200.0450356264254,195.40870378717852,196.70362656406564,30378972,196.70362656406564
2025-03-28,201.13823999867066,206.39923595268692,199.8429980242824,202.34273268774166,33464932,202.34273268774166
2025-03-31,205.84759344465908,210.68377008523768,205.939046193293,206.75385753665242,40621370,206.75385753665242
2025-04-01,200.92795218080067,205.0161320627979,198.52396833427053,201.57914534887524,7583746,201.57914534887524
2025-04-02,205.713228865349,207.63120358122805,202.94201630916118,205.85390834007282,32124471,205.85390834007282
2025-04-03,211.370917541204,215.36176222729674,205.81555613670415,210.60078437407682,39406735,210.60078437407682
2025-04-04,220.88232003790264,222.8944366606881,219.17754118449898,219.7352013747086,20228531,219.7352013747086
2025-04-07,215.72510717877597,217.2490147308263,213.64957054459157,216.17930752381451,23505888,216.17930752381451
2025-04-08,213.93128734526852,219.9940834799558,213.81269660777866,214.9483915581141,39925673,214.9483915581141
2025-04-09,222.46887001579435,225.70102028869542,218.31349200119521,220.8150326303027,20989036,220.8150326303027
2025-04-10,222.66480558004935,224.7588935481595,219.82882798439246,222.15810514509548,10934806,222.15810514509548
2025-04-11,225.09559907990973,227.52088403526076,221.0282539798021,225.63107005411655,25088357,225.63107005411655
2025-04-14,230.61852338209923,236.7226880419784,229.75660322596238,231.27495364120196,33283484,231.27495364120196
2025-04-15,232.2199127632266,235.82883088439658,230.83419049580712,231.54612962719267,27880081,231.54612962719267
2025-04-16,234.89536026797873,236.09877396832644,228.63756285984635,233.59560801492978,19695554,233.59560801492978
2025-04-17,234.739125724463,241.8489457320877,233.93756522264567,236.4059048969778,12088095,236.4059048969778
2025-04-18,228.93702625131792,233.6967594688444,225.8835904268997,230.1784580486616,6529604,230.1784580486616
2025-04-21,230.06665674196543,232.0605664452657,225.9205428445271,230.6624257218336,43101556,230.6624257218336
2025-04-22,235.63571196474714,236.52104924184988,233.15456485008588,233.83109929297868,15402981,233.83109929297868
2025-04-23,237.1919827285002,237.1523376784294,231.0229679309971,235.38919145099325,13777966,235.38919145099325
2025-04-24,236.56310913246523,237.6792262079124,235.50139262051633,236.65019091692216,41704460,236.65019091692216
2025-04-25,232.1802288901959,234.27319671660598,230.30267413797054,231.90479066995707,16307623,231.90479066995707
2025-04-28,229.85041911803694,235.6226060165888,227.49538498346234,231.62143029634885,15517856,231.62143029634885
2025-04-29,235.0001940484643,240.50609173301055,234.52043430469973,235.71691931657313,44834290,235.71691931657313
2025-04-30,239.17010613641406,245.17934880910497,239.219754097525,240.25323615337064,5224860,240.25323615337064
2025-05-01,245.35004026901996,249.85961316227193,241.1038486371738,245.04095206288454,24492514,245.04095206288454
2025-05-02,242.33603414056861,245.77000291115664,238.4549752862583,242.21241165274085,8631880,242.21241165274085
2025-05-05,246.34146733697705,246.39808788948514,241.40987680753958,244.86577179737668,12100772,244.86577179737668
2025-05-06,239.5129182849865,241.84471147937916,234.2275345865182,239.4175407927736,36125764,239.4175407927736
2025-05-07,247.35132878598657,253.1544413648436,247.16463692435926,248.2424770219177,18508818,248.2424770219177
2025-05-08,245.4412487673387,251.1502592345063,241.5955980836424,246.2160528682721,37360733,246.2160528682721
2025-05-09,243.0149337834284,245.0814928421072,238.83666565291608,243.90636235813824,26461263,243.90636235813824
2025-05-12,252.02517871711981,258.09558928417664,246.27980030686717,251.8839421933549,48198416,251.8839421933549
2025-05-13,252.68192194693052,256.37705025118646,251.04660970503951,253.17000122159766,6941578,253.17000122159766
2025-05-14,250.3405165464438,255.6243951752356,245.69843482515495,251.62379458372314,21311804,251.62379458372314
2025-05-15,248.01379627877438,254.56521374518744,245.74155330751023,249.7380649500916,33589032,249.7380649500916
2025-05-16,253.76898838525491,256.16104460642293,251.14468574096898,255.1701251825441,35765956,255.1701251825441
2025-05-19,251.71920262118363,254.54976398119962,246.70468269417972,250.87545815155767,18831447,250.87545815155767
2025-05-20,249.63638850893642,256.2759523002829,247.54801376138425,250.7681941554704,7161771,250.7681941554704
2025-05-21,259.4075591292892,259.16315668554785,255.9493319934544,258.4032198954928,21988384,258.4032198954928
2025-05-22,255.09381796097855,259.0801446158132,250.61594551058593,256.21001143909604,16310157,256.21001143909604
2025-05-23,266.8443588534627,271.01546537681907,266.51288013418514,267.3595486335528,6412272,267.3595486335528
2025-05-26,265.39003498186247,269.7699471857161,260.10582868884234,263.49927084200056,12725314,263.49927084200056
2025-05-27,258.0514804465227,265.1165228378472,254.47691464980102,259.4908900861583,22904992,259.4908900861583
2025-05-28,258.678745119902,262.88038771801973,254.7162187594867,256.69834510143414,8192739,256.69834510143414
2025-05-29,264.1779569160654,268.9087387830626,257.4660442238636,263.50237326489463,31963874,263.50237326489463
2025-05-30,264.28662503161723,269.3795374065132,260.26448786301273,263.0643966113396,46740229,263.0643966113396
2025-06-02,267.9045071537329,269.1550519213068,263.38691462223414,268.47315273930354,13478236,268.47315273930354
2025-06-03,270.86962391021007,275.81121475219345,266.62568634893006,271.3161239591684,17555163,271.3161239591684
2025-06-04,271.6441076822024,279.86054509135107,271.37205222427605,273.18623599425086,22654182,273.18623599425086
2025-06-05,260.6584087794606,260.0138204876001,253.63054024375467,259.2414435371356,49504144,259.2414435371356
2025-06-06,255.3898271532827,259.227684835076,250.45599978141388,256.6188929460013,37374081,256.6188929460013
2025-06-09,256.73486685215624,261.3589117263475,252.60893934002033,258.4074248659231,25671445,258.4074248659231
2025-06-10,251.7302487799082,256.89831135770663,251.4296445514854,253.1781053880095,42110985,253.1781053880095
2025-06-11,250.13759628180017,250.56945403470704,248.5215379281157,249.76877277213086,10778162,249.76877277213086
2025-06-12,246.96277287998015,249.94961194527906,241.72530083435078,246.75573080863663,43937551,246.75573080863663
2025-06-13,247.11417146842695,250.53139791067898,245.74498571623874,246.67449716879776,13620705,246.67449716879776
2025-06-16,247.10243298757507,250.82279868506313,245.0637016473301,247.3635022310742,25144961,247.3635022310742
2025-06-17,261.35013001068864,265.79718453978654,258.1974405662477,262.9987118797233,11269256,262.9987118797233
2025-06-18,261.9502761614198,265.38247213684093,260.10151428005855,263.04678014074796,25818627,263.04678014074796
2025-06-19,261.65783506708163,265.48429849978595,256.396602235271,259.94059053415094,5272526,259.94059053415094
2025-06-20,254.6563918613412,260.2937438756061,255.8017033414808,256.3347417521568,7251911,256.3347417521568
2025-06-23,248.62337865573278,248.4554581474199,243.7762095343164,246.76723123804652,47088124,246.76723123804652
2025-06-24,238.69286190042104,243.20423311180778,236.9630897039035,239.01034060136246,14113848,239.01034060136246
2025-06-25,233.44211371117694,235.81674063192355,232.36773502613568,232.9774781725514,9724916,232.9774781725514
2025-06-26,226.54763911400798,232.55564396036837,226.19791928481095,227.57163297472482,11981701,227.57163297472482
2025-06-27,231.81474844042265,234.6251081962474,228.5280756319168,230.60636093731387,14787739,230.60636093731387
2025-06-30,227.16986545991574,230.77644696154778,226.9476511492097,228.28768244765098,24602648,228.28768244765098
2025-07-01,229.62437012257905,232.78710366067475,225.4732423534485,230.37658327307142,7149772,230.37658327307142
2025-07-02,232.42145713926442,237.79829041253763,229.80201134838921,232.9384956982799,39644514,232.9384956982799
2025-07-03,234.2521103209747,239.243559854485,231.827868313201,235.9452124373178,27770564,235.9452124373178
2025-07-04,240.30950591334638,244.0636031262307,239.48776616341866,240.11900398824733,8253293,240.11900398824733
2025-07-07,240.2369423912456,244.43188188268857,238.27949377860367,239.74782988821562,12560075,239.74782988821562
2025-07-08,240.09284064542504,242.44809730096347,234.25058017884882,238.2978108157028,43139699,238.2978108157028
2025-07-09,242.1217684539274,242.66685867197276,239.91531894016245,241.19567061014465,36166286,241.19567061014465
2025-07-10,242.21018522383966,245.93340294238223,234.82044091904334,240.52887145997502,22131982,240.52887145997502
2025-07-11,247.43420203869243,252.305457819465,242.43685446955263,247.13256150367312,22975286,247.13256150367312
2025-07-14,241.5221186652636,246.22910722474933,236.1702289319637,241.84989010422404,12067951,241.84989010422404
2025-07-15,248.18683962655192,252.81583110766334,247.03316556756033,247.97833265706163,16317786,247.97833265706163
2025-07-16,244.65195267661866,250.5476111241676,240.5908722229666,245.71728222256888,27219728,245.71728222256888
2025-07-17,241.94169062199248,243.57663500170156,238.48303763726958,240.48832968610472,46354688,240.48832968610472
2025-07-18,236.66367918297138,236.393145948759,230.38356792227802,235.44646132306042,13245493,235.44646132306042
2025-07-21,239.62973745548192,242.70724342115108,237.73107996866077,238.76533531564934,19166519,238.76533531564934
2025-07-22,240.45955557403926,244.25573331757988,239.81090070323893,240.452532601885,18858452,240.452532601885
2025-07-23,233.42808047690994,236.5192537435338,231.9431779082356,232.7232283646291,8922134,232.7232283646291
2025-07-24,226.39942025528646,229.47996646062518,222.49946482384897,224.64473343935498,39950402,224.64473343935498
2025-07-25,226.31636364051332,229.75446072420294,224.99121045826033,225.97424703536075,25922111,225.97424703536075
2025-07-28,230.11846590732821,233.74559403213493,225.190600724188,230.92132146464328,21049252,230.92132146464328
2025-07-29,225.10013455830867,226.5546507954438,220.51124167548346,223.60672947497793,26832251,223.60672947497793
2025-07-30,216.795108604048,222.8191440855847,216.67738741949955,218.25128843915107,33826501,218.25128843915107
2025-07-31,220.22805505236124,224.2369536424586,217.52005840234978,219.0572948105412,29010870,219.0572948105412
2025-08-01,220.91997348332202,225.14056160819717,220.83298319532076,222.35998248617778,36961846,222.35998248617778
2025-08-04,225.9603650809536,228.16481010162937,225.5787656301489,227.18823875757906,23516258,227.18823875757906
2025-08-05,222.46410997075108,224.9765319420742,222.20100416033029,223.65850153706953,10741503,223.65850153706953
2025-08-06,222.50743106755067,224.45853940599625,219.17683428624508,222.32606319208008,45179402,222.32606319208008
2025-08-07,222.97421328975796,226.48991281136625,220.7746023050735,224.23546133323785,26541143,224.23546133323785
2025-08-08,226.67981146511335,231.84350187591542,223.2863053737977,226.80745835212184,24706816,226.80745835212184
2025-08-11,222.71996914894922,227.6815178030679,221.90446497194483,223.70541548109026,15677903,223.70541548109026
2025-08-12,220.71790449404497,222.90669379324152,215.65444482860954,220.55534195343728,41631888,220.55534195343728
2025-08-13,219.60002711418386,219.21757913853227,213.93113780331052,218.374507781096,30408436,218.374507781096
2025-08-14,215.8071326662873,218.96470380190007,211.30357831005946,216.3148246824641,46490563,216.3148246824641
2025-08-15,210.7042817360095,214.12796573733382,206.03143574623775,211.1224765187902,16272737,211.1224765187902
2025-08-18,214.78396761284617,213.62400755513613,210.79948165109516,213.08121863895306,24092742,213.08121863895306
2025-08-19,212.00427909829452,214.0762705317867,212.1477881952347,212.77647375623104,47391069,212.77647375623104
2025-08-20,213.3212019945967,216.03007309957053,212.8859451628742,214.27703194031596,15835758,214.27703194031596
2025-08-21,207.8594755981487,213.22293681325615,205.424202323918,208.43191774540384,49078351,208.43191774540384
2025-08-22,207.55896261961107,208.91354382992458,205.58405083936344,206.6977430049217,5027515,206.6977430049217
2025-08-25,211.37094369222766,212.17581516451523,210.5323922582429,211.2405240219168,48173273,211.2405240219168
2025-08-26,215.45388162636846,219.1827683926537,214.96148288927577,216.23766376645125,14535348,216.23766376645125
2025-08-27,215.0965010134259,220.81879102854427,215.72015399719888,216.3742310483768,14241501,216.3742310483768
2025-08-28,213.28756951416196,213.92838829988384,208.293227565483,212.25896124428564,13273631,212.25896124428564
2025-08-29,220.1515434337654,223.3525065564237,215.29182691124225,219.90071555045304,46054314,219.90071555045304
2025-09-01,230.3617534699971,230.69412343788898,225.70370459044204,228.57228416520888,42842347,228.57228416520888
2025-09-02,239.01749842905963,240.4925390860503,231.68111545565742,237.13074348090268,12447011,237.13074348090268
2025-09-03,239.2596370588818,244.26553894841004,240.3298982078839,241.14467498300235,24481059,241.14467498300235
2025-09-04,239.2598711858244,240.5732772986292,235.3160350673895,238.4392279470622,26542525,238.4392279470622
2025-09-05,239.97305903259357,245.95729247930274,236.07858730163986,240.3702934254709,40828354,240.3702934254709
2025-09-08,233.4295093764653,238.38104689760254,231.190368643611,233.18236601694457,45877746,233.18236601694457
2025-09-09,238.9904008279778,243.1003534768163,237.35768664883585,240.7060582795596,45336338,240.7060582795596
2025-09-10,237.86626707049422,243.40481267546986,234.88867405102766,238.96352542768335,38471657,238.96352542768335
2025-09-11,239.30898807045347,240.67090813146052,237.14028394163725,238.26591501870425,10429792,238.26591501870425
2025-09-12,234.00815368136904,235.77430153806844,230.87620804560086,233.91263004625563,17490923,233.91263004625563
2025-09-15,235.94057252201796,235.23828662359034,230.10900194157816,234.20604327949007,37034148,234.20604327949007
2025-09-16,244.55815258162914,247.21284794101678,239.0225839740145,243.00467243809646,18271304,243.00467243809646
2025-09-17,245.95822656170768,247.67340731674363,243.8073456748359,246.61075596835917,16695081,246.61075596835917
2025-09-18,239.7028093215378,242.1762051785458,237.47248264288314,239.8512675115749,27217696,239.8512675115749
2025-09-19,244.0940583673191,244.47604446397676,240.92676669004257,242.46725405536057,41514594,242.46725405536057
2025-09-22,245.62906186695554,247.0801256143946,238.85525716364734,243.72024059823048,46204283,243.72024059823048
2025-09-23,245.35814043478314,247.70005019744323,242.95072505762934,244.2675207624959,38124567,244.2675207624959
2025-09-24,240.17368684970054,243.56896700392653,233.65357829029313,238.78667077099095,22191506,238.78667077099095
2025-09-25,239.46457547867703,244.67433497381492,235.1559912216706,240.54767502116692,33703910,240.54767502116692
2025-09-26,242.49199621222363,245.39386392751987,239.41072383285038,240.6410330047467,9856753,240.6410330047467
2025-09-29,238.4444904870385,242.13628946116864,236.95475578856247,239.5406069894405,16206661,239.5406069894405
2025-09-30,241.3936376574106,242.60361214696746,237.2522035096896,240.87506567677536,9914625,240.87506567677536
2025-10-01,238.41395784988032,242.53764484817893,233.84938334202815,238.06139404512595,5143189,238.06139404512595
2025-10-02,238.82370701827878,239.9245733979675,234.18692952807214,237.37152404879848,33872496,237.37152404879848
2025-10-03,229.50441711462554,230.86025489039312,224.23753436106796,229.3981634038536,33956348,229.3981634038536
2025-10-06,230.14405184201593,234.84931708799826,226.42516958525042,229.25120302049893,8256770,229.25120302049893
2025-10-07,227.91980664112836,232.02988769611673,225.82036275200767,226.44684717992925,14133366,226.44684717992925
2025-10-08,224.12928653399814,229.7701127432643,220.2123082194906,224.5189164752655,14940140,224.5189164752655
2025-10-09,221.63568926103844,223.4457401378757,219.20295620008054,221.43183178436252,18267417,221.43183178436252
2025-10-10,227.1705070339316,230.65634472081206,221.5105892138563,225.64911624431883,11783657,225.64911624431883
2025-10-13,231.70878764380433,234.25144425316014,228.41589977496668,231.40365702020375,24522770,231.40365702020375
2025-10-14,236.1688740370657,239.05756268364934,232.6733089603157,236.02207099660305,18071888,236.02207099660305
2025-10-15,237.71871822613704,239.17507634105095,231.9901263436711,237.56097717845725,28564862,237.56097717845725
2025-10-16,244.98035925664064,247.11343181182863,240.64028974097073,243.53670777409874,48205469,243.53670777409874
2025-10-17,241.3005221532462,247.0071732646974,240.64806987280122,243.21628715797465,9843923,243.21628715797465
2025-10-20,245.96308806639087,248.8382368940151,244.06375951285546,246.26703055948227,42366313,246.26703055948227
2025-10-21,245.7398685091859,250.73516419701858,244.12375547855308,245.21685392678353,47766862,245.21685392678353
2025-10-22,249.25749176835146,252.0373182956635,244.9307342346736,250.27581586920164,30676069,250.27581586920164
2025-10-23,246.9659261299582,251.70686932973445,241.63617398166107,247.07828879322912,7101272,247.07828879322912
2025-10-24,250.98101763354035,252.59760292270326,245.07556888332914,250.91045436203044,16884817,250.91045436203044
2025-10-27,250.85976011872157,255.58023545054567,246.95310779794553,251.61947799259343,20077882,251.61947799259343
2025-10-28,244.85212961543434,248.02407646250805,244.7352285779884,246.71250565543343,40461872,246.71250565543343
2025-10-29,245.99692073831852,250.8111665728052,245.9079941883505,247.8586253814035,25196895,247.8586253814035
2025-10-30,250.66610869036487,252.64653499466746,249.9401315637821,251.63017126928276,41047624,251.63017126928276
2025-10-31,252.1436846659717,251.8407171674665,248.2737482043667,250.76180168808958,45531035,250.76180168808958
2025-11-03,253.1550606506432,259.0765565278152,252.39419198179496,253.29975333110434,48748102,253.29975333110434
2025-11-04,254.74320992050139,258.7432985704249,247.9428429551342,252.99531810447291,25659877,252.99531810447291
2025-11-05,259.48448255449904,259.60882770263856,253.2070220740757,258.15503054835676,20900100,258.15503054835676
2025-11-06,255.32802940606362,254.89331573767882,249.06274645066225,253.6278603658452,13014253,253.6278603658452
2025-11-07,251.92351565665982,254.7067128318026,245.58648079279635,251.65627352379212,46292868,251.65627352379212
2025-11-10,250.80024173840036,258.098585206118,249.5588378949979,252.27505759438154,39778110,252.27505759438154
2025-11-11,250.5053777312017,255.02039266158212,248.50008985291984,250.90898500330098,32712521,250.90898500330098
2025-11-12,254.39756231808732,255.48230695898357,250.5510167759948,253.53270648298937,26765974,253.53270648298937
2025-11-13,251.43676800290814,254.88894495220148,248.34918294715757,250.0486878225749,16518403,250.0486878225749
2025-11-14,259.1396642271907,262.4475680100344,252.24534137416435,257.9795612217602,30439415,257.9795612217602
2025-11-17,250.74615075651374,254.72066815696752,246.68812657486976,252.47993285524916,30918999,252.47993285524916
2025-11-18,247.254759987591,249.84057032733418,246.4762484443051,249.03353501655982,17049007,249.03353501655982
2025-11-19,248.42371182482648,256.00686268583877,248.95807107862137,250.1619751900064,34364309,250.1619751900064
2025-11-20,256.12747167310545,260.51168442072264,251.4802615733781,255.08642486796083,48745483,255.08642486796083
2025-11-21,255.90564394737828,257.1244341845515,249.78372316066242,255.5648847830006,20210398,255.5648847830006
2025-11-24,250.5056174954418,252.90142341795817,246.58869257102313,252.0718727009804,7364444,252.0718727009804
2025-11-25,249.9026251367295,253.12799465003252,247.6232968748501,251.13232352493443,31171948,251.13232352493443
2025-11-26,251.47166652775093,257.2529487266665,250.752584790108,253.10697878509296,30253048,253.10697878509296
2025-11-27,250.81989033582235,253.07079833027404,247.7174188106062,250.37525198969365,23530210,250.37525198969365
2025-11-28,249.3757868348062,249.48512837848625,243.12714298788578,248.31282686830633,25921183,248.31282686830633
2025-12-01,241.7077565648276,244.317931332538,238.1995685805947,239.8957966419264,21160155,239.8957966419264
2025-12-02,239.31267332276983,241.16702389094516,236.17640065317627,239.89732124446627,9268894,239.89732124446627
2025-12-03,239.49956809472658,241.87386605908875,235.5905337079947,239.97788019226104,19078223,239.97788019226104
2025-12-04,246.17844482556356,250.45302440173242,239.57191077243127,245.42414063275035,33387944,245.42414063275035
2025-12-05,248.61545340322186,248.42382338624338,243.30361337024897,247.31737852290604,23920900,247.31737852290604
2025-12-08,248.5505869964199,252.1297294037328,244.36246112251922,247.64549396240056,23137165,247.64549396240056
2025-12-09,242.1953493423305,246.982461365076,239.05839187349608,243.9452482999718,38359856,243.9452482999718
2025-12-10,249.14423917721788,248.67805846942554,245.5662736172533,247.41784326638816,8331884,247.41784326638816
2025-12-11,242.94063869932285,246.13725553314487,242.45766686872625,244.34102895470602,20822375,244.34102895470602
2025-12-12,250.4354288982252,255.26355801891816,245.47799695036517,251.10178458367088,6471419,251.10178458367088
2025-12-15,248.81835556287035,251.04087999302806,248.8283761056827,250.22584809156055,47819153,250.22584809156055
2025-12-16,249.42477648201188,249.79572222841887,247.2668716213015,249.271881053745,11753758,249.271881053745
2025-12-17,249.94349366372285,254.00301147389408,246.3759733083651,249.5308175866716,12785609,249.5308175866716
2025-12-18,246.81577726247747,246.96699962874945,242.97131870782545,245.62708642012842,17165229,245.62708642012842
2025-12-19,245.03437266151082,249.31589483444768,241.9926372597496,244.78625095848412,17356291,244.78625095848412
2025-12-22,249.3010414238475,248.5115299148787,242.4333261360448,247.33227961797107,32278323,247.33227961797107
2025-12-23,243.6889656248526,249.15387870565146,244.43204271118933,245.1544611293696,6494642,245.1544611293696
2025-12-24,243.08212567416092,242.1617310571349,240.64387300989935,241.6467001883733,25816150,241.6467001883733
2025-12-25,242.38954967344492,246.1300681363064,237.50301384998875,242.37168753583717,47004556,242.37168753583717
2025-12-26,248.4376111622789,249.232779397483,241.55087058952213,247.2567239190128,6480399,247.2567239190128
2025-12-29,243.70911327904133,249.79916958555822,242.60179438170437,245.28618680994848,37534740,245.28618680994848
2025-12-30,245.22531840180318,250.79683397479297,243.81707302942485,246.0216883630261,22398538,246.0216883630261
2025-12-31,245.78229445695504,247.5226420208575,243.01236431348556,244.67920025837847,29100028,244.67920025837847
2026-01-01,250.53204896474674,255.81727744049374,249.2896746666902,250.0047757829703,12780819,250.0047757829703
2026-01-02,243.90895589876962,243.4985022307961,242.29830012120502,242.8663564093609,45021230,242.8663564093609
2026-01-05,239.7191085870977,240.63525189180908,236.37128660072176,239.71410368727197,13149014,239.71410368727197
2026-01-06,229.71954973055625,235.17114186418326,226.85716272468537,230.5310638400837,14603480,230.5310638400837
2026-01-07,229.39675537073126,231.94784310695334,225.91374491093265,231.0531111811526,11748452,231.0531111811526
2026-01-08,230.7257827841846,232.46054811737656,226.4810491676596,231.40033983182136,9257396,231.40033983182136
2026-01-09,228.4036904225155,233.67495361440416,226.4311483656259,229.08850993221876,29658981,229.08850993221876
2026-01-12,227.87151437913926,233.9999714110997,228.7302304996401,229.6824742242676,33307924,229.6824742242676
2026-01-13,232.51630553553204,234.50785050303662,229.29645627444296,233.23593721823832,32715098,233.23593721823832
2026-01-14,231.369241423221,231.4154249671247,224.7016925068403,230.21086914725555,49706945,230.21086914725555
2026-01-15,231.80646173443705,234.86079378309395,227.46828838809958,232.4311601059283,43947681,232.4311601059283
2026-01-16,233.15571424498455,235.90203244252754,229.0331906886342,232.5143956659245,8767114,232.5143956659245
2026-01-19,234.99359103708412,242.5007023323328,232.28097772050074,236.73163825157368,28229655,236.73163825157368
2026-01-20,235.59633558796062,239.22834890989125,235.27443197376164,235.77264286228993,25959073,235.77264286228993
2026-01-21,239.46035344250473,244.55343912983207,235.21369510218966,239.1473503027279,46130436,239.1473503027279
2026-01-22,241.8459595661624,246.73083330198529,240.01703117662126,242.88305672193098,43070145,242.88305672193098
2026-01-23,230.49310182166258,230.60471840711998,225.66879078175293,229.92118493458338,48450793,229.92118493458338
2026-01-26,235.8778377121976,240.73961085900459,233.67022774794518,235.79585957460623,14485629,235.79585957460623
2026-01-27,235.8130774713687,237.61069624927677,230.33497223843239,235.52645476300273,29587137,235.52645476300273
2026-01-28,237.48678473197492,240.93650819256715,235.51860057410994,238.95013040964972,40428136,238.95013040964972
2026-01-29,242.34512502734145,243.80777664847642,240.41777382694207,243.2396157583821,24838500,243.2396157583821
2026-01-30,238.32717409633133,240.96800840601907,235.33151310024238,239.6659974290796,40274616,239.6659974290796
2026-02-02,238.22420630645058,241.70210553003864,235.8740724161849,238.72309860968676,27455606,238.72309860968676
2026-02-03,241.680487132178,245.91510031754817,237.28874437520423,239.92360891239406,49335005,239.92360891239406
2026-02-04,237.83770635896946,244.7075139189744,237.15297077036158,239.660870670286,30167242,239.660870670286
2026-02-05,234.10091798554583,239.75737445132248,230.73358703895022,235.89826515064692,32157008,235.89826515064692
2026-02-06,225.02286334012834,230.56160616765285,219.87908377715058,224.9603962025378,6890634,224.9603962025378
2026-02-09,222.91544039814985,225.3316506133444,222.14834343699906,223.25337579708426,7519156,223.25337579708426
2026-02-10,219.19792667764813,220.6412172495918,218.20564586392695,218.74391379273277,28947998,218.74391379273277
2026-02-11,212.9232579264959,215.0519200687836,208.18687105436337,213.2274703103468,7525164,213.2274703103468
2026-02-12,221.26364053456822,225.30328461200335,217.85582189604534,221.47237538939697,13964945,221.47237538939697
2026-02-13,219.71063698863765,222.00312466327128,218.05002610047777,221.0145255170663,29302763,221.0145255170663
2026-02-16,213.8177798135924,215.77439304156783,210.7470090635559,213.73618280939667,19396310,213.73618280939667
2026-02-17,211.42455617209197,211.77920447112234,205.83080587852618,211.10551198241225,37992921,211.10551198241225
2026-02-18,216.15883218428937,221.097258623057,216.66972384784796,217.3837112345026,37763977,217.3837112345026
2026-02-19,214.6584666894392,217.72121421054928,209.3126977152757,214.1604727606324,23208177,214.1604727606324
2026-02-20,213.85088754601935,215.51022604843445,211.26979267311296,212.19081413973495,27608135,212.19081413973495
2026-02-23,218.586308893217,218.67314477196027,214.9189839907772,217.2530796072473,38941338,217.2530796072473
2026-02-24,212.44307812548692,216.45503295530312,209.90016880487056,212.79465879075852,25412035,212.79465879075852
2026-02-25,209.6902936037498,215.3293538784924,210.07721978634484,211.14185862706546,31266770,211.14185862706546
2026-02-26,223.021091899155,224.14369682402605,221.56000855240865,222.5787297248337,24482826,222.5787297248337
2026-02-27,224.80044788635294,227.20962323301302,220.5611877546986,225.02631970231423,21477067,225.02631970231423
2026-03-02,233.70808863785183,234.7815098670766,232.54758704361396,233.36552352560122,41424026,233.36552352560122
2026-03-03,238.9601946498984,241.7081553302033,236.7557072765335,237.26029117311805,14219702,237.26029117311805
2026-03-04,236.28515068008178,237.05165438893172,234.3190650370459,235.378796197051,33994494,235.378796197051
2026-03-05,238.2674131165421,243.96135658839245,233.0798588207633,238.43425770502216,38269533,238.43425770502216
2026-03-06,240.75073821844185,243.6589385574865,239.36365314060433,242.1414425897623,22729711,242.1414425897623
2026-03-09,245.73409360278026,250.3859967106803,243.19302791588086,247.36430846881336,39168536,247.36430846881336
2026-03-10,247.81095257891516,250.15512984158013,242.56797801717977,248.59538257327088,17052972,248.59538257327088
2026-03-11,247.058288695414,249.205147393855,244.48903883575093,247.9347018659472,24791652,247.9347018659472
2026-03-12,248.2193670133394,250.17887979516385,242.5937298833944,246.37946354811325,48190420,246.37946354811325
2026-03-13,250.90016200099737,257.97553127408867,247.84683657748624,251.9194220223093,33746144,251.9194220223093
2026-03-16,252.36434573329015,253.73423310571286,247.2802103860233,250.58403288118714,25804928,250.58403288118714
2026-03-17,254.43148059044628,256.6939807414117,251.18724966295287,254.41448818533942,12301243,254.41448818533942
2026-03-18,252.9628654789211,258.42057204065884,251.1880375995048,252.61914681966667,8166117,252.61914681966667
2026-03-19,254.9848772461404,262.7902890112346,251.67101665403305,256.7623014676426,27780083,256.7623014676426
2026-03-20,255.07188967251344,258.91393267262697,250.2653090237347,255.1520609926008,34938189,255.1520609926008
2026-03-23,254.64210560646782,255.45488069378774,249.62671648455836,254.71357507802057,28562036,254.71357507802057
2026-03-24,259.6762342092437,264.14459100972186,257.190470174535,261.09121856507437,16341156,261.09121856507437
2026-03-25,263.2373707397,264.74310786728375,262.73935898052554,263.3014718763111,10729226,263.3014718763111
2026-03-26,275.44711657215214,274.69551516670094,271.9200475362128,273.59013247774766,41149125,273.59013247774766
2026-03-27,262.34662149715973,265.9913014215945,257.8010700196846,263.09414782331584,5427445,263.09414782331584
2026-03-30,264.86565310838745,269.81674979607726,261.07832534764015,266.3585545139956,18616573,266.3585545139956
2026-03-31,270.8640104541451,272.88428000075635,269.976070027128,270.5304878441756,39904009,270.5304878441756
2026-04-01,277.04051240205126,279.05610906921714,274.17792919390195,277.21740400728817,38758172,277.21740400728817
2026-04-02,275.43515618398,277.42231696083314,271.8238514362798,274.81309186477716,14530938,274.81309186477716
2026-04-03,279.9031805150742,280.493915466185,274.78862461724333,278.11000053560764,30570167,278.11000053560764
2026-04-06,279.0077357312342,280.322558466539,272.79488653333215,279.68852435036575,43748323,279.68852435036575
2026-04-07,275.51433666970297,280.4335423545609,274.81937796568,277.38983940262585,48263053,277.38983940262585
2026-04-08,275.68953874902707,279.62121464620867,271.02200860051926,273.6161311824778,6392232,273.6161311824778
2026-04-09,272.60173025784485,278.6836582243565,269.0135628921655,274.35251464229617,13802120,274.35251464229617
2026-04-10,271.4188089683547,278.34743956783575,270.9860215480126,271.792129613408,36595674,271.792129613408
2026-04-13,277.73549787166104,285.64070955560044,274.35345713898863,278.9655236374417,28981132,278.9655236374417
2026-04-14,277.14283638624414,281.44743990929857,275.70966511811474,277.86467648337464,49158517,277.86467648337464
2026-04-15,271.4816546663065,275.67799022779576,272.615404461247,273.18206104251794,40809190,273.18206104251794
2026-04-16,270.35427119187676,275.37352527555043,264.68025841969614,269.73489793071093,21508352,269.73489793071093
2026-04-17,264.78756416522486,268.36387456576324,262.9638994907901,263.5308991469954,12201238,263.5308991469954
2026-04-20,259.88656522528885,268.18458295110923,257.11370060793035,261.8404510646419,6521080,261.8404510646419
2026-04-21,269.64911895173765,270.37944189607873,266.9159936192443,267.90256803555474,38349427,267.90256803555474
2026-04-22,267.15427870384013,273.5487499328665,261.1306067634419,267.0397406737099,8245369,267.0397406737099
2026-04-23,270.52662300450004,271.79634975160155,267.1031047041767,269.44168015601133,19054539,269.44168015601133
2026-04-24,264.72595149021026,267.1238880410137,263.23846520661186,265.39717212018854,48045283,265.39717212018854
2026-04-27,257.34983650338137,261.52426671152665,253.4130980652711,258.91341813469813,44344631,258.91341813469813
2026-04-28,266.1175875614845,267.49881622368963,266.1179323761328,266.6728620344055,6462623,266.6728620344055
2026-04-29,266.2429341962697,273.9249207414318,261.7568657321024,267.99207752058686,45855095,267.99207752058686
2026-04-30,269.4119068097932,274.32316345107324,267.07138957023045,270.98865209640314,26528205,270.98865209640314
2026-05-01,270.61727422167417,273.58922188518994,266.3710994283042,270.7117233664471,48868258,270.7117233664471
2026-05-04,267.32682205276564,268.52669365378875,262.4037925724199,266.2946998570005,6271534,266.2946998570005
2026-05-05,264.2600028641671,268.9931221542559,258.254176012431,264.79897830519735,34162310,264.79897830519735
2026-05-06,264.4191267575107,267.88736281855773,262.60112733758234,264.22630617664987,6690267,264.22630617664987
2026-05-07,263.7050239315735,271.12967525064124,263.3593347335615,265.17539414861807,8384098,265.17539414861807
2026-05-08,267.56908903471526,275.2914588612563,268.073443624562,268.71406837777886,39317429,268.71406837777886
2026-05-11,272.73450008181095,274.06683219255564,265.9735517645562,271.6176796889363,47526278,271.6176796889363
2026-05-12,271.06226304732206,274.81837167853774,271.2984418783154,272.41386937241737,11735875,272.41386937241737
2026-05-13,276.9154360395499,277.589398659973,273.7134067774766,275.52619817640164,30789431,275.52619817640164
2026-05-14,288.3756863407482,293.6759141547437,287.07929947059705,290.19002188443505,30426258,290.19002188443505
2026-05-15,290.7098909295046,291.94375803572984,285.85867559040236,288.6840638474057,10509796,288.6840638474057
2026-05-18,291.3417334417124,295.86807470284197,286.4045837872119,293.68334960382737,37776543,293.68334960382737
2026-05-19,287.46782865243284,287.9878721456976,279.23648757411803,286.0414455597543,7881907,286.0414455597543
2026-05-20,282.0858838960573,284.90971336846286,279.0655842225203,283.61270567951834,21682834,283.61270567951834
2026-05-21,282.56771215288796,285.95899868225877,276.5448167464508,281.0305970866864,45298925,281.0305970866864
2026-05-22,279.225630383812,286.6425055311531,274.16928095255145,281.11818147006863,20310743,281.11818147006863
2026-05-25,284.8918390347986,289.1850748389933,279.9206710200641,283.2378719695322,18669654,283.2378719695322
2026-05-26,279.3719054387298,285.7839849754219,274.12879370320826,279.46559419492763,6200654,279.46559419492763
2026-05-27,265.4494905881285,272.1483321988859,265.58998506727374,266.794988324599,31280350,266.794988324599
2026-05-28,262.319190088107,264.98987613909503,262.0699007393937,264.0444450941095,45131687,264.0444450941095
2026-05-29,262.1845067980703,266.2342688544107,256.80589080141635,260.27937098455527,22330057,260.27937098455527
2026-06-01,260.51209823501455,265.379914433829,254.2986638714928,259.1106541657125,8595002,259.1106541657125
2026-06-02,264.46142824309266,267.7307525879045,261.4747664034865,266.3968393696065,46363732,266.3968393696065
2026-06-03,266.9935000878562,268.48737564007087,263.80902854888757,265.65205009825337,15234597,265.65205009825337
2026-06-04,266.80304688446193,268.64865920432163,262.1327078934484,266.8695950873074,26364565,266.8695950873074
2026-06-05,264.6401604037386,270.730356158115,262.8409885359769,266.72257818296066,11978496,266.72257818296066
2026-06-08,263.4826644575034,265.2571540856611,261.4940159525522,264.05825391112216,19165960,264.05825391112216
2026-06-09,264.5114527047396,268.4219527320096,261.8129416758489,262.42042126489605,37818655,262.42042126489605
2026-06-10,264.1874450995715,264.3192066304975,260.3769945682862,262.3815296425714,41711273,262.3815296425714
2026-06-11,264.9505555500733,266.6993952133972,264.0848348562938,264.89723325952025,37238979,264.89723325952025
2026-06-12,268.50044408177075,270.34830697795167,260.80064913145554,266.73907915523847,15115387,266.73907915523847
2026-06-15,264.66530265247263,268.7730413303722,261.104047630858,264.4362209441357,38684238,264.4362209441357
2026-06-16,264.6800623351425,269.9085013310544,261.70889668217836,266.45343976111093,7109831,266.45343976111093
2026-06-17,265.12344739177354,270.2729594993886,260.70194730875613,263.97828815036786,23454559,263.97828815036786
2026-06-18,264.45207840319955,270.74227363171394,259.7368089729315,264.83749225058483,32342406,264.83749225058483
2026-06-19,267.01579935945523,267.9456364976641,264.0554216207705,265.2000864861724,28872572,265.2000864861724
2026-06-22,264.4644666616801,270.3161746366025,259.77386927143334,264.1111528278587,6199734,264.1111528278587
2026-06-23,275.60258949329057,280.826983243617,271.4935368933712,275.65738549500463,18690067,275.65738549500463
2026-06-24,269.75471035766,272.1944242861329,268.80508883889263,271.40314114464405,20258003,271.40314114464405
2026-06-25,269.33343964120826,276.22628691970465,267.3156383684759,271.2761085549595,38625197,271.2761085549595
2026-06-26,268.7644179032705,274.68718491939796,264.7938773645835,270.1018001657542,33712015,270.1018001657542
2026-06-29,266.27699543742654,268.81988306598356,261.2681764339292,267.5773479434835,46767139,267.5773479434835
2026-06-30,272.48322949668926,275.202644898985,268.5874309323562,273.91983664309504,37757354,273.91983664309504
2026-07-01,270.4692717805011,274.53102499084696,267.38844226214314,270.27204471767965,41800390,270.27204471767965
2026-07-02,270.70404333681455,272.6137607738179,264.7187479005071,270.20864890392977,43637662,270.20864890392977
2026-07-03,269.90042476797186,272.44103315586057,265.34868887708757,268.8744523811933,38745873,268.8744523811933
2026-07-06,273.4125352342518,275.0854178536316,267.31217212173516,273.52139692355,17591929,273.52139692355
2026-07-07,274.8704874940329,274.99018046437715,269.8755050374042,273.7747689731735,42758003,273.7747689731735
2026-07-08,275.92687198671916,276.3199753659266,271.8897267242133,274.87669950826347,30045428,274.87669950826347
2026-07-09,275.5414541290959,280.65654189250614,271.0664264211117,277.33715382960236,44144366,277.33715382960236
2026-07-10,280.8935103781858,285.0647948912508,275.5058299855872,279.4614489803871,10173953,279.4614489803871
2026-07-13,287.3037861464888,289.9540818858569,284.16474831073504,285.3615706811432,41200610,285.3615706811432
2026-07-14,280.9954497894089,281.0900820323145,274.3096690552119,280.4426440570721,39060760,280.4426440570721
2026-07-15,279.57941924713896,279.1402217025424,275.2415835886526,277.6976960151939,35803163,277.6976960151939
2026-07-16,280.4742745185635,281.4317556069367,276.0504378886807,278.40840788368956,23471105,278.40840788368956
2026-07-17,287.26095645679766,288.52006788017843,281.30339692908643,285.31903408272336,18964159,285.31903408272336
2026-07-20,289.59328342778736,298.0847502833,287.5635285354656,290.89619017995403,34885117,290.89619017995403
2026-07-21,292.2161918855385,293.86014755177854,291.5496899153893,293.1597611406759,29506377,293.1597611406759
2026-07-22,293.15570447226776,301.666622078834,289.48603725912477,294.5149678693751,21020855,294.5149678693751
2026-07-23,296.18290514678205,299.0657202378019,292.7834380712328,296.85287601411926,34345841,296.85287601411926
2026-07-24,291.6417845287473,297.3230566961233,292.7088575842492,293.71269221263384,46804312,293.71269221263384
2026-07-27,282.8170665889619,290.9199472455111,279.4783101736906,284.03178898178186,10653282,284.03178898178186
2026-07-28,289.8187826012971,295.2044100678144,283.1176068201486,288.5679076501694,8192056,288.5679076501694
2026-07-29,285.4905765452825,288.18277597151445,282.0846044150104,287.21664491466373,23329411,287.21664491466373
2026-07-30,289.31717252796244,292.26412013376125,285.2714496926364,287.15205000910026,49175659,287.15205000910026
2026-07-31,287.2150689919362,286.4035155643431,279.64142810014323,285.40766368397436,37451595,285.40766368397436
2026-08-03,282.68011720420037,284.02503944449893,279.5692835139936,281.9079048952291,32229705,281.9079048952291
2026-08-04,288.36284013326446,295.81719628855546,284.26624935036233,290.61617684714633,48893301,290.61617684714633
2026-08-05,303.667858191764,303.6887974606713,296.0773635319663,302.1851694993024,5718826,302.1851694993024
2026-08-06,306.7820867949996,307.14716006886187,303.006707160479,305.9776880902181,15111234,305.9776880902181
2026-08-07,308.6328746701808,314.5142639812215,303.52216678258065,308.1479465970825,37333511,308.1479465970825
2026-08-10,303.52920586749696,308.5423683700189,298.4098441636353,305.83293621140155,12065570,305.83293621140155
2026-08-11,313.267773265198,315.3517788945346,309.5455906475019,311.56503448509926,5427844,311.56503448509926
2026-08-12,308.3958053367713,311.4876485763072,302.9676694473727,310.65722321427853,31023697,310.65722321427853
2026-08-13,317.75079401630074,323.02594215586186,310.3268648511199,315.8026156841862,29277166,315.8026156841862
2026-08-14,310.53687843072845,313.44815335870317,307.60674591665787,308.43204138409084,13119660,308.43204138409084
2026-08-17,314.5389200995411,320.88070549545165,309.7850081756623,315.4771084249696,44613244,315.4771084249696
2026-08-18,315.14799968783535,320.9804042705016,312.9162383174505,316.1216221602351,31400409,316.1216221602351
2026-08-19,313.61726681120945,318.7480919465768,306.31083417215183,311.19405898623745,11285493,311.19405898623745
2026-08-20,309.5284374709646,318.2616776316728,309.768152045687,311.53806339253265,31861917,311.53806339253265
2026-08-21,310.9176047016443,313.2030503180521,309.93975611121084,310.7888515106777,44953233,310.7888515106777
2026-08-24,309.14114505335215,311.93533955701156,305.8475221372377,306.8304135595258,32505576,306.8304135595258
2026-08-25,314.08658187899863,317.18345522886744,309.54869573608954,312.70635594102106,49401258,312.70635594102106
2026-08-26,307.0593333781632,314.6707074966468,301.1243172178358,307.7903266240003,35970710,307.7903266240003
2026-08-27,309.10974305724034,313.2897509930972,305.2139615408437,306.9388413724956,24191077,306.9388413724956
2026-08-28,301.7082540051237,308.012629924784,299.2753839362431,303.9236677556837,8238804,303.9236677556837
2026-08-31,310.55684859753205,310.81682666243404,303.4386859352929,309.8259152036586,17485205,309.8259152036586
2026-09-01,307.84667843792045,311.4654725181965,299.84452024965606,307.47690588657736,41704653,307.47690588657736
2026-09-02,302.1293021868925,305.9998304792304,296.31732887463426,303.1357280410265,46315568,303.1357280410265
2026-09-03,301.3367677551164,302.52406482498884,296.39077797451813,299.58560178370215,35046546,299.58560178370215
2026-09-04,294.93046072117636,298.07076269298744,291.7972641047949,296.9882867411792,47990823,296.9882867411792
2026-09-07,295.4777243418454,296.47865400544674,287.3168521694014,293.48843792777996,30026285,293.48843792777996
2026-09-08,290.03299281979,296.714467378963,290.3786560894696,291.3023941299733,21055655,291.3023941299733
2026-09-09,281.82180235629363,286.95187404619537,278.4309445202215,281.52485034851657,26650053,281.52485034851657
2026-09-10,274.35856061325376,279.8569151779089,275.2301875972966,276.4507551203547,37704667,276.4507551203547
2026-09-11,272.9822548783399,276.01552754475455,267.30617844364133,271.78246978264747,5409717,271.78246978264747
2026-09-14,267.06921352975286,267.5944780273082,261.1605171327927,266.78645837333397,10623348,266.78645837333397
2026-09-15,262.27652484397095,265.4752928563679,257.10808319637783,260.51342373022794,7760381,260.51342373022794
2026-09-16,266.3270701223883,272.6615007534,260.79151314752124,267.4391584183241,27484422,267.4391584183241
2026-09-17,272.05551820601966,277.02809126747667,267.4794600660271,270.74911618498413,12161337,270.74911618498413
2026-09-18,273.71311685551245,276.505778181259,269.9286494210027,275.0757987357593,39779296,275.0757987357593
2026-09-21,261.1769211965241,266.3524064267659,258.53872369428916,262.04254242080304,30876276,262.04254242080304
2026-09-22,259.54571544059456,260.76230816857753,255.98757668474425,257.9764857019533,5667068,257.9764857019533
2026-09-23,262.3660144355295,263.97830278062884,256.2798343921928,260.5219102930181,31641492,260.5219102930181
2026-09-24,256.9400468463758,261.6105172951722,251.81217802783462,256.7841836400417,10993436,256.7841836400417
2026-09-25,257.51031589792234,263.17109464083154,255.28346123743916,259.42984299366657,48411397,259.42984299366657
2026-09-28,254.091289812303,255.82934900467026,252.15153230908606,254.70164286132908,35552008,254.70164286132908
2026-09-29,249.18479767140846,256.6934078383896,244.9727217198182,250.89667769499516,33908763,250.89667769499516
2026-09-30,246.8066362803945,251.54300062097514,242.48322666017765,248.0161850624529,45229774,248.0161850624529
