Date,Open,High,Low,Close,Volume,Adj_Close
2021-12-02,188.0051098933985,188.40635198275288,186.1186456132175,187.21383492213417,44042928,187.21383492213417
2021-12-03,180.17151783200177,179.8496952730038,176.28714437289855,179.145341017262,46255502,179.145341017262
2021-12-06,176.67038836835937,180.80393077576005,176.6582028762791,177.53026655730687,13912748,177.53026655730687
2021-12-07,178.732315865539,181.0242154656424,176.7370935675927,178.0321278594883,6011894,178.0321278594883
2021-12-08,172.8414717611705,173.18104117198806,169.31054552620228,172.25528471663526,24559224,172.25528471663526
2021-12-09,174.2459140642764,176.7157298480646,171.17940385128668,174.65479130409685,22142654,174.65479130409685
2021-12-10,177.55017969246884,177.7515687681959,174.9373613176149,177.05709411582683,20823067,177.05709411582683
2021-12-13,170.32280268520665,175.46250669635603,169.63256991943106,171.20598896062796,27886787,171.20598896062796
2021-12-14,171.5030720219691,173.55250247346473,167.98526579137297,171.70209023807263,26834048,171.70209023807263
2021-12-15,172.3079845227933,172.49790041718853,170.35490666597735,171.10814092614416,38107842,171.10814092614416
2021-12-16,170.21332473280512,169.972454364534,167.6434421427822,169.43301377883841,15844034,169.43301377883841
2021-12-17,168.8632272637791,169.57331612825976,164.54420694634166,167.6129254766044,47922881,167.6129254766044
2021-12-20,165.46263831994105,170.31605795094077,165.27320061890987,166.2215767543739,48719077,166.2215767543739
2021-12-21,164.7021658100388,166.23193585374995,164.8436908215363,165.25671084991046,47572521,165.25671084991046
2021-12-22,166.92980413616573,168.62773215115496,163.91883837348416,166.90595789601323,46011001,166.90595789601323
2021-12-23,170.26870536125824,170.01073662649424,166.2741430806561,169.11026353413916,43970027,169.11026353413916
2021-12-24,170.48805715015823,173.63916341317673,168.22482933196343,171.2276614729135,13471885,171.2276614729135
2021-12-27,171.14876978132497,171.86138090761222,168.26323392642934,171.02243653668666,28268872,171.02243653668666
2021-12-28,175.57124113971952,177.00756299163993,170.6724284280669,174.62974391576495,13237209,174.62974391576495
2021-12-29,173.57113881173373,177.1560116029014,172.65844815876216,173.08271445218185,11548897,173.08271445218185
2021-12-30,177.57485199501872,182.8306676107783,177.7255246148523,178.6310949922742,12837888,178.6310949922742
2021-12-31,180.3335260628199,180.17202652599417,177.01156594152627,179.17220305636974,21322294,179.17220305636974
2022-01-03,182.825953526011,184.9516539766739,177.53302129153982,181.61963987628064,32242596,181.61963987628064
2022-01-04,184.65633920394262,188.59345082221,184.37407132545178,185.96696922571513,44228461,185.96696922571513
2022-01-05,182.90924984349016,183.3786348464793,179.46433133441883,181.8530825908615,20512994,181.8530825908615
2022-01-06,181.38927089505216,182.8419556014576,180.97423374262752,181.46930730841288,42300181,181.46930730841288
2022-01-07,176.38517977504313,177.92327207481497,174.16325051369168,175.06886194813885,13497454,175.06886194813885
2022-01-10,174.94714307156428,179.02659157422684,174.7469418323148,175.96288637676798,38929867,175.96288637676798
2022-01-11,172.79374077692046,177.4018603106493,169.9796147866572,173.7324124506728,38290679,173.7324124506728
2022-01-12,174.98908492278625,177.29271321034895,173.81066633815297,174.44039730545336,14881875,174.44039730545336
2022-01-13,169.56690050551407,172.5322242129393,166.78309228865604,169.095986815799,42934158,169.095986815799
2022-01-14,167.93044968991148,171.87730967862544,166.59486167874027,169.15864699862775,35048139,169.15864699862775
2022-01-17,170.5345860508362,174.04987573930245,170.79536033474463,171.66655992324414,23380918,171.66655992324414
2022-01-18,169.24396010963062,173.02834789773593,165.60040515052282,169.273275386554,15326606,169.273275386554
2022-01-19,169.6014850348392,169.26354567806092,165.28496851471508,168.57829419855494,44714717,168.57829419855494
2022-01-20,165.37545931382854,169.416878931195,163.78544829589325,165.8981133041818,25682151,165.8981133041818
2022-01-21,169.32686280413304,169.74599925577994,164.25256417083025,168.40824774814686,10798669,168.40824774814686
2022-01-24,165.71384992944786,170.56116707257246,162.95420893370823,166.91293574975876,25593569,166.91293574975876
2022-01-25,169.31734862397687,170.9903259021555,168.38673834416807,170.06129491275996,39855258,170.06129491275996
2022-01-26,174.62097818091732,174.4332642320562,173.1708696537299,173.5811163919953,15329296,173.5811163919953
2022-01-27,166.7665137924581,170.05227959546,162.6872801020207,166.53312814693734,46793436,166.53312814693734
2022-01-28,166.1559664455665,167.4966258083508,165.7339267377362,166.21370952390097,17130904,166.21370952390097
2022-01-31,164.5276764196852,165.1466623423943,163.47088802973943,163.8516752323739,19263561,163.8516752323739
2022-02-01,163.99264750679697,164.98607558201624,161.06706177407136,164.4326174999275,11254747,164.4326174999275
2022-02-02,163.18277756219373,165.8737230767301,160.02580891342055,163.39421623129746,44784203,163.39421623129746
2022-02-03,158.79432217314192,160.14937386941668,156.38300875279128,159.68867103804655,9620962,159.68867103804655
2022-02-04,163.7500093899599,165.12897240786322,162.37449585734873,164.64649626622202,16295999,164.64649626622202
2022-02-07,165.19198103356283,165.23198802552932,159.99179089029136,163.95754559069292,11248596,163.95754559069292
2022-02-08,166.70174168946525,168.29981259518172,165.15523438781045,166.34722944472202,47535879,166.34722944472202
2022-02-09,170.31744778345984,171.27067085507898,167.9832148725673,170.22002259492308,41196948,170.22002259492308
2022-02-10,169.3530230769184,170.76059118112792,166.17840537999658,170.1919765417855,25037465,170.1919765417855
2022-02-11,174.20072972052134,176.47048497974407,170.35671963733358,172.9369748285931,15416221,172.9369748285931
2022-02-14,170.73462964875404,171.34171793060102,166.03203584284182,170.03166753257153,17494554,170.03166753257153
2022-02-15,169.1726039626494,173.81131536293026,169.06736988006566,170.1840187464308,26673470,170.1840187464308
2022-02-16,166.82453094766984,168.89891764486225,163.3222011775202,167.42091033910506,46326420,167.42091033910506
2022-02-17,168.12206242543576,169.84487946922846,165.41650836532543,167.3843298574187,47790415,167.3843298574187
2022-02-18,167.2502216413361,170.22272966761693,166.4449221542527,167.1825088745835,43497633,167.1825088745835
2022-02-21,167.87509889023076,167.92204027908076,164.75899612234414,167.2425067057379,22777513,167.2425067057379
2022-02-22,168.10440741431452,170.43236155123276,165.64200130499944,169.4216235100679,6648954,169.4216235100679
2022-02-23,166.20974477537393,167.9223033896509,165.13382023193168,165.83537445003228,12196801,165.83537445003228
2022-02-24,165.90130166074078,171.32400316153087,163.26313572562984,167.16896041239988,14177550,167.16896041239988
2022-02-25,168.23249765195632,168.68322545745704,167.42356305688082,167.78306939233696,21315828,167.78306939233696
2022-02-28,164.718550291135,169.2994040437532,162.15177189175418,165.18904577988715,25551309,165.18904577988715
2022-03-01,161.8476517983783,165.27675732627569,159.8165385138243,161.97083683586558,31811517,161.97083683586558
2022-03-02,159.96905939803676,162.62249268790407,157.91194068273543,161.21197440624292,10237717,161.21197440624292
2022-03-03,157.842143543246,162.3091449317088,155.13987175581377,158.39290683086412,37727582,158.39290683086412
2022-03-04,161.79751250294962,164.1364008987013,160.52939421593555,162.09292974605412,21583727,162.09292974605412
2022-03-07,164.29004092259606,164.87955211889525,161.63489098420624,163.6405846669348,43830063,163.6405846669348
2022-03-08,163.30630104102806,166.2154504079241,158.91722317070335,162.76436324440868,19982466,162.76436324440868
2022-03-09,161.98111362399032,165.59085336465458,159.388969841205,162.67264993885817,28081101,162.67264993885817
2022-03-10,164.3638282381198,167.16228068668144,163.5064970194265,164.304525538404,9936731,164.304525538404
2022-03-11,161.70258811035947,163.13278625510716,158.22271232995573,161.2201140205355,26225723,161.2201140205355
2022-03-14,161.266413326316,164.38850962840928,157.1320797141507,160.67468281686445,19551277,160.67468281686445
2022-03-15,159.1282842544717,161.3937505236285,157.16918815194407,159.4536160945327,7270174,159.4536160945327
2022-03-16,158.92710235457014,161.5304707210506,158.71106440903205,159.49511374226188,17700845,159.49511374226188
2022-03-17,157.28873091116273,158.16460871339117,154.24147273236636,156.72640481347156,37338196,156.72640481347156
2022-03-18,152.92978976742071,157.3828721747294,153.07597804497198,153.5578047038843,22882983,153.5578047038843
2022-03-21,153.79522170046656,158.4384825565776,153.49701919378256,154.72109197394792,12175347,154.72109197394792
2022-03-22,157.77449751736592,159.98322313590802,157.27364485003605,157.74747729447543,33731832,157.74747729447543
2022-03-23,158.44275176127772,159.2685081200168,156.1971023171644,157.51581335975217,38898956,157.51581335975217
2022-03-24,161.06698576872813,163.77107359028713,156.33155268205968,160.014477270189,23714306,160.014477270189
2022-03-25,155.87838942830666,157.81474847184387,155.16374214627575,155.66221312645803,22813292,155.66221312645803
2022-03-28,152.11057762935687,154.2206496879887,151.7714208343096,153.00366700869762,19266141,153.00366700869762
2022-03-29,152.90633853181248,154.54877363664463,151.5846668734568,152.87006602566277,32209796,152.87006602566277
2022-03-30,154.27436373965918,156.94466050701263,151.47914034883078,154.83588696003486,26006639,154.83588696003486
2022-03-31,156.251391760872,159.13547815096183,153.71645874924675,156.0366904472389,46982538,156.0366904472389
2022-04-01,154.69507938601558,157.09042987388338,151.5552598924177,155.25117848833767,49439540,155.25117848833767
2022-04-04,157.4170392126782,156.83760129524597,155.5935272805112,156.2703210288183,34434849,156.2703210288183
2022-04-05,153.1042370730079,156.22659994302873,151.5683845739798,154.05642923552236,41636349,154.05642923552236
2022-04-06,154.21401800879678,156.9579971328254,151.41015989549825,154.22708426809075,8737803,154.22708426809075
2022-04-07,150.05073036601522,151.14003306371794,147.08428711787317,149.8474496801574,7172253,149.8474496801574
2022-04-08,152.43685412055564,155.7105735706513,150.70760790384466,153.14734930459292,36910768,153.14734930459292
2022-04-11,152.65260067583145,155.32226832536887,150.00458899063386,152.50981718507617,48481418,152.50981718507617
2022-04-12,153.9219927203118,157.6697933151718,152.60315850318185,154.40906848754057,17460414,154.40906848754057
2022-04-13,148.83273397759024,150.35070588098387,149.21940083588984,149.8535882012876,49541423,149.8535882012876
2022-04-14,145.7478350546555,146.898743257602,143.06832998405386,145.43571692685995,18965525,145.43571692685995
2022-04-15,149.31949438614984,151.7466683345729,148.6202893414804,149.7699064629904,48845697,149.7699064629904
2022-04-18,151.11606106440698,150.72163185913405,146.5972233474674,150.01978742021137,8447992,150.01978742021137
2022-04-19,153.07923068371235,155.84628607058323,153.51587408628623,154.05553943722288,46151148,154.05553943722288
2022-04-20,155.27157594812692,156.66418372658407,152.86569356531052,154.1995997080164,20934243,154.1995997080164
2022-04-21,161.1889295975613,161.54667875900265,157.13320300881733,159.9645003825968,48846946,159.9645003825968
2022-04-22,160.50333342062274,164.07266866333123,160.95164646355937,161.6465321342396,35953928,161.6465321342396
2022-04-25,159.414438984328,161.44934793843547,158.6459540431115,159.10222092596206,15602704,159.10222092596206
2022-04-26,164.15753479815982,167.116133411127,161.22044634828922,163.63446962717424,16463051,163.63446962717424
2022-04-27,164.08818486461993,167.42640757505805,161.19682263336765,164.52838524588938,10924469,164.52838524588938
2022-04-28,169.4678759908129,171.33648950144973,166.30200687238064,169.2742915467653,8619682,169.2742915467653
2022-04-29,166.93156268031996,169.66844904078891,163.23707501579486,166.3306314879777,29699634,166.3306314879777
2022-05-02,168.21427507412218,171.71776472729474,166.83994550713746,168.11413009231205,28389155,168.11413009231205
2022-05-03,164.56753388550263,167.929360193526,160.94258859668932,164.25943584346874,28960660,164.25943584346874
2022-05-04,163.86889961569327,165.33875468502603,159.79205311704374,163.43060011154103,34984909,163.43060011154103
2022-05-05,164.19815968456808,166.42405626673224,164.67814352305717,165.26207082674665,22024181,165.26207082674665
2022-05-06,163.30516195013917,167.17502380125697,163.42008510225276,163.81483799495334,25225379,163.81483799495334
2022-05-09,164.95008973355917,166.76958715412692,164.0334703994015,164.932411823782,25671699,164.932411823782
2022-05-10,167.599674312813,168.98947043149533,164.92975460606246,167.0661105182374,24718413,167.0661105182374
2022-05-11,168.48157886706866,170.9269944082087,167.118792360763,167.843666713074,26976495,167.843666713074
2022-05-12,168.11407580588556,171.20500900567825,164.40445593115126,167.87898843031365,20434186,167.87898843031365
2022-05-13,165.11542620172222,169.55060961749155,163.4017889495567,166.43533813009614,14144297,166.43533813009614
2022-05-16,165.50312085772077,166.51447201249465,163.04819625137696,166.04251117868637,13736588,166.04251117868637
2022-05-17,166.7851087919843,167.47272298142553,164.7116945382331,166.06809843581192,10888438,166.06809843581192
2022-05-18,167.17676863555636,170.1552127103749,163.18719066101147,166.49564089421716,46626908,166.49564089421716
2022-05-19,165.13570550726928,169.2670338204024,164.4897126757924,165.4712425385424,22237429,165.4712425385424
2022-05-20,166.0699219268646,165.72534824808653,162.46598431908092,164.90895479176848,21602416,164.90895479176848
2022-05-23,163.47231539660555,165.2195167946712,158.77793030247733,162.57248188563892,43190811,162.57248188563892
2022-05-24,165.2567145983249,167.68037577612466,161.5053836171413,163.96641298489402,31021989,163.96641298489402
2022-05-25,165.43828622415415,168.1497857161641,162.65253115641426,165.81012376972626,40210724,165.81012376972626
2022-05-26,166.32716216188004,168.8081337239928,165.65139806301022,167.0418042692421,35936464,167.0418042692421
2022-05-27,165.52919239077286,169.65840570777956,161.807560168642,165.9258626474947,43413131,165.9258626474947
2022-05-30,169.09494006760445,170.57643701316263,165.58235898018498,168.91205982785633,33283330,168.91205982785633
2022-05-31,172.94960816495143,174.65835336955826,170.97074937671994,171.7122219123679,30455869,171.7122219123679
2022-06-01,170.5997785182902,172.10211058170506,168.80710501223348,171.69143228282584,38399029,171.69143228282584
2022-06-02,171.69548387026018,174.1380709219164,172.39251094920016,172.7794898107632,14622703,172.7794898107632
2022-06-03,176.3246157605073,179.70135910042373,174.09130640571064,175.77300173100951,27237677,175.77300173100951
2022-06-06,180.92799420431243,186.088501859252,180.80135433104118,182.19813040590182,47705462,182.19813040590182
2022-06-07,178.90734556624318,180.74716779838886,175.26781536284693,178.55119025287348,22987251,178.55119025287348
2022-06-08,179.77123009697604,179.74858898462458,177.90791537014906,178.36051647931887,35318639,178.36051647931887
2022-06-09,177.08435515551568,177.895786648389,176.12128836023695,177.5051800510503,7524670,177.5051800510503
2022-06-10,175.38569668011658,179.25113769203867,173.2494543685396,176.57602658851243,42856932,176.57602658851243
2022-06-13,177.99253853108743,180.29068659198893,175.90753475122503,177.44366416227095,42118689,177.44366416227095
2022-06-14,175.98883753389188,177.86019627541378,172.70464809043852,177.1304724633951,7165222,177.1304724633951
2022-06-15,179.73737139950626,182.6159586044466,176.50682547738458,179.64505723975418,28575385,179.64505723975418
2022-06-16,182.7683076214556,182.42876671872054,179.5454779907076,181.5315089446872,16301862,181.5315089446872
2022-06-17,185.52405831585475,189.67000297533696,185.99897065394015,186.76888911819844,11923883,186.76888911819844
2022-06-20,185.3105517384929,189.02952981311668,181.323020675103,185.86553449537897,15985107,185.86553449537897
2022-06-21,187.73482596506946,188.34769625134317,183.59626625511734,186.4273844521348,42746696,186.4273844521348
2022-06-22,185.53093806186646,185.24694892569957,183.32467238060795,184.0804417747591,12568074,184.0804417747591
2022-06-23,182.2612272250093,183.38351600742163,180.56468853597764,182.6802909819637,46774034,182.6802909819637
2022-06-24,180.67056656604177,186.03257674707442,180.20541318229854,181.87188498186586,21957523,181.87188498186586
2022-06-27,182.3238869009899,184.21536440005974,179.5581845459454,182.76406774431544,36126400,182.76406774431544
2022-06-28,186.69238864607277,189.86815177325482,184.19875328632128,187.3371166719953,15934614,187.3371166719953
2022-06-29,190.06722738666082,191.4596666426913,186.83660925947225,189.1084870941086,38563270,189.1084870941086
2022-06-30,184.44947731440453,188.4620856177599,183.83454127955298,185.71362869071913,26877235,185.71362869071913
2022-07-01,183.81871284932933,185.33097054684094,180.16577047387244,183.86534559223176,39819172,183.86534559223176
2022-07-04,189.72018120893202,190.62039081676429,188.98616140702407,189.88266259185124,43767307,189.88266259185124
2022-07-05,189.1332107668506,193.9800766615523,186.5906167469802,190.42322780174078,30357205,190.42322780174078
2022-07-06,184.85017784867463,185.934000063866,184.61643820457627,185.3557788583759,36028317,185.3557788583759
2022-07-07,188.04796170358262,189.20727832618076,185.040727851711,186.68028180245835,41200292,186.68028180245835
2022-07-08,184.94573953631286,188.9735885854202,183.9358888610143,184.5737351410806,20622091,184.5737351410806
2022-07-11,186.8769189741399,188.3296611460379,185.07957201269605,185.4727157473489,47196447,185.4727157473489
2022-07-12,189.1894250326199,193.59813776395248,185.49874950800356,188.9345967764972,5102978,188.9345967764972
2022-07-13,186.85910599812303,191.9315456406975,183.2197201747331,187.80446944396027,12432648,187.80446944396027
2022-07-14,182.07710655083582,184.29271027637225,180.4612987098619,182.64863255633406,30992195,182.64863255633406
2022-07-15,181.29847234834486,183.7638592393013,180.67779716187016,182.37805847528045,39044859,182.37805847528045
2022-07-18,181.30513635668507,184.4741120331452,177.50249507907327,181.5436082299232,49938247,181.5436082299232
2022-07-19,185.70175523819225,187.25591295601726,184.83328855355674,186.6655087257863,17207098,186.6655087257863
2022-07-20,182.9830664701163,184.79988434990193,178.10120392499314,182.63835965568242,7597804,182.63835965568242
2022-07-21,178.44909459781897,180.30054282192688,174.1995066767843,177.94362170915622,5395219,177.94362170915622
2022-07-22,177.60768356765868,178.86208806242828,173.7464787998384,177.29519659517658,42789737,177.29519659517658
2022-07-25,175.0907113955308,175.34329855646402,173.5190458006565,174.0975442360623,32803873,174.0975442360623
2022-07-26,177.91699031365482,182.33744040300505,176.41240161882394,177.9865586150948,16340587,177.9865586150948
2022-07-27,178.3778640299365,180.99951575316337,175.75113611055934,179.47246093392945,26249451,179.47246093392945
2022-07-28,173.30405412704053,176.66958877835145,170.2035462828632,173.88880068627083,47361844,173.88880068627083
2022-07-29,171.6934184265516,173.98979495167674,172.0325736192732,173.06843614976717,46631223,173.06843614976717
2022-08-01,174.67451868338918,175.23286145828155,173.42063888905815,174.62164613284125,46027674,174.62164613284125
2022-08-02,171.97467117517687,172.06356542178497,170.3911707487251,171.35311498808383,25256435,171.35311498808383
2022-08-03,171.56082777328336,174.5050363360795,168.79019426888624,172.2389074106903,19963360,172.2389074106903
2022-08-04,167.85053799367793,172.64056162419692,167.93980069666853,168.84319959375196,17916326,168.84319959375196
2022-08-05,166.32683505429034,167.46675416004288,163.7800199629242,166.9294753346739,42326336,166.9294753346739
2022-08-08,163.96811341149055,167.98250915561218,160.94963708819466,164.94797280388508,49237389,164.94797280388508
2022-08-09,164.84896602945597,166.72757422581853,161.29564618341806,165.393842298377,30890029,165.393842298377
2022-08-10,166.3820838248515,168.90880958338715,162.9229901493619,165.37098818487422,31507315,165.37098818487422
2022-08-11,169.68356848797998,172.7362381238096,168.12097958607848,169.18983068970425,28161097,169.18983068970425
2022-08-12,166.10823202348655,170.89869740671074,163.2997053379867,166.83328112012035,8196643,166.83328112012035
2022-08-15,172.57076962812488,172.82922714611854,169.81192929164976,171.27722258680734,29763832,171.27722258680734
2022-08-16,175.11173701721995,177.94036013954107,175.27588826125623,176.15217077517522,10119392,176.15217077517522
2022-08-17,177.8196006099209,178.43157353053948,174.2137923324741,176.53731885438108,21867522,176.53731885438108
2022-08-18,178.317569495818,181.89966117860274,179.0470371742484,179.42568865150213,30708000,179.42568865150213
2022-08-19,186.63326442277767,187.95090251230175,185.33499304582037,185.94494559066638,12489955,185.94494559066638
2022-08-22,188.36327835924712,189.74926810527276,188.06295609585345,189.35440423453338,16487335,189.35440423453338
2022-08-23,190.45891696413852,192.9324367493238,186.85401528030786,189.9603118564297,16871282,189.9603118564297
2022-08-24,188.82584195911494,192.46676634631385,185.57031450504408,188.22874986880674,13439599,188.22874986880674
2022-08-25,180.4938211464156,181.21939690609491,176.85089100514213,180.10350341469723,45318859,180.10350341469723
2022-08-26,175.9278224642257,178.52068373609302,174.31999081988567,176.3704309450775,7541916,176.3704309450775
2022-08-29,173.94202033036083,179.14998905852036,174.55284776520136,175.00539453662932,31069857,175.00539453662932
2022-08-30,178.14355454185116,181.04773728392132,175.02199854984605,178.83858654835694,18815228,178.83858654835694
2022-08-31,183.50055228950387,184.36587989092885,179.4459451540405,183.2505693797431,32693608,183.2505693797431
2022-09-01,180.58867871919284,181.18655828081347,177.55459907643817,180.60656483319215,22040411,180.60656483319215
2022-09-02,181.97837062496853,185.89633006654648,180.7470209587376,181.49154403356889,5193884,181.49154403356889
2022-09-05,183.50534641308494,185.1125453310591,180.71718789888558,183.975889345296,29573119,183.975889345296
2022-09-06,184.00971909660396,185.07866949369551,181.7095380331059,183.3368156255316,26372694,183.3368156255316
2022-09-07,183.27187839194153,183.41358783358655,180.70281132493005,181.9065101797932,8498034,181.9065101797932
2022-09-08,172.6967605681094,174.3435652571237,172.08089594042139,173.8627009957223,37095321,173.8627009957223
2022-09-09,171.10508010982318,172.50026864310533,168.8130404885711,170.26225608899713,5638413,170.26225608899713
2022-09-12,171.59501796185955,172.94613964500536,168.90806130917628,171.89334552779385,6384806,171.89334552779385
2022-09-13,172.38522399046005,173.7387156216715,170.02029395280346,172.5337107272305,29606984,172.5337107272305
2022-09-14,167.72877829309405,170.44558635618804,165.51020900440142,167.66194929483285,14276842,167.66194929483285
2022-09-15,170.342870461142,173.5162417690614,169.41503341403697,170.19842079602225,37381207,170.19842079602225
2022-09-16,174.61408762173548,174.95747937566293,172.08340577093793,173.7651847089274,24817587,173.7651847089274
2022-09-19,170.10947560548615,170.472606916284,168.90858545068753,169.95350608615445,21508021,169.95350608615445
2022-09-20,163.1989668265518,167.67238805785183,162.57164237824753,163.6819368240364,36072980,163.6819368240364
2022-09-21,161.83981287968166,163.24201943813355,157.58939139792432,161.62753735190665,9371541,161.62753735190665
2022-09-22,164.09706785497434,167.0851444026725,162.13860501583775,164.09893521160535,27801156,164.09893521160535
2022-09-23,163.01197390394438,165.42049408520054,161.10179911053103,162.0964196792992,19930630,162.0964196792992
2022-09-26,159.86387721353523,163.84042875137985,156.27902763701655,159.93013217747853,28075650,159.93013217747853
2022-09-27,162.6065758506687,163.594297943499,157.5532173493188,161.55646622979995,49766905,161.55646622979995
2022-09-28,167.22919430255115,170.69696296834326,163.61198149560244,167.80370079340926,41436980,167.80370079340926
2022-09-29,169.2547526790437,173.83216192285363,169.2615755330321,170.4125147521656,41839585,170.4125147521656
2022-09-30,173.06708437330255,176.21970536118013,169.82630377630085,172.00549706598392,19426781,172.00549706598392
2022-10-03,171.9179115360031,173.05649275010262,170.7355381705204,171.6741302745304,35972085,171.6741302745304
2022-10-04,171.3881961703492,175.39329590130686,170.83301541837565,171.47235654573544,43691522,171.47235654573544
2022-10-05,170.67118231682062,171.798243056914,167.9380657181413,170.118380614272,38435214,170.118380614272
2022-10-06,168.74377120221783,173.46765914161736,166.2345021493485,170.03846166275943,30253592,170.03846166275943
2022-10-07,167.32568615648194,169.7674711013936,164.63360571737826,167.51503254664058,23939995,167.51503254664058
2022-10-10,166.73256135152255,168.73275548014465,163.00291901475669,166.45853877720646,26130869,166.45853877720646
2022-10-11,160.2296923774708,162.36998335628687,160.30987881183134,160.9610052917224,29217681,160.9610052917224
2022-10-12,159.7852751967136,162.90837343334633,155.80029496559285,159.44172380850856,13242276,159.44172380850856
2022-10-13,163.92660086704234,165.07385927930986,162.45415073143621,164.4947387945555,9365049,164.4947387945555
2022-10-14,164.8995692430842,166.73667577307464,162.38800538852308,165.6374594280911,25001919,165.6374594280911
2022-10-17,169.6870929350348,170.88822881782627,166.21086860814415,168.78364727075922,31844912,168.78364727075922
2022-10-18,167.70639129726067,169.8498835619867,164.4407507006568,167.0969663784453,38539092,167.0969663784453
2022-10-19,169.64504109018296,173.18858679389265,169.10546765128944,170.17823273006843,37425216,170.17823273006843
2022-10-20,167.47058369717678,169.46479730090616,165.85437491840102,168.5448507682316,14719575,168.5448507682316
2022-10-21,165.02202129327603,164.86648450062913,162.48331989513946,164.19915620252678,26634448,164.19915620252678
2022-10-24,163.53695143877502,163.70554330983268,161.0315733069449,162.9726538631224,49198131,162.9726538631224
2022-10-25,161.07687373387284,162.67715825126353,161.55633513601904,162.0485637810804,15464468,162.0485637810804
2022-10-26,160.60985281069821,161.30859629854498,157.96195635259346,159.5008657927829,27769983,159.5008657927829
2022-10-27,163.21021279684226,163.9428995875377,161.0620113940857,163.09047981595486,36494822,163.09047981595486
2022-10-28,161.9307262131126,165.95502593096126,159.45591232198572,162.25509545668658,27899877,162.25509545668658
2022-10-31,166.55989368254768,165.87038418759406,163.9972086531854,165.30190535106385,44158353,165.30190535106385
2022-11-01,162.13610340370184,163.71997748026126,160.70078328576793,161.3794966447404,19126827,161.3794966447404
2022-11-02,164.23526914844595,165.68550161451773,160.24478772574125,164.09733302017096,21160395,164.09733302017096
2022-11-03,162.00447470579877,162.62989339957332,160.69309520359414,162.15555413678956,43527426,162.15555413678956
2022-11-04,159.4811503869336,160.8554732517732,155.79500752457616,159.51423637290353,6555270,159.51423637290353
2022-11-07,157.37984831302984,157.8153473039943,156.131318537876,156.79546037025267,41556486,156.79546037025267
2022-11-08,156.80733596178777,158.51542213701654,155.90574485616145,156.90994438499897,35261132,156.90994438499897
2022-11-09,158.5677548267241,159.93425343527815,156.50864710063675,159.50227679144902,46581088,159.50227679144902
2022-11-10,156.92211980371522,158.73614152471185,153.70838741712308,157.0571367770085,46775459,157.0571367770085
2022-11-11,152.9877786899605,155.03272856252153,151.10308543521163,154.20005713818514,38228892,154.20005713818514
2022-11-14,157.300127629413,159.82552406127195,154.7164418114979,156.89786624130346,24947594,156.89786624130346
2022-11-15,160.79803017969175,161.88578236376463,158.21986973913937,160.1273016400747,40342517,160.1273016400747
2022-11-16,162.12475634212177,164.97922559971983,158.4422185234169,161.62971986219048,17152792,161.62971986219048
2022-11-17,160.26138115210222,161.7469822974565,158.47905966419526,161.08216882500162,11395025,161.08216882500162
2022-11-18,161.05370588409698,163.6892754879637,161.00645329951826,161.65892509632494,47161750,161.65892509632494
2022-11-21,155.2959174458891,159.8228083561091,152.3043987979487,156.1759340515684,39747712,156.1759340515684
2022-11-22,152.28373364332913,156.67624948830758,149.68625704309014,153.34945746155987,29664803,153.34945746155987
2022-11-23,152.44397963339793,152.33861185614563,149.9570579716802,151.49284661363546,11421822,151.49284661363546
2022-11-24,154.22644126142717,156.72268095132324,152.75810374486235,154.48447901485792,10506616,154.48447901485792
2022-11-25,153.38826578778895,156.0546318324642,151.15316069923352,154.03624431701436,19729869,154.03624431701436
2022-11-28,152.15440318541783,154.67605826615468,149.5903146404053,152.2883193801577,24553568,152.2883193801577
2022-11-29,150.35423233052225,152.171930286743,147.24501725871974,149.92842005582568,24164525,149.92842005582568
2022-11-30,153.3238878097227,156.64730870002654,151.8242199083721,153.75525720486388,24237729,153.75525720486388
2022-12-01,157.31074382728772,158.9808023580245,153.70611805994858,156.69811749800414,43518407,156.69811749800414
2022-12-02,151.68372098254952,155.6940456110537,151.5567471856904,152.3275801197507,26000123,152.3275801197507
2022-12-05,154.66324169492609,156.18215759851847,151.4203875770689,154.81159597757804,6473066,154.81159597757804
2022-12-06,151.78675725456563,153.79001870189504,148.60104848900687,151.18460241730315,35801342,151.18460241730315
2022-12-07,154.55959252054436,156.66042024358586,153.4870891633577,154.62121626791705,18848610,154.62121626791705
2022-12-08,150.7885199712167,153.92192416859692,148.8671975136022,150.39850765431993,8609304,150.39850765431993
2022-12-09,151.41073049556934,154.6960165796687,149.3258486130431,151.23900245351334,36612188,151.23900245351334
2022-12-12,146.34472528332367,148.47821459676604,143.57293771398696,145.79508284911392,5638480,145.79508284911392
2022-12-13,142.6320111779233,142.5263301936053,138.6254726128156,141.74271731086807,26199640,141.74271731086807
2022-12-14,144.2253154782689,147.2802339071201,143.27150151539817,144.7721580982921,25670973,144.7721580982921
2022-12-15,146.38799686888214,148.1773206826412,144.31376022476124,146.41907818257855,49432357,146.41907818257855
2022-12-16,147.15196615608662,148.23526143174357,145.76994139057496,146.72210371379967,22965003,146.72210371379967
2022-12-19,148.77589117519628,150.4786329466034,145.24620237974693,148.1476949067259,28781515,148.1476949067259
2022-12-20,149.5405947049974,153.19983601819575,148.43635125097074,149.7184733503577,10073434,149.7184733503577
2022-12-21,146.31319714449904,147.89167851141272,144.96408677495893,147.49307487725423,7583863,147.49307487725423
2022-12-22,148.3383996271109,150.0791838907483,145.17596486902588,148.79977420911342,26084324,148.79977420911342
2022-12-23,146.2312190485596,147.87031352677627,145.13010936113642,145.60662439885326,38618664,145.60662439885326
2022-12-26,147.1513403194397,149.9753375020602,145.4275425526063,147.3042275759052,12387083,147.3042275759052
2022-12-27,145.2831489026623,146.99448396219694,143.3806075047291,145.7113371034411,13141227,145.7113371034411
2022-12-28,146.8638720686546,150.38508808508251,145.32148072396808,147.39523765261958,13069023,147.39523765261958
2022-12-29,145.0380449206123,146.18973507765406,144.14524566407619,145.38233790829105,12839162,145.38233790829105
2022-12-30,144.86037988032666,145.9504691493348,143.34330201712692,144.78028774403757,31182011,144.78028774403757
2023-01-02,141.2294710730855,143.53153446194372,138.3116292650005,140.1874985193293,27546273,140.1874985193293
2023-01-03,140.216901275823,141.60165541635703,136.73309641758635,139.50378054504242,42354812,139.50378054504242
2023-01-04,133.9824724186498,135.50253391904874,132.48895530639888,134.98877029132507,14921068,134.98877029132507
2023-01-05,133.35136484431484,135.52987792025945,132.3833533376906,134.21274946834436,27923864,134.21274946834436
2023-01-06,135.84529214664465,138.58610040587726,133.37890664828765,136.31505993503984,44812788,136.31505993503984
2023-01-09,131.85941462288363,134.563129474982,129.65523051023428,132.02086523247885,48759413,132.02086523247885
2023-01-10,130.01344644605825,132.14368247356342,128.81295905165356,130.44519090754386,40537134,130.44519090754386
2023-01-11,130.00978035755912,132.19353714758367,127.36766675294629,129.80413216717605,24575417,129.80413216717605
2023-01-12,130.91294675644332,132.1318164795064,130.3760883554037,131.21771268296075,39324000,131.21771268296075
2023-01-13,129.85959272297768,132.129427614676,128.8931110456808,130.18545624052712,23724329,130.18545624052712
2023-01-16,134.2787422286434,137.29580358771045,133.8120353718418,134.48761102859925,16872341,134.48761102859925
2023-01-17,133.94216865605415,136.246839529051,133.80648641128155,134.56694378553908,5400920,134.56694378553908
2023-01-18,133.1956680157983,135.65328478855452,129.74741311902483,132.3456788344443,24543591,132.3456788344443
2023-01-19,132.5197692113043,134.84959733072577,128.545281731876,131.7972917907124,18576039,131.7972917907124
2023-01-20,133.86815510744245,135.6477090153994,130.5353517707404,133.22932116870595,36795150,133.22932116870595
2023-01-23,131.98006222895603,132.84520286006796,130.67612762325965,131.4090650005527,34972863,131.4090650005527
2023-01-24,127.19585952560273,130.38119843631966,125.44132725970249,127.5075377139523,8961202,127.5075377139523
2023-01-25,122.04944159379673,124.45231222178273,121.69996727934097,122.72489285388475,7674196,122.72489285388475
2023-01-26,126.84463721382019,127.83267446234011,124.04711236771531,127.07945082274952,28273345,127.07945082274952
2023-01-27,127.09339492361362,128.83893901371061,127.34490828933339,127.72917241527931,28072875,127.72917241527931
2023-01-30,127.55142057220873,129.2857136688009,123.74702774385578,126.74996539168012,26375732,126.74996539168012
2023-01-31,125.11398556692417,125.58364858446262,121.76769386285247,124.28626580486082,43726736,124.28626580486082
2023-02-01,125.10297148473903,127.47019997011233,123.96233690049402,124.90691204482306,18888687,124.90691204482306
2023-02-02,125.35534334753852,126.85398670394274,124.24217755112963,124.98016473309455,32754170,124.98016473309455
2023-02-03,123.3202975349262,125.38698498718405,120.9879986525834,122.76341910590546,47479950,122.76341910590546
2023-02-06,119.61059520568791,122.1255919605782,117.87822608268432,119.74329926350515,47928295,119.74329926350515
2023-02-07,121.57609156315122,123.4295116013599,119.94593783396931,120.949118460579,14403872,120.949118460579
2023-02-08,123.42180597549765,126.35231691956909,123.38856759748944,123.90606411676214,33424407,123.90606411676214
2023-02-09,121.35776433060147,123.67790821100111,119.04193959730948,121.90206394229119,38854468,121.90206394229119
2023-02-10,125.3266001879529,126.25425584472838,122.9151336922048,124.76805588068865,26004978,124.76805588068865
2023-02-13,124.97180958897862,128.392460366606,124.58168326064926,125.36549933472506,19259279,125.36549933472506
2023-02-14,123.78691641257524,127.42416897333386,122.33324001134963,124.65928585644953,19078286,124.65928585644953
2023-02-15,128.17542518645243,129.06469543723247,126.82695176377786,128.37976631392374,6585396,128.37976631392374
2023-02-16,122.91077933485049,126.40580705271735,121.99982824206673,123.88193462554885,45075324,123.88193462554885
2023-02-17,126.71733864114003,127.2761903742709,124.66669238991922,126.04587864468807,8182494,126.04587864468807
2023-02-20,129.7837901678475,131.74444489807124,126.4256239695491,129.5881681098765,8013596,129.5881681098765
2023-02-21,128.83007773139252,130.73838980234822,127.02734307014816,129.8265710376019,5692062,129.8265710376019
2023-02-22,131.36761507419445,133.90382184748688,130.26066761975613,131.32795992048779,14937402,131.32795992048779
2023-02-23,129.35221150825194,130.60151065807406,128.390139426566,129.6501617705023,29402635,129.6501617705023
2023-02-24,126.98872046285499,129.39324386773995,124.77129676470149,126.8146321426494,33788819,126.8146321426494
2023-02-27,127.99945490059062,128.3878947993242,124.97735119129293,127.47193187052082,34429656,127.47193187052082
2023-02-28,132.84362083253143,134.68746237062666,129.6451238558519,132.04424952225926,8807842,132.04424952225926
2023-03-01,129.6810033268663,131.5272430004751,127.87737997302784,129.93328900921637,45113747,129.93328900921637
2023-03-02,126.72019652855542,128.7374222249386,125.26724832748518,126.18266224751049,35380818,126.18266224751049
2023-03-03,128.91933297176166,130.1619482367937,126.81189234378616,129.72241310405863,30012595,129.72241310405863
2023-03-06,126.02999541125796,129.21745799701165,125.63854282221325,126.79460023139707,31276781,126.79460023139707
2023-03-07,131.8545285917333,132.19055188486885,128.05538394909138,131.1555993852574,34498982,131.1555993852574
2023-03-08,132.47280969994222,134.76468959501872,131.87213233441815,132.9044914926537,44788988,132.9044914926537
2023-03-09,135.52779811795014,137.09296257475287,134.01352752239285,134.62305091533247,47839090,134.62305091533247
2023-03-10,130.21569003079418,133.8681224093815,129.66995555408215,131.11195938383912,16672722,131.11195938383912
2023-03-13,129.40876455142845,132.74826269629727,128.49331232868232,130.14009882930466,46702351,130.14009882930466
2023-03-14,132.47566576541462,133.72073783772154,131.04545454144477,131.67808070255526,25178195,131.67808070255526
2023-03-15,131.8582990416889,133.44585638340988,129.7977216801496,132.17965404695542,8407686,132.17965404695542
2023-03-16,133.43031283784072,136.06141563651988,132.03094956095725,133.5526352674393,21972489,133.5526352674393
2023-03-17,131.27737564384978,132.81807835363662,128.27504698713477,130.6140599807242,35507392,130.6140599807242
2023-03-20,125.94449204625454,129.01603015155854,126.67859440205909,126.9523912591189,19742237,126.9523912591189
2023-03-21,128.28178725983656,130.18067218183953,126.13021994487306,128.74162139285605,14521897,128.74162139285605
2023-03-22,131.63633535130086,134.06848166491267,129.77919889641495,131.07049310983163,32661588,131.07049310983163
2023-03-23,125.36376516717527,127.40570218235935,123.27959355775364,125.04979483040529,9058027,125.04979483040529
2023-03-24,124.08958111950135,124.06196180596551,120.45501414360167,123.17879234553769,25189650,123.17879234553769
2023-03-27,124.42307831353634,125.95298146989381,123.40358325797608,123.86620627673294,8338513,123.86620627673294
2023-03-28,126.49974532818723,128.45607915633414,124.3968603565304,126.70263368802505,13078665,126.70263368802505
2023-03-29,127.05879859691935,128.05592107505495,126.61535885260434,127.05262403672792,10214474,127.05262403672792
2023-03-30,129.50234467094202,132.35138083859565,127.60173966437735,129.15466948783913,22952511,129.15466948783913
2023-03-31,128.8291041801775,129.27258516178836,126.66494344432667,128.734508821541,26926804,128.734508821541
2023-04-03,123.22685932853707,125.68375578863696,121.68708194802423,124.20624265919221,39412778,124.20624265919221
2023-04-04,126.05112613250381,126.8218689402173,124.8427354858395,125.56062844115152,32778839,125.56062844115152
2023-04-05,127.74759764679943,129.59055365108676,125.00152061478326,126.97816559669074,24495078,126.97816559669074
2023-04-06,123.29171029766802,123.9382700670965,120.8941190890275,122.6608741520384,11657595,122.6608741520384
2023-04-07,125.70466266969002,128.68959160264143,123.46136914444322,126.2353108097363,31450018,126.2353108097363
2023-04-10,123.7838402113273,126.82398086726074,122.46036193365106,124.25610181062413,25724559,124.25610181062413
2023-04-11,122.59428669710577,123.86035360041065,120.2445966730498,121.70766685677964,10861074,121.70766685677964
2023-04-12,122.1040353086415,125.4864684561873,121.31848726735541,122.84428425191439,47777609,122.84428425191439
2023-04-13,121.80406068546097,124.34102760862902,119.86674512593572,122.56843535875475,24506352,122.56843535875475
2023-04-14,120.4954899596846,122.91836949893677,118.60485008662768,120.08794868136195,34703464,120.08794868136195
2023-04-17,119.13600527258914,120.8270660753825,116.04995805651888,118.84861661325715,49499244,118.84861661325715
2023-04-18,119.82179532178506,121.01653075311518,119.13048434887533,119.8761476153693,20594718,119.8761476153693
2023-04-19,118.08349756627288,118.99830554146178,115.5807989166983,118.1130541265848,49775462,118.1130541265848
2023-04-20,116.81439936075738,118.50972994226493,114.06748166228014,116.60394489033152,22065728,116.60394489033152
2023-04-21,117.78218415972017,118.95128487525237,114.66192035160202,117.05687686294495,47496185,117.05687686294495
2023-04-24,118.2487680714438,120.09286755325697,116.44020213583578,117.73043499880889,45333122,117.73043499880889
2023-04-25,117.42591807362994,118.24667207027397,115.57030829096244,116.74628364367125,21921516,116.74628364367125
2023-04-26,115.95734383962984,116.51972859938078,114.33992149920657,115.67681279229919,9774835,115.67681279229919
2023-04-27,117.48006680553318,119.18575264959459,117.39273578662052,118.25909260901652,20772673,118.25909260901652
2023-04-28,116.08560968283375,118.88852800101064,113.70918447194254,116.21632395598111,17387161,116.21632395598111
2023-05-01,118.71152958953633,120.25857776079582,116.16104797287056,118.30780279816086,22490374,118.30780279816086
2023-05-02,117.62252819569552,119.75905715595685,115.78349981822892,117.5881595227898,7874738,117.5881595227898
2023-05-03,116.55739378064122,117.86647560944365,115.4026267822115,116.16891857150249,6065563,116.16891857150249
2023-05-04,117.14607904620894,118.48409214374095,115.28774376729574,116.75044649353225,27787524,116.75044649353225
2023-05-05,118.23824208272184,120.3526602608777,117.96890061422543,119.00921488254315,12161084,119.00921488254315
2023-05-08,121.93484261735867,123.20615658644162,119.11484645856228,120.98697629957876,15122273,120.98697629957876
2023-05-09,122.42769577122537,122.53893401504651,119.14943210037471,121.90411323987777,15098060,121.90411323987777
2023-05-10,124.35393186014475,124.561954118836,122.6424341816225,123.76700360699735,32357282,123.76700360699735
2023-05-11,125.73032125821216,126.69317030495789,124.9043187608441,125.95246006092755,13021141,125.95246006092755
2023-05-12,129.16057258852155,130.94710822086842,128.84633165427897,129.72783950248726,9052796,129.72783950248726
2023-05-15,126.88885065459857,128.05250298921544,124.55717042299385,127.04872249484306,37102889,127.04872249484306
2023-05-16,130.5033053150441,133.12413035024022,127.17472558983665,129.87756014000348,46706028,129.87756014000348
2023-05-17,129.90707580711867,131.5604776970967,128.95986337112777,130.18924555394,7472417,130.18924555394
2023-05-18,130.83861889473422,132.82041214091657,128.03883598103783,130.8402105136265,29628676,130.8402105136265
2023-05-19,129.39967395900425,133.08907760150626,128.80865970261468,130.32988644451942,27762280,130.32988644451942
2023-05-22,131.67205712911345,131.98051109905884,128.62417031385831,131.38123070165346,32048600,131.38123070165346
2023-05-23,128.63105086506437,131.39725160067724,128.50518158127687,129.24925259764734,19420232,129.24925259764734
2023-05-24,134.61801891465834,137.94521374782258,134.76420653702857,135.38869993182092,9902547,135.38869993182092
2023-05-25,136.85497168339347,138.44390973636692,134.84298612719616,136.85337624925404,32772513,136.85337624925404
2023-05-26,139.03174447515988,138.67144257367804,137.23788728035012,137.97298808000787,5865969,137.97298808000787
2023-05-29,141.59564112134348,143.09960933842598,140.58488231553048,141.0032809356187,33647512,141.0032809356187
2023-05-30,136.38544192644656,139.51514482642864,134.06809862801654,137.2881821572398,37135376,137.2881821572398
2023-05-31,137.10828571196302,139.6012454435685,135.11897661593767,136.95927375665246,40356269,136.95927375665246
2023-06-01,136.27584753642594,137.27734082233542,134.4098823905776,135.71686454851357,35384041,135.71686454851357
2023-06-02,135.52206517583102,137.17807061260805,134.28721462494252,135.33352420244623,36873232,135.33352420244623
2023-06-05,136.75022043864638,136.93313474621465,133.87934605995247,136.47743659596108,5683142,136.47743659596108
2023-06-06,135.90909321727585,137.8277821794589,132.5993453134722,134.9791271965905,38478965,134.9791271965905
2023-06-07,134.85590012425433,138.0150973843133,132.08905542890056,134.90885682329557,28634871,134.90885682329557
2023-06-08,137.20533634669044,137.61769709993825,135.34788574882384,137.00648969949037,37335283,137.00648969949037
2023-06-09,132.59119895957699,134.73053729518068,128.91465842493216,132.20355663930314,31939442,132.20355663930314
2023-06-12,129.69297041437645,130.6311238349325,128.69622365067588,130.25521795010124,25924361,130.25521795010124
2023-06-13,132.48433582086187,134.5980922674117,128.70712621820306,131.69842832928296,48207993,131.69842832928296
2023-06-14,130.62401151604732,134.46910129777015,130.86536979322034,131.43749391553564,7577883,131.43749391553564
2023-06-15,128.63633440069069,131.19490942097107,126.79097690515229,129.58790094177994,24725670,129.58790094177994
2023-06-16,131.49324811452206,133.30739918557646,130.0609722386792,131.64172300617608,29375144,131.64172300617608
2023-06-19,131.00472096012606,133.26783335599873,128.7091148241623,131.38891084205133,18329598,131.38891084205133
2023-06-20,131.84616851173755,133.51331588270563,130.71401053690298,132.4312210316531,35893675,132.4312210316531
2023-06-21,130.0711673129208,132.16633782493702,128.00472849809572,130.74583564396028,37589136,130.74583564396028
2023-06-22,128.22437468848898,132.1402980377489,126.58572069506329,129.18740378315007,42010424,129.18740378315007
2023-06-23,125.08809749986445,126.39091408950809,123.5800347354089,125.01136082561585,17184611,125.01136082561585
2023-06-26,120.17622117960467,121.962625836829,117.88359320219314,119.28840216976572,47682606,119.28840216976572
2023-06-27,117.09107433778799,119.07648692158764,117.10883850263723,117.70840405132908,30725035,117.70840405132908
2023-06-28,120.33818665814276,121.23609871939536,117.86023519262027,119.80128353659411,19940553,119.80128353659411
2023-06-29,120.97082971225247,121.43690265103555,119.90382299612193,121.01064246463686,12016632,121.01064246463686
2023-06-30,121.66042804083384,122.12465690428577,118.97841151875777,120.84748847934436,8315598,120.84748847934436
2023-07-03,120.84252755999422,122.68224118924141,119.28781973465719,121.31213555035603,47578639,121.31213555035603
2023-07-04,120.23115677768028,121.47004402174157,119.97558074668794,120.27692208020568,42331108,120.27692208020568
2023-07-05,120.34353999267681,121.56315239562146,118.6187838954479,120.4973016178297,10088330,120.4973016178297
2023-07-06,122.13023918690854,123.7568920848266,119.52744338665995,122.07497779827472,49607844,122.07497779827472
2023-07-07,121.21889368691365,123.27413475927449,118.58947250580458,121.43371362125923,39590423,121.43371362125923
2023-07-10,120.69715631743932,123.97780050739293,118.26468015808733,121.0556235009943,41177313,121.0556235009943
2023-07-11,118.98814001290528,119.96920848317994,115.89792186204474,118.05800248625208,29169876,118.05800248625208
2023-07-12,116.64056092283441,117.83423229847983,115.73788257260595,116.2976900673025,19939957,116.2976900673025
2023-07-13,115.53850701187123,115.2290611119181,114.08090551660679,114.74967798144715,19450658,114.74967798144715
2023-07-14,113.97287275753133,116.76606071277986,112.4615282190986,114.36129593852952,41095642,114.36129593852952
2023-07-17,110.18568798187012,110.7145953495595,109.44551786034279,109.81656368905311,20203360,109.81656368905311
2023-07-18,110.58702456517098,112.6306506346059,109.59639585320866,111.40361280922615,45166758,111.40361280922615
2023-07-19,113.37728336757975,115.2114891589531,110.3301017266959,112.89643903421016,30754145,112.89643903421016
2023-07-20,112.59110305262521,113.71079755043431,111.8441484912166,112.69763664066159,32759021,112.69763664066159
2023-07-21,117.13771718301422,117.49634755782778,114.70681422769849,116.44067733733974,39979300,116.44067733733974
2023-07-24,116.47929713499495,117.86180901335574,115.77674626502925,116.12295371107506,38927929,116.12295371107506
2023-07-25,112.96743851979282,114.94538837228899,112.95751697917235,113.66379794348305,5483796,113.66379794348305
2023-07-26,113.04520128408186,115.19026658585999,110.69263905820603,113.33807437419492,49177048,113.33807437419492
2023-07-27,113.32020865254634,114.70487413942372,110.97075793449233,113.20556303643475,13139191,113.20556303643475
2023-07-28,112.7098673852998,113.47224164293183,111.59881694659599,111.86539395546812,23435508,111.86539395546812
2023-07-31,111.63337810364924,113.17132655299412,110.82201670053325,111.17675941572651,23127330,111.17675941572651
2023-08-01,111.3882054345088,113.29940743336134,111.5108523491445,112.08901853671081,5998582,112.08901853671081
2023-08-02,113.85010983152645,117.07157313045042,111.81882349839046,114.48351049487202,11444668,114.48351049487202
2023-08-03,116.14130220775564,117.58547815040096,115.70892600431917,117.04070631562261,7608216,117.04070631562261
2023-08-04,117.98227119831976,119.24583246698731,116.42433386661045,117.2366553235174,43912798,117.2366553235174
2023-08-07,116.99218930174983,120.40318732447457,114.98853848503414,117.55870430250728,47721991,117.55870430250728
2023-08-08,113.74220042686875,117.13382247394273,111.8259955396799,114.65582825400952,27290489,114.65582825400952
2023-08-09,112.89590040396135,115.57370994044825,111.64904907724885,113.38750196964338,43155347,113.38750196964338
2023-08-10,110.99161440080795,111.64122790772868,108.08844075729894,110.23382782152541,20902258,110.23382782152541
2023-08-11,111.6981555396445,111.67358619639337,110.65741739512396,111.40442814557069,49808692,111.40442814557069
2023-08-14,110.76408310823375,111.59785122996384,109.82737378817758,111.22150031728825,36195670,111.22150031728825
2023-08-15,111.25958677298779,111.79475751993603,110.40463701956556,110.6951336980664,29047567,110.6951336980664
2023-08-16,110.64113548878497,113.71471064016899,109.73986146459693,111.32428375049969,15608230,111.32428375049969
2023-08-17,109.81105949239928,112.55502524533094,109.16814940061698,110.23431634885014,11996088,110.23431634885014
2023-08-18,111.27548704432225,113.5150584581808,109.98526865943158,111.40119446014604,29044345,111.40119446014604
2023-08-21,112.30436940385054,115.24445814036126,112.05906902613546,112.57166686892468,29122821,112.57166686892468
2023-08-22,112.4818632544368,114.23504978627066,109.87134442481985,112.52739633595908,26191427,112.52739633595908
2023-08-23,116.90994945805593,117.73033870785025,115.30765869260597,116.744972523691,15258203,116.744972523691
2023-08-24,119.01661338034741,119.9400109763505,116.67114006641305,118.19550185961901,45386404,118.19550185961901
2023-08-25,115.62087322943053,117.56771898238125,114.50828922905204,116.39618285514558,40443454,116.39618285514558
2023-08-28,115.34080093168787,118.54018587508497,113.81867617269884,115.71614270680487,47880819,115.71614270680487
2023-08-29,114.20489194709496,116.12608709327418,112.63722807679389,114.45631605320852,45827279,114.45631605320852
2023-08-30,111.78124948485294,113.02205458605037,110.20546355135056,112.44915223857718,42592950,112.44915223857718
2023-08-31,112.01828905271782,111.55677534530146,110.40058372863177,111.26334589431931,8967454,111.26334589431931
2023-09-01,113.71508894683244,115.97799301906142,110.96936143991165,113.406479704279,34621304,113.406479704279
2023-09-04,113.15469729655052,113.63724581113081,110.64887813028963,113.20130189911788,46587120,113.20130189911788
2023-09-05,113.99860726115806,116.1239951115099,112.22479539564647,113.47847091490745,15193078,113.47847091490745
2023-09-06,112.56116842622659,114.44447925244407,112.13005991079127,113.0914217395664,47681218,113.0914217395664
2023-09-07,118.37784868047508,120.41497064958763,115.7744091163824,117.56659841090539,27429468,117.56659841090539
2023-09-08,118.76638957711152,120.6090776601938,117.61903974123287,118.16946187330544,48844748,118.16946187330544
2023-09-11,119.4278990385805,120.88833145233156,117.94195844013281,120.23800693185395,41927833,120.23800693185395
2023-09-12,121.1398920456523,121.42703626721737,118.89253832852467,120.33337592084357,24336481,120.33337592084357
2023-09-13,120.00219006901473,122.21802890916638,117.43685642863176,119.85801175442579,33922215,119.85801175442579
2023-09-14,120.24136622342488,121.10172096576743,120.29066180280145,120.67872495169587,15548547,120.67872495169587
2023-09-15,125.51987375578696,127.51942232333165,122.50730676619179,124.8799920442638,22216394,124.8799920442638
2023-09-18,126.09769475362167,128.00012753224954,123.76048774795419,126.04592362361164,48417140,126.04592362361164
2023-09-19,125.54438007282826,128.23997450453794,124.95574977150362,125.69692597073542,27850428,125.69692597073542
2023-09-20,124.97129646037145,126.27831898026913,123.47229915098472,124.07164207982984,15021452,124.07164207982984
2023-09-21,122.6243028399823,123.46247092543,119.41694455042555,121.89384429717374,5089136,121.89384429717374
2023-09-22,115.46381828277282,118.52252938409303,113.6622090777093,115.8797011686956,38575510,115.8797011686956
2023-09-25,118.2878846965322,121.13047392205326,117.12449086113166,118.75894129575703,46638788,118.75894129575703
2023-09-26,121.00940541857015,124.09436417265694,118.54623207283487,121.43203544957068,18464192,121.43203544957068
2023-09-27,122.20663563974195,123.95540749748484,121.28617396993589,122.71488564488524,11108851,122.71488564488524
2023-09-28,123.9685662697098,126.12221573743292,121.91626933170967,124.32609679627376,14364882,124.32609679627376
2023-09-29,127.40754641365382,130.1832267188854,124.98528185162944,127.01645024196839,35316952,127.01645024196839
2023-10-02,123.2648275618756,123.94927813289361,120.87105262831665,123.4221305854457,47762513,123.4221305854457
2023-10-03,122.7981819853322,126.52268784636492,121.23706178924064,123.7109808326735,26400176,123.7109808326735
2023-10-04,122.66923447450924,125.53080440455962,120.60190511450641,122.74624038843689,8582747,122.74624038843689
2023-10-05,122.93675474385094,124.63391803599241,121.99945061682195,122.28313044067605,46075434,122.28313044067605
2023-10-06,119.20819015827632,122.30795504373704,116.78129867577107,119.71000325948104,22379518,119.71000325948104
2023-10-09,117.53515870200974,120.37614286057021,116.57673964949078,118.27682011698785,38686110,118.27682011698785
2023-10-10,115.40856179484987,117.54018713239924,115.09469789961106,115.89937804754511,18210540,115.89937804754511
2023-10-11,115.87455288477335,119.47161613971808,114.66854402532289,116.63972594395356,14774681,116.63972594395356
2023-10-12,115.98806285780265,118.50123572548442,114.2443248835541,116.75044558659604,11209347,116.75044558659604
2023-10-13,117.00980909493451,119.02413314307138,116.07474960278398,116.495748614078,7719757,116.495748614078
2023-10-16,117.05150230801446,118.77424996156084,115.86071444409203,117.49196377077625,32705392,117.49196377077625
2023-10-17,113.55204051448627,115.64969767826015,110.49561532443096,112.98042284979948,37981824,112.98042284979948
2023-10-18,114.1546278925711,116.1082828188558,113.79755523099841,114.05018102422909,10774319,114.05018102422909
2023-10-19,111.88588576991417,112.83204425321915,110.049243804898,111.55270947018974,40868718,111.55270947018974
2023-10-20,112.98238277709547,114.42991265021038,111.18231620705947,113.72923696038157,16072716,113.72923696038157
2023-10-23,112.98561425044487,114.17367598833945,112.10946297019291,112.98945359358532,42244605,112.98945359358532
2023-10-24,112.84847956607794,115.9326862296909,111.93013528004859,113.43139099161439,47742903,113.43139099161439
2023-10-25,113.40841874057533,115.55165755325835,113.19443033336707,113.44951507615654,20876163,113.44951507615654
2023-10-26,112.33977863329038,112.6714891736538,110.37707479038262,111.46933918887571,10761680,111.46933918887571
2023-10-27,111.8253593891163,113.1279862716395,110.07695592305414,112.08932414508546,21665609,112.08932414508546
2023-10-30,110.00369289967075,111.1585232953335,110.07702180338181,110.69020759518817,31339783,110.69020759518817
2023-10-31,111.73671505033069,114.09966551238777,111.25924484969377,111.86595796275174,28755397,111.86595796275174
2023-11-01,115.99383740361955,116.80565042556016,116.28479556876337,116.52576287577358,38613440,116.52576287577358
2023-11-02,114.3019093780945,114.8646499862503,113.58297157783983,113.98707605733048,30996586,113.98707605733048
2023-11-03,115.0661078387162,116.50954552613845,115.21482069935385,115.99118475526498,19152861,115.99118475526498
2023-11-06,114.45593899242817,116.26330988137539,112.43343936173697,113.67980623870567,17371768,113.67980623870567
2023-11-07,113.57148089689915,114.50793083519046,111.36410778055102,113.52158398043389,6649678,113.52158398043389
2023-11-08,113.88408310997234,114.7696663918339,111.35017155123919,113.41237139125363,42406698,113.41237139125363
2023-11-09,117.1935615726555,117.67905280604903,115.7389266969128,116.72558982175114,23063528,116.72558982175114
2023-11-10,117.15386508578521,117.457950246193,113.86509293092972,116.63772502717248,23041214,116.63772502717248
2023-11-13,115.38368156255491,115.16324591390192,112.13443169980397,114.81836006336921,27409449,114.81836006336921
2023-11-14,114.65387278413414,116.62703437144857,114.120137892914,115.42515875276773,12647042,115.42515875276773
2023-11-15,113.98486887715369,115.80099792651797,112.68978308255218,113.27021379331183,13062366,113.27021379331183
2023-11-16,118.68939579396836,119.61059790234542,117.26840708698745,117.99775775140117,30122071,117.99775775140117
2023-11-17,118.81110785970786,119.91431351260341,115.17180926174585,118.11271406523481,42082001,118.11271406523481
2023-11-20,115.16230578304588,115.85557875026241,114.10070711257059,115.55246753664466,49474294,115.55246753664466
2023-11-21,114.91390483278866,117.64205268814128,113.11948145024061,115.45400700354936,27676570,115.45400700354936
2023-11-22,110.46328454162628,112.32181812138845,109.71497679823959,111.10210642794853,40894804,111.10210642794853
2023-11-23,113.63794228754435,114.37873030437655,111.34066050729665,113.67777360364568,9829437,113.67777360364568
2023-11-24,109.15458582959045,111.98851920169115,107.2359891652667,109.35215737786416,44265134,109.35215737786416
2023-11-27,110.66253077541107,111.1174084017709,108.56034403212597,109.8666450309819,35197790,109.8666450309819
2023-11-28,110.14752941104727,110.36743758209651,107.14263506088709,109.411099457059,16206423,109.411099457059
2023-11-29,109.50325858493218,110.79879716091212,106.81879685497319,109.41640739732833,39256466,109.41640739732833
2023-11-30,110.34008369689205,110.68502223150601,107.47861958124193,109.77443157133486,48584843,109.77443157133486
2023-12-01,114.29016559166828,115.18497739776502,112.27003515637777,113.7242005574373,44060865,113.7242005574373
2023-12-04,114.8951827390498,116.36921435684488,114.65626763111062,115.24271241713231,19224440,115.24271241713231
2023-12-05,114.00645482397213,114.0767855989577,112.65087657348195,113.7427457683811,45780182,113.7427457683811
2023-12-06,115.25423735841002,114.9325465313028,114.06251564870068,114.42883723920441,38300679,114.42883723920441
2023-12-07,113.07656994013169,113.82028122129734,112.31316026895209,112.98252238526814,40631883,112.98252238526814
2023-12-08,115.4058990011421,116.99455888492965,112.6103283239744,115.09501268546141,23457991,115.09501268546141
2023-12-11,118.96626873901056,120.44451935495532,118.63295974076014,119.7075621155154,43832411,119.7075621155154
2023-12-12,119.60999189273171,121.56305983217314,117.52676438527054,119.67943526356065,15489767,119.67943526356065
2023-12-13,123.83582920210269,124.45096770891051,121.03992591225636,123.97682482933416,37630126,123.97682482933416
2023-12-14,125.01343839091527,128.1221336962275,122.98844359492325,125.74237596630742,30817846,125.74237596630742
2023-12-15,129.4463938186147,130.2637514482801,127.80566814079287,129.40485163455608,25030845,129.40485163455608
2023-12-18,129.10049915366633,131.86339184276187,128.6321071670036,129.57440653963175,13475301,129.57440653963175
2023-12-19,127.96997014597832,130.3850905628965,127.93432440363483,128.66888050762662,34592871,128.66888050762662
2023-12-20,133.85440177083407,134.8547554339285,131.81304242345888,133.88939022505554,5673808,133.88939022505554
2023-12-21,130.4992384534186,131.02800891815008,128.18351391210925,129.77677343703772,40107999,129.77677343703772
2023-12-22,129.19738239379308,132.7607608587984,127.32427849148665,129.55727320980068,35394618,129.55727320980068
2023-12-25,127.27191402007142,128.57194661957422,125.97236156092727,126.79790359902718,10344540,126.79790359902718
2023-12-26,125.62536010675619,126.14297284948178,123.07660877071893,125.5094484389749,34781088,125.5094484389749
2023-12-27,126.17332573569588,126.40740832943003,122.40946731674285,125.19835617034889,49500782,125.19835617034889
2023-12-28,128.9142570631887,131.31361703444645,128.1870380597747,128.57427433221022,36005456,128.57427433221022
2023-12-29,127.85731730949803,129.41455470074644,125.58076529675935,128.05001295275798,16427852,128.05001295275798
2024-01-01,128.0475467409684,130.6674055213746,125.00195577951466,127.70731923329149,9673805,127.70731923329149
2024-01-02,124.84455744474968,125.94185274358486,122.22469113606836,124.5826268892024,23783632,124.5826268892024
2024-01-03,126.07969059734637,126.18576777152981,124.89899254492734,125.25539394953363,29533861,125.25539394953363
2024-01-04,124.1638766958459,124.03519734321243,121.93984597861846,123.33010099855325,41670326,123.33010099855325
2024-01-05,120.77620147006107,124.03418462813438,120.2347833979855,121.07197555553712,44125358,121.07197555553712
2024-01-08,122.25250738132053,122.91014972225754,121.01469818852203,122.01058500147823,34923822,122.01058500147823
2024-01-09,124.79017328661782,125.86086572216264,122.96399236756913,124.59105617918914,48391122,124.59105617918914
2024-01-10,124.44880309079822,127.18705713712365,123.82533621107139,124.59041702859483,32875046,124.59041702859483
2024-01-11,124.50585238741131,127.7778391444694,122.88485865788867,124.78957512739893,48289042,124.78957512739893
2024-01-12,125.37630755123493,128.10456376151552,123.35947571543599,125.43568263047683,32212858,125.43568263047683
2024-01-15,124.74356659849897,124.79639127000148,122.44708890822643,124.2541024403857,37267924,124.2541024403857
2024-01-16,124.94548024653741,128.22157475678299,124.2266958705959,125.57119915357514,19421019,125.57119915357514
2024-01-17,124.60480900674912,127.02207729626225,123.23201959819444,124.14542846525595,38385090,124.14542846525595
2024-01-18,127.64173539200283,130.6478638960745,124.47194513061709,127.64011132335433,31151594,127.64011132335433
2024-01-19,126.65335388010071,130.40711028258139,125.82690724657418,127.58951672040439,47555018,127.58951672040439
2024-01-22,128.73974658290274,130.19479004704326,125.35987137335617,128.54300837154727,15507146,128.54300837154727
2024-01-23,125.01136526202328,127.51566502831729,124.31052598722016,125.54305346689686,34978803,125.54305346689686
2024-01-24,122.95303619748826,126.59421287117001,123.29333113573973,123.89470464448614,33273116,123.89470464448614
2024-01-25,124.86294720777693,128.83277100025404,124.692363652444,125.86033352347319,48601414,125.86033352347319
2024-01-26,124.75916963414454,125.70134619459148,122.76221334444955,124.51671372097707,17260107,124.51671372097707
2024-01-29,124.76906682709533,124.40976261247944,123.19566257585878,123.83374385977883,18280293,123.83374385977883
2024-01-30,121.53183925254115,122.41272303746686,120.06058635497041,120.67271672862535,18106078,120.67271672862535
2024-01-31,122.34212990626072,124.13486191076584,121.49191824448828,122.06163168179538,34620694,122.06163168179538
2024-02-01,121.17415310548022,123.03831743330764,119.38958996128676,120.6886390961947,48899002,120.6886390961947
2024-02-02,124.01240559266364,124.46916888585729,122.08590731042925,123.50240951059955,26922605,123.50240951059955
2024-02-05,122.39364355489312,125.14747891241329,120.97092092819648,123.26598853032036,48409532,123.26598853032036
2024-02-06,123.87240673439602,126.16453820293766,122.26286023107312,123.78160417251019,44662843,123.78160417251019
2024-02-07,127.03017353724289,127.40654585957515,123.44349781961989,126.43577726060326,34680581,126.43577726060326
2024-02-08,129.74735216826306,133.4099699674047,129.4948036023568,130.61405818480824,36007653,130.61405818480824
2024-02-09,131.20196355184973,133.91733914350164,127.44842174427025,130.6916060001292,26474924,130.6916060001292
2024-02-12,131.0816879489691,133.84325036275067,128.5269281262115,130.69354139443945,42057489,130.69354139443945
2024-02-13,132.69083506007314,135.19770310197006,131.4319301980632,133.5261120750172,11098154,133.5261120750172
2024-02-14,132.28150187080482,134.70855284139196,131.0805157314297,132.53576617636514,40364100,132.53576617636514
2024-02-15,130.85474554360982,133.51244597291316,128.0001590585254,131.24129997848664,45903207,131.24129997848664
2024-02-16,131.06197544888522,132.1993393979923,130.16894671424706,130.62188245250582,35977207,130.62188245250582
2024-02-19,138.80566883666336,138.52008630389503,134.9965754339821,138.15401303185857,39298673,138.15401303185857
2024-02-20,139.16423473914963,140.47500753507856,136.0056664932013,138.79155737225992,21694598,138.79155737225992
2024-02-21,136.9897210627153,139.35281865369018,134.4737859635018,136.39762445907172,40164944,136.39762445907172
2024-02-22,135.9475616726154,138.58602417461847,134.1717072828541,136.26871709984712,22509312,136.26871709984712
2024-02-23,131.95611779840613,134.43351197648056,132.14185828306995,132.74455632930622,31960742,132.74455632930622
2024-02-26,129.79471709706036,132.79335426172892,127.36212393121721,130.52219828645556,39313859,130.52219828645556
2024-02-27,126.78557466763968,130.5720158825799,126.7071563573184,127.7173646802736,15192942,127.7173646802736
2024-02-28,131.1776335617787,132.04623618172843,128.47040285261477,131.15776899299846,14760422,131.15776899299846
2024-02-29,130.53560099632162,130.51267184079109,129.14759705205347,130.14319757586995,42391249,130.14319757586995
2024-03-01,132.36056602584088,132.840856968678,131.81676400793103,132.17433643383566,42381463,132.17433643383566
2024-03-04,132.97549029952626,134.38742140409158,129.14917051775407,131.98125019108159,14201842,131.98125019108159
2024-03-05,130.31035191019663,132.3016385250419,128.68171876379245,131.17076867418254,12269486,131.17076867418254
2024-03-06,129.7603436229251,131.8454385559985,126.3437100054675,129.53879482025056,49455655,129.53879482025056
2024-03-07,128.73223862567835,131.19829309197763,125.2483187711165,128.0356882944585,38338254,128.0356882944585
2024-03-08,124.02945710938305,126.1767769741901,121.83819638603995,124.73748035149073,30707247,124.73748035149073
2024-03-11,123.67862749027445,126.32151469440448,120.45406098324888,123.3673929579324,19211639,123.3673929579324
2024-03-12,121.25180204135086,123.51938523254051,119.65593295273794,121.08748450506125,22850859,121.08748450506125
2024-03-13,121.55609411909855,123.14313360290404,119.25072504298116,121.93437258919093,45086254,121.93437258919093
2024-03-14,123.60095295780671,123.508505035747,120.6569224800723,123.24614859102407,8225319,123.24614859102407
2024-03-15,128.4595764985126,129.57411718543548,124.83205948697906,127.54173060571128,19929330,127.54173060571128
2024-03-18,127.84429732784547,128.58102754765767,125.31290834419582,127.95518887922316,23102867,127.95518887922316
2024-03-19,129.8957809474031,129.64809753922947,128.82802441437275,129.14209281106525,14566092,129.14209281106525
2024-03-20,125.5581245625595,127.73460019228902,124.94800254957264,126.30955843039843,6342923,126.30955843039843
2024-03-21,127.38824167488161,130.09803131624926,125.83589558573946,127.3987316278754,49101552,127.3987316278754
2024-03-22,127.29176031283119,129.40985744732754,127.01188411977354,127.44357966282223,39850908,127.44357966282223
2024-03-25,124.47384282028845,125.61734122359077,123.13511652575582,124.16574365549133,32388762,124.16574365549133
2024-03-26,123.18200169178617,123.97379049598568,120.27625409650423,122.2176942845091,45847644,122.2176942845091
2024-03-27,123.54368091182214,124.34127859710212,120.94244929635084,122.67979203973866,33070769,122.67979203973866
2024-03-28,121.6036170513741,123.48314090327996,120.96141700074806,121.42811865601239,19986879,121.42811865601239
2024-03-29,121.30554795918694,124.43300748979118,119.90779053514277,122.27848258847207,41362141,122.27848258847207
2024-04-01,126.38807644501527,127.95974435612032,124.98444725418085,126.78245078909693,12880223,126.78245078909693
2024-04-02,127.05328919808889,127.45752400876815,123.92426091997368,126.47755362641472,11528124,126.47755362641472
2024-04-03,123.81653932640411,127.44140443925168,122.91900937607768,124.51031644932709,31040085,124.51031644932709
2024-04-04,127.37821073387485,127.82644091724106,125.62842102145474,127.23773646940246,12676219,127.23773646940246
2024-04-05,130.3605357492705,132.94838180738694,129.39988260244942,129.89418415725933,25760161,129.89418415725933
2024-04-08,129.3172200961372,130.1747039900938,127.21431063539006,128.53148162438703,5629620,128.53148162438703
2024-04-09,125.11572577373985,125.12226355259756,122.81253508677192,124.32696653249553,41225840,124.32696653249553
2024-04-10,124.30557751311282,124.44027622723168,121.52458762423873,124.14904069423012,11916192,124.14904069423012
2024-04-11,124.90534938427162,126.3000937037918,122.48170230532956,124.08797503238702,46091637,124.08797503238702
2024-04-12,126.36406030406424,127.1789936537135,125.4545280281628,126.54707506574661,37745562,126.54707506574661
2024-04-15,124.7879946107767,126.7634306273439,122.47519683166645,124.6168016559244,17473277,124.6168016559244
2024-04-16,122.37703858436055,125.04642875312408,121.50719413282538,122.11471840383315,10751269,122.11471840383315
2024-04-17,123.45416945857436,125.0823004968953,122.76420507324073,123.27536437879826,12343556,123.27536437879826
2024-04-18,127.99359390002056,130.79859526595857,127.07747867839873,127.94188289234309,39071406,127.94188289234309
2024-04-19,129.83100338606462,133.34878586164496,130.0673696243949,130.42994948659316,14774051,130.42994948659316
2024-04-22,129.44801949515153,129.90588590484117,128.1484205726193,129.11384406029669,39643545,129.11384406029669
2024-04-23,131.1677080824268,133.63373277843428,129.45868784067721,131.3228694150093,9615393,131.3228694150093
2024-04-24,133.27612209717756,134.61556359888732,133.99933623172993,134.33086993484906,42806066,134.33086993484906
2024-04-25,133.3424968817368,136.19333144881068,132.49890343347678,133.5979128630554,23112787,133.5979128630554
2024-04-26,133.5511999973074,136.99142767414918,133.13152209132886,134.3983901601187,48284909,134.3983901601187
2024-04-29,133.21546513066963,134.9683551270716,129.97149704629084,132.8061208348003,6024098,132.8061208348003
2024-04-30,134.40852027686043,137.12240481334211,134.40122189537,135.2492255776134,40888670,135.2492255776134
2024-05-01,136.86495462120754,136.90820841386204,134.16116480131245,136.32956425996161,19133426,136.32956425996161
2024-05-02,137.7184727241548,137.94360779933766,135.70471635551914,137.2403423804829,28490805,137.2403423804829
2024-05-03,137.74670820067988,141.3905225921925,135.8480146671021,138.05698561049294,37129579,138.05698561049294
2024-05-06,137.18106651146584,139.77378840836204,135.05498658498306,137.20872961378757,19019741,137.20872961378757
2024-05-07,133.4526667360102,133.8666017497387,132.32478491959802,133.5019329657652,5536363,133.5019329657652
2024-05-08,136.6773262752771,138.92437516204546,132.85186448209015,136.095427262288,37193313,136.095427262288
2024-05-09,138.1316339480194,141.5132080957639,136.9157607410128,138.17465805973595,5936331,138.17465805973595
2024-05-10,143.19868335983003,143.82538102231143,138.9101757898399,142.2056827461347,19579637,142.2056827461347
2024-05-13,143.39412156333614,144.56751948130153,143.8355788607556,144.12744929046906,7374887,144.12744929046906
2024-05-14,146.10478347046495,145.91365913075512,142.28364301217863,145.29679214292506,43478233,145.29679214292506
2024-05-15,149.03033682370736,152.0693441932776,148.2092073336236,149.04702355959634,20465447,149.04702355959634
2024-05-16,149.10750353456467,150.8243231830271,147.03617766895223,148.2671363346245,8950635,148.2671363346245
2024-05-17,146.93893509054345,150.05033621749104,145.35797869382338,147.09565297897112,47014066,147.09565297897112
2024-05-20,150.5699443536158,151.72941983735222,147.5744118710006,149.62577403967393,11567363,149.62577403967393
2024-05-21,144.02778635719235,145.39937811987258,141.66985530130688,144.5597865248781,15430832,144.5597865248781
2024-05-22,143.14927502177517,145.3875625860047,143.30326611550734,143.84901624090222,38481236,143.84901624090222
2024-05-23,142.15620241146408,143.71846488561667,140.4524559050054,142.89882217996384,34191157,142.89882217996384
2024-05-24,150.8776964643003,154.48095611290705,149.07923256436501,152.070980726959,33374363,152.070980726959
2024-05-27,150.69752567897356,150.80963497623432,147.82848005161625,149.66114792623378,12281556,149.66114792623378
2024-05-28,145.03522493889002,148.95286817373648,143.35723337679215,145.53216251350196,39079168,145.53216251350196
2024-05-29,145.49701299173037,145.83926079524943,141.59430865906353,144.74680854490532,38931776,144.74680854490532
2024-05-30,143.43965915012052,146.5203968015484,142.5778524676712,144.07441201548613,47267006,144.07441201548613
2024-05-31,144.2637927662227,147.00008700376617,141.0026047466796,143.55049241454157,22609969,143.55049241454157
2024-06-03,141.4469789063343,143.70492420315244,140.80976079812507,141.36744894898823,28378600,141.36744894898823
2024-06-04,141.9884997587934,141.79633722151053,141.05465349750312,141.5065091956541,5484665,141.5065091956541
2024-06-05,143.8801065781734,143.65096435864436,139.88561903263397,143.1471076043839,19873141,143.1471076043839
2024-06-06,139.97125603750777,141.40324681281237,138.74078777498818,140.16596761727976,23391345,140.16596761727976
2024-06-07,142.40688943789215,145.50859145754745,141.390830912897,143.39908355489348,33899340,143.39908355489348
2024-06-10,145.9910212222939,147.9918754198985,143.24154425807475,145.51777477177808,21969506,145.51777477177808
2024-06-11,146.02089207799835,148.57779992865093,143.99753079544453,147.1126844201536,9534746,147.1126844201536
2024-06-12,147.09713548281997,146.87051841808864,144.73005119843785,146.07603652001043,30146890,146.07603652001043
2024-06-13,148.36634532916472,148.37907341302986,144.28872025841233,147.39776897535108,20841897,147.39776897535108
2024-06-14,144.9674566654544,147.3140613894987,143.4320575082441,144.7337991009411,30811225,144.7337991009411
2024-06-17,142.17061569272053,144.22204517558404,140.93779442129377,141.35567263880927,43800579,141.35567263880927
2024-06-18,140.07156689535637,142.0219862394892,138.98314019553158,140.3656529834707,46050532,140.3656529834707
2024-06-19,139.41020524118525,143.1896579157123,136.760118082739,140.1183158978873,16051495,140.1183158978873
2024-06-20,138.24796402379857,141.70127994434768,135.54248174988294,138.64277663445733,15573337,138.64277663445733
2024-06-21,136.85521996545364,136.17420048805147,133.38992621592897,135.886734755299,17241499,135.886734755299
2024-06-24,138.39000763556325,137.59556934843383,136.48046899506525,137.3025417673838,22387934,137.3025417673838
2024-06-25,135.58541203952925,137.54482281957561,133.0036355717945,136.4138546011452,29059311,136.4138546011452
2024-06-26,139.23565370080078,141.67931594586383,138.7718769533227,139.1873733361998,20480853,139.1873733361998
2024-06-27,140.1229006988189,143.5948569236261,140.29600420173614,140.96540455640752,45309502,140.96540455640752
2024-06-28,145.59041170342863,147.80495996145004,142.88169720913572,145.3184456710712,28770397,145.3184456710712
2024-07-01,140.30724011524964,141.44214217871908,137.15867168517272,139.80921252495517,39154557,139.80921252495517
2024-07-02,136.48921156541854,138.94293442076554,135.41006463569056,137.19657785555165,37343038,137.19657785555165
2024-07-03,139.5546438344621,138.93127345655947,135.45374300592573,138.52303565156183,10530701,138.52303565156183
2024-07-04,138.25946418390075,138.61052163130935,136.6891661142416,138.1373035025148,17977931,138.1373035025148
2024-07-05,133.48643597536264,135.23296288115944,131.65974425020576,133.68507070759654,14256540,133.68507070759654
2024-07-08,135.24523624758515,138.19584081178417,135.09988863328877,135.37227308497506,25293560,135.37227308497506
2024-07-09,133.32283863000185,136.0567051302466,132.41136009279214,133.63127450651325,19783866,133.63127450651325
2024-07-10,137.69525707366307,139.10810798064503,136.56750108521874,137.48581512160487,44866976,137.48581512160487
2024-07-11,146.83642986837077,147.07259535685176,145.9020413080793,146.5197792367165,36468213,146.5197792367165
2024-07-12,149.1376490300391,149.09924191400137,145.69607842761366,148.1414404076523,39767331,148.1414404076523
2024-07-15,148.964929845765,151.11169882811475,145.2576379930143,148.29386336761672,30565082,148.29386336761672
2024-07-16,144.52985304066536,147.31400014803626,142.33904553451455,144.6491905145254,47603038,144.6491905145254
2024-07-17,140.96343719294907,142.690631122354,139.90849072037807,141.23197384816535,23132191,141.23197384816535
2024-07-18,137.56624836094306,140.54300800885468,136.59131444126038,137.82801413650094,25368229,137.82801413650094
2024-07-19,135.44984141838285,137.30603789636555,135.2486737817976,135.52439238612078,20100294,135.52439238612078
2024-07-22,136.41899018114484,136.81455716496703,134.93529783121969,135.48449953366767,17965568,135.48449953366767
2024-07-23,130.9305560517986,132.72772595254057,129.2730465076167,131.834218838996,17524562,131.834218838996
2024-07-24,130.78357753725177,132.1498182622054,129.2781677285877,130.32872592928996,30630247,130.32872592928996
2024-07-25,128.20124050438562,130.13363105992545,125.89757355306821,128.51519972162768,29036904,128.51519972162768
2024-07-26,133.02257058625236,133.69570469019416,131.92778179035412,132.40867492591423,43767736,132.40867492591423
2024-07-29,135.81784637527352,138.7180062626905,133.78751729093176,135.49107514097528,10541409,135.49107514097528
2024-07-30,136.90512269202668,138.84175078529933,136.2852364913132,136.83574914924867,13524863,136.83574914924867
2024-07-31,138.59283322114905,141.26944211431064,136.65966577421642,139.5548018714976,41889582,139.5548018714976
2024-08-01,138.86289377405865,139.88948796846176,135.73545599031917,137.8996294278653,20435196,137.8996294278653
2024-08-02,143.42651045387115,143.88806784397826,139.67855493232275,142.50671336121246,44161868,142.50671336121246
2024-08-05,145.36149808159772,148.07333351617825,143.25771742547673,144.7000410261141,28230140,144.7000410261141
2024-08-06,150.1656379705027,151.6242033713662,148.74567173881164,149.4526862288402,36653732,149.4526862288402
2024-08-07,153.42425589120725,155.30173605101038,150.97053056520787,154.33707553162563,41369922,154.33707553162563
2024-08-08,158.49889375037765,162.42115641753955,157.02368265581606,159.03028219101847,21534746,159.03028219101847
2024-08-09,156.33880559963802,158.08080560477956,153.838478950104,156.95926440473283,46494765,156.95926440473283
2024-08-12,157.30756115094024,158.3994098124208,152.73577554341563,156.4789234219729,48730195,156.4789234219729
2024-08-13,158.82371835447574,161.63108797895737,157.5077585542772,157.9231095042537,30357662,157.9231095042537
2024-08-14,156.39359294711872,156.83960179765106,155.12580083232777,155.80576274888256,23029379,155.80576274888256
2024-08-15,156.7537309316951,160.59169775730098,156.6417745719244,157.27244815980833,28267670,157.27244815980833
2024-08-16,159.08888475077777,161.2095073906986,154.96035257064173,158.89198534654165,38213767,158.89198534654165
2024-08-19,153.1541097040635,156.2375455800477,152.15821800341652,153.98543298009798,24783079,153.98543298009798
2024-08-20,153.28221322532485,156.05572263737926,150.55406261172183,153.7825656276077,8960437,153.7825656276077
2024-08-21,150.30786393964357,152.68197161396765,150.31128887431987,150.7512092777843,7500584,150.7512092777843
2024-08-22,148.1259029466382,149.35413402574426,147.92933067580873,148.63310853591793,42888266,148.63310853591793
2024-08-23,151.25241516342618,153.77383584292727,149.6453915599716,150.88517012038747,31229499,150.88517012038747
2024-08-26,153.70796188775722,154.3388797463291,151.66904926279454,153.71062112572469,28470577,153.71062112572469
2024-08-27,150.15128409168284,150.06463296127572,148.36330225548392,149.66993331976812,42251500,149.66993331976812
2024-08-28,150.3307840106554,152.26760111883186,147.23566721745388,150.65112865969,44538065,150.65112865969
2024-08-29,147.36205010925855,149.8245898884586,147.88259437895698,148.18501256583085,30283853,148.18501256583085
2024-08-30,154.058800667567,155.38674743774453,152.4712448264339,153.42627577823757,36600108,153.42627577823757
2024-09-02,151.977195584992,154.03005997411913,150.56515804821132,151.11334436646638,39013386,151.11334436646638
2024-09-03,148.52542774892143,151.43557717756414,145.16862767382656,148.85913152811432,15567404,148.85913152811432
2024-09-04,145.60689183997835,149.5363521664831,146.05497699943092,146.6232933114983,25503332,146.6232933114983
2024-09-05,146.45251031584348,150.4982458497106,145.5487410030721,147.21567323075422,34039826,147.21567323075422
2024-09-06,147.07597612576325,148.68578901893918,143.44739273642836,146.84964783767833,16509622,146.84964783767833
2024-09-09,140.91549898092632,140.8978236629348,137.21361129173408,139.95382991609281,18175313,139.95382991609281
2024-09-10,144.9004893824961,145.26727474624755,143.0688569386299,143.8086040897109,13491445,143.8086040897109
2024-09-11,143.50791291326664,147.6016877719767,140.89235542098936,144.34593766891632,30533603,144.34593766891632
2024-09-12,142.54327439465177,146.7555106327837,142.8601760285663,143.64392354780358,8934960,143.64392354780358
2024-09-13,142.16925431250442,144.4911915505132,140.2758080982629,141.30401385045795,9355463,141.30401385045795
2024-09-16,139.86147619318788,143.13027903784638,138.08725817372877,140.16701793995617,7460780,140.16701793995617
2024-09-17,136.23494872608723,137.69679303143016,136.3175414891394,137.15661784559458,10747265,137.15661784559458
2024-09-18,134.6883419098102,137.37278197851936,131.78798753277144,134.69552424137976,16806985,134.69552424137976
2024-09-19,130.01518743649214,133.01590659089482,127.62021607974884,130.14400362167316,11828575,130.14400362167316
2024-09-20,131.93112651783375,131.94554212257972,129.29546955716128,131.35068608572993,8089598,131.35068608572993
2024-09-23,130.25598026518247,132.66893922841683,128.62654644758564,129.49058474964275,29608839,129.49058474964275
2024-09-24,127.1922249092461,130.22771258622066,124.46706421467893,127.59025585363673,12470505,127.59025585363673
2024-09-25,127.58707472103421,128.7089752818788,126.2096095257065,126.79872217690804,29339401,126.79872217690804
2024-09-26,127.67396443015951,129.5524185951274,126.69593619520772,127.03831359906158,48191146,127.03831359906158
2024-09-27,123.87548989306113,125.94447849026655,123.2437424482791,124.84422010300442,14016771,124.84422010300442
2024-09-30,127.30093579855013,128.41802799088853,124.06287771388737,126.97197319656667,17675505,126.97197319656667
2024-10-01,126.49930464848582,128.14796474980878,125.66982116004505,127.51836772270028,34097218,127.51836772270028
2024-10-02,127.88526249972722,127.37341537796895,126.44230605698213,126.89776462472575,10933844,126.89776462472575
2024-10-03,126.02528025661182,128.5392209410684,123.12454982491178,125.44522580435968,41432511,125.44522580435968
2024-10-04,127.39640817939922,128.30612903167048,124.83595516772331,127.31580915422332,38988636,127.31580915422332
2024-10-07,127.47717156913338,130.1205674208743,125.14854946585919,127.5733735657818,20987798,127.5733735657818
2024-10-08,133.7966056669193,135.82011594760178,131.7320176384619,133.47677382907878,16696260,133.47677382907878
2024-10-09,130.9566023630834,132.34626333765388,131.116197588379,131.91225677346097,48639484,131.91225677346097
2024-10-10,129.2175052720411,131.48874478996973,127.0893712409888,129.0992086562591,34504559,129.0992086562591
2024-10-11,128.32419632061757,130.68788383954987,126.05326014044593,128.27916547052575,18320869,128.27916547052575
2024-10-14,124.5834997091856,127.29947549682497,124.36978152198839,125.39096569671041,34679321,125.39096569671041
2024-10-15,123.96299043905834,127.99965690216203,122.56201891458103,124.95725201287904,30717441,124.95725201287904
2024-10-16,127.46825373353111,129.62206979428126,124.60143280369525,126.69102946546637,41794304,126.69102946546637
2024-10-17,129.33857338628397,131.5377870928556,126.67116127268093,128.60907896852981,22736594,128.60907896852981
2024-10-18,131.8120171588329,133.96189748575858,128.70446065574984,131.23245253928764,31819882,131.23245253928764
2024-10-21,130.80275216467152,133.7699844719602,129.55243201860705,130.96555203896492,12940653,130.96555203896492
2024-10-22,134.24305562083097,136.6798792795028,131.80084547163952,134.50676603935824,32658985,134.50676603935824
2024-10-23,135.96049607565016,140.30892445812663,135.15209538739754,136.95179692707578,44941333,136.95179692707578
2024-10-24,134.8495823835062,135.63614403798502,134.48907212416745,135.21331011689887,20988805,135.21331011689887
2024-10-25,134.0953155271488,136.2048068669235,133.2210705357807,134.14150742670392,20119970,134.14150742670392
2024-10-28,133.18054095595085,136.48940494494425,130.26165977438976,133.45234611579167,25427094,133.45234611579167
2024-10-29,132.3302085841261,135.3445535675018,130.67648576997163,133.34060973497614,12339207,133.34060973497614
2024-10-30,130.11392138565682,133.67251052315515,128.2520935335468,130.43569970955593,26317664,130.43569970955593
2024-10-31,135.25029120296864,136.43112908812887,134.77329782127876,135.80059804832982,34427844,135.80059804832982
2024-11-01,134.6823951831775,134.74773664562866,132.64240856912073,134.28535549718126,32185617,134.28535549718126
2024-11-04,131.0950999357842,134.43256825156874,130.6410172728955,131.99251240047255,43960089,131.99251240047255
2024-11-05,131.4270525661478,132.51904859829472,128.3334919889632,130.3984914010091,6574586,130.3984914010091
2024-11-06,128.76479394293145,129.7103510128825,126.94541054162578,128.8047683640266,46744000,128.8047683640266
2024-11-07,125.82625199720773,128.05374789435314,125.03969546724935,126.38915615648338,9558279,126.38915615648338
2024-11-08,124.9431829423754,127.83322943042351,122.6661104688849,125.55292366798594,32536587,125.55292366798594
2024-11-11,124.96724429906634,128.6815316333437,123.56825011826241,125.89936205426872,20542758,125.89936205426872
2024-11-12,121.95153287505035,122.6388733810522,120.2197653847626,121.93170341514728,22967546,121.93170341514728
2024-11-13,122.83080545666867,124.14481854435523,121.9011254699965,122.63660503686259,31410265,122.63660503686259
2024-11-14,121.54982150731564,124.40365907286332,120.74947063590925,121.42934556512753,31003511,121.42934556512753
2024-11-15,124.75289764129721,126.6756578395358,122.43660883271596,125.02033216691768,40162998,125.02033216691768
2024-11-18,126.58954553301487,129.35558660246684,123.73770794514617,126.28959853125474,29699055,126.28959853125474
2024-11-19,128.45076047074977,128.05291448015026,126.38813094863913,127.54710610652182,40247089,127.54710610652182
2024-11-20,127.14610559246664,129.1562883159302,127.63399401549395,128.02821090067366,24577696,128.02821090067366
2024-11-21,130.87899135614262,133.85108970472916,128.82123693149205,131.13078509569613,38010617,131.13078509569613
2024-11-22,130.6585443297243,130.3396796843141,129.35271284579662,129.8471241992708,33370277,129.8471241992708
2024-11-25,130.7261964544674,131.03468098453607,129.25514465948308,130.20590508086264,8760259,130.20590508086264
2024-11-26,125.79234990324214,127.75323060391135,124.10499808431814,125.71713334250074,35079294,125.71713334250074
2024-11-27,124.85789780491108,125.86117262070194,123.49601157384134,124.38433375960135,22666986,124.38433375960135
2024-11-28,127.89136983062633,129.72308930806122,128.15460947336936,128.75492088399315,9449904,128.75492088399315
2024-11-29,129.69406217779095,130.7470462131272,126.60747684452278,129.3400675707761,34357021,129.3400675707761
2024-12-02,133.2436560312079,134.23321888777843,133.01454066495842,133.69613002222763,37767421,133.69613002222763
2024-12-03,134.86278694248801,135.39603570400095,130.76488674112642,134.00912784797154,12561065,134.00912784797154
2024-12-04,136.00491703946784,136.93620063358256,133.77230069389023,135.6798870908346,40577982,135.6798870908346
2024-12-05,132.07112137242032,134.79161011506116,130.62943886234387,132.3059630570743,6249226,132.3059630570743
2024-12-06,130.44591492024628,132.64024922510438,130.07281939702042,130.7888066688404,33117958,130.7888066688404
2024-12-09,131.00107072052734,133.78192873558578,130.48949115871486,131.41872637821044,38325444,131.41872637821044
2024-12-10,128.77788131667123,131.0265108920352,128.13656605245112,128.9468360923389,17205223,128.9468360923389
2024-12-11,127.07926932840175,128.54039919466237,126.14726712775524,127.2315912256357,26275994,127.2315912256357
2024-12-12,126.44345096400897,127.13657613351896,124.56573107802932,125.77284882587239,34612053,125.77284882587239
2024-12-13,124.04479752551471,125.37762084582711,123.31296549189517,123.70939090172472,38615604,123.70939090172472
2024-12-16,122.13771483273031,122.76184533904578,120.36030088055107,121.40710593028588,44595917,121.40710593028588
2024-12-17,124.84804401974108,125.21862199576923,121.24520314024397,124.04817776822867,29990364,124.04817776822867
2024-12-18,121.70880994224302,121.99943074630079,118.3434124639908,120.94401958196471,43130255,120.94401958196471
2024-12-19,126.03122241490344,126.57292337176207,124.48348672283939,126.28323114676226,21017549,126.28323114676226
2024-12-20,126.31960551855786,127.1531070479117,124.93624747058243,126.72130257821091,24410976,126.72130257821091
2024-12-23,127.67201949400946,129.86322566483562,125.25954144953575,127.2740680620398,30294649,127.2740680620398
2024-12-24,126.23792347958798,126.68285280964862,123.22567514928282,126.08003808445666,27355461,126.08003808445666
2024-12-25,123.497157150713,125.60752850960894,120.64435772334735,123.06334944672969,40982677,123.06334944672969
2024-12-26,123.22481820507983,126.00004667361179,121.46590701396853,123.13402733431965,26626317,123.13402733431965
2024-12-27,126.45856457178687,127.26162013070521,124.11879720332941,126.93237510695177,17485373,126.93237510695177
2024-12-30,126.80979714827939,129.63450265315458,125.46479599428993,126.52114153190726,45048657,126.52114153190726
2024-12-31,129.2553402792354,130.39759690550898,128.47571988372317,128.80697273300765,39722745,128.80697273300765
2025-01-01,131.147285165623,132.9168058793278,129.77995419979354,131.7984401578272,30355279,131.7984401578272
2025-01-02,134.29687401877922,136.21508163584426,133.11317199920285,134.61260756977296,18184653,134.61260756977296
2025-01-03,138.78464155439877,139.34803630867006,134.57199570914165,137.96748874451828,18617029,137.96748874451828
2025-01-06,139.27235804488055,141.4623167862094,136.47418513301662,139.16579932225144,49720319,139.16579932225144
2025-01-07,139.89194738911158,143.17496848675364,138.74912191565505,140.3276794857765,19907150,140.3276794857765
2025-01-08,146.64277078166575,147.72354730703233,143.17183410975048,145.55361065450217,43402305,145.55361065450217
2025-01-09,143.68751200735196,146.54368231492256,142.76584727586217,144.09060243344538,49887605,144.09060243344538
2025-01-10,143.22405820358497,146.0637032379607,143.12226218183793,144.15816542710562,43427092,144.15816542710562
2025-01-13,144.16972384966542,145.86284901508347,140.05437100912323,143.42623375237756,46899769,143.42623375237756
2025-01-14,143.80257839253267,146.93766027950585,143.34739380189123,143.70470926313055,42356326,143.70470926313055
2025-01-15,138.5661950145,140.0262481662796,137.30956125151343,138.23482789204277,36457734,138.23482789204277
2025-01-16,135.22565580169518,136.74426238491407,132.2937264740801,134.85532136054977,9162323,134.85532136054977
2025-01-17,135.89385173275386,136.1514173254197,133.91676959277535,135.21650083505608,5268446,135.21650083505608
2025-01-20,132.57050933436264,135.32966166361052,131.64846941378215,133.02887159008176,31009604,133.02887159008176
2025-01-21,130.82894162082223,133.4762276003558,129.42704336481202,131.40998165061848,21516783,131.40998165061848
2025-01-22,128.67782879844634,132.00735917308214,128.05433499979583,128.88069550487546,42572497,128.88069550487546
2025-01-23,126.13969772813415,126.25462924911808,124.33614006202936,125.82607551542782,12511095,125.82607551542782
2025-01-24,127.44495599685456,128.1622588890679,125.5492458597348,126.98662774397388,45364321,126.98662774397388
2025-01-27,125.36598806812175,125.20677305542702,123.69286391451175,124.61980001939105,14905799,124.61980001939105
2025-01-28,125.26539005903106,126.90146419522216,122.95008706924807,124.68421288241854,37666086,124.68421288241854
2025-01-29,125.89971309033105,127.08694771852339,123.17929503946961,125.11889565177502,12690430,125.11889565177502
2025-01-30,124.0566013150538,125.3826089315299,121.5991003555541,123.44319871788666,45498296,123.44319871788666
2025-01-31,122.50052223598931,122.80640050914621,121.96042530762816,122.4918246351088,32101315,122.4918246351088
2025-02-03,121.00595204586733,123.26816651354906,121.0217278220773,121.47163055694992,46072838,121.47163055694992
2025-02-04,120.13656677279745,122.66302709723828,117.72708578100418,120.50871226436497,45636334,120.50871226436497
2025-02-05,122.4394065931528,124.73330321446456,120.95893287647355,122.22951278018955,13769935,122.22951278018955
2025-02-06,121.77747844602789,123.13847632882535,119.86765062504388,122.14044912788765,26675385,122.14044912788765
2025-02-07,122.30195114667599,124.0610742440509,121.07508132582527,122.61693161497168,35048405,122.61693161497168
2025-02-10,125.61144963048471,126.07941321842262,123.57179516046635,124.73270262033707,5361650,124.73270262033707
2025-02-11,124.05768895093715,124.52762309088612,122.96785493193472,123.6786403205243,44470648,123.6786403205243
2025-02-12,123.1582149754424,123.74855713326623,121.92549622713973,122.2394700828947,11376668,122.2394700828947
2025-02-13,122.68921932573998,124.1469086162522,121.08689076591683,121.81842349546304,20442420,121.81842349546304
2025-02-14,121.24023823887725,123.61324761083098,121.00088415634309,122.00755058298954,27563629,122.00755058298954
2025-02-17,122.00771832417665,122.72868495460443,121.37582368986891,122.24341522640114,48328409,122.24341522640114
2025-02-18,118.04019477258254,119.93708566157096,117.259601452038,118.2981632286148,21148077,118.2981632286148
2025-02-19,119.26714356534696,122.39110402718313,117.60203791367447,120.20794843239415,19321648,120.20794843239415
2025-02-20,118.47503316826642,120.9867410125752,117.13228240753655,118.13234088152008,18543657,118.13234088152008
2025-02-21,120.70291876244941,122.06386103731354,119.44226197760273,119.98329634986479,41229270,119.98329634986479
2025-02-24,123.04409886151262,124.61721265571781,119.73142469541591,122.6267786753937,34890675,122.6267786753937
2025-02-25,123.64010073940857,124.12484595791396,120.90609877735639,122.947092663648,38484629,122.947092663648
2025-02-26,123.83107036826118,125.58500131496335,121.87437204562337,123.4044357313858,27887711,123.4044357313858
2025-02-27,124.327075508389,126.51831126734713,122.53368147257582,123.92890735324906,45122447,123.92890735324906
2025-02-28,126.15619076231495,127.06740645103363,123.2519335058884,125.73326432899016,23885236,125.73326432899016
2025-03-03,127.65657731889591,129.02380417057444,127.49373366254014,128.27708629991366,17857707,128.27708629991366
2025-03-04,128.1772753212597,128.21353505065264,126.11792598387474,127.17024124389422,42170253,127.17024124389422
2025-03-05,129.61942038903854,132.20050170834077,128.42312164950064,129.0486865079709,40673351,129.0486865079709
2025-03-06,128.53674393660418,128.85334012539056,126.27177948037436,128.12706953150422,5011800,128.12706953150422
2025-03-07,123.93884956814331,126.57680316656624,122.3216108070534,124.38293260870662,18329403,124.38293260870662
2025-03-10,129.53738186574824,131.50057237051075,129.22915337078325,129.60368119462333,28657209,129.60368119462333
2025-03-11,131.84402863479946,135.18970133220168,130.72351771982653,131.93483787609227,44199816,131.93483787609227
2025-03-12,130.50251645889117,132.04191148836455,128.7264453301939,130.91919847052034,9125127,130.91919847052034
2025-03-13,132.89670842120555,135.6818360134491,130.69335341587,132.49602106408724,34784650,132.49602106408724
2025-03-14,130.69811619317872,133.51568105269865,128.04377340474014,131.0508958995035,32802566,131.0508958995035
2025-03-17,128.18268591321763,130.54266270380236,127.53107881126292,129.2034372532292,25493534,129.2034372532292
2025-03-18,126.27036759646585,126.18537373762915,124.51632751590442,125.31411769501467,40802675,125.31411769501467
2025-03-19,124.94516258282907,125.33136754568108,122.21099036069603,124.05828637509286,13729364,124.05828637509286
2025-03-20,124.85522021515396,126.5235620773486,123.97080556250216,124.58597940737818,19929640,124.58597940737818
2025-03-21,121.60243559842057,122.00154566789429,119.86729991298684,121.1053319055268,49648348,121.1053319055268
2025-03-24,123.2900382968626,124.87592429253795,123.74752998782452,124.10662885850073,28544581,124.10662885850073
2025-03-25,125.10616465222984,126.1044387668968,124.51897443385371,124.82537116627337,5970804,124.82537116627337
2025-03-26,128.67836775035036,130.33890796749853,126.28116607443035,127.93796337859249,20415391,127.93796337859249
2025-03-27,128.56999590173922,130.67148990344833,126.80675093737321,129.31571305928512,40872825,129.31571305928512
2025-03-28,134.25318205768104,137.4810817588913,133.92848013293298,134.57330821547484,28966784,134.57330821547484
2025-03-31,136.66309236732465,138.73753775845321,133.90554740237252,136.7256733107834,42652298,136.7256733107834
2025-04-01,136.7261906115916,138.04890432474443,135.44350524334965,135.83092225171183,5712990,135.83092225171183
2025-04-02,135.01879630434857,136.54910435840128,132.62420048419193,135.19683984053424,36562235,135.19683984053424
2025-04-03,137.86942178292134,139.42380358985346,133.98280633661432,137.18838278512862,27454521,137.18838278512862
2025-04-04,136.25339932232797,136.89432333188907,133.4327494454095,135.57273094077297,8048962,135.57273094077297
2025-04-07,133.29804362391718,136.97117912114342,132.81550400580198,134.08762311878047,10648146,134.08762311878047
2025-04-08,134.01588427778773,136.65635845237003,132.10847650336848,134.47414189983868,28478520,134.47414189983868
2025-04-09,141.52679984838397,142.33123689117284,138.52062366957156,141.71169081434326,16440236,141.71169081434326
2025-04-10,142.55481995628753,144.70250281776234,141.49669896316945,143.51229722733166,42797941,143.51229722733166
2025-04-11,136.47893564508948,139.68364462449597,133.85255740705543,136.4155432603979,5208727,136.4155432603979
2025-04-14,133.80558162960727,137.0609501370785,131.91548929714622,133.9633444684355,38481186,133.9633444684355
2025-04-15,131.07673993996863,134.52400632311443,129.30822320086946,132.10390562626225,44071949,132.10390562626225
2025-04-16,134.6588393673606,137.04368757875054,134.32945588386414,135.50401770240302,46595934,135.50401770240302
2025-04-17,136.0173023314792,137.18152488838564,132.90934476891962,135.12042789012528,44797012,135.12042789012528
2025-04-18,132.37922234891965,134.52109170023652,132.057992964809,132.46101473740964,30555171,132.46101473740964
2025-04-21,133.20084419829843,135.92880931079358,133.26423478556765,133.9225414071007,5406917,133.9225414071007
2025-04-22,133.09002231448207,134.9538385177616,130.4096919348323,132.89563749577275,33012383,132.89563749577275
2025-04-23,128.61277431110818,130.86988743723882,127.93439578759515,128.7919133408356,36521466,128.7919133408356
2025-04-24,126.02758413004517,127.82159696911913,124.8187774533675,125.34713971729619,6137215,125.34713971729619
2025-04-25,129.08511044170513,131.09533371235443,128.25609328511499,128.70400431737932,28714507,128.70400431737932
2025-04-28,126.23007519696495,127.80467011981928,125.65354939547288,126.88443498034604,37976634,126.88443498034604
2025-04-29,126.62452446830011,127.59333340107611,126.17382258334555,126.66178046312507,24160835,126.66178046312507
2025-04-30,130.44733180137786,131.525400686915,130.02097756534565,130.7261543386213,33991208,130.7261543386213
2025-05-01,130.1585564690502,132.02980232630583,129.17801784184846,130.32777022673028,47448464,130.32777022673028
2025-05-02,133.74986615066803,136.382253169592,132.9210094057216,133.28634925393243,27259042,133.28634925393243
2025-05-05,137.24991175614616,137.23740534212337,134.90092577538837,136.62991827657436,27253817,136.62991827657436
2025-05-06,133.1839220105038,135.95895912182525,131.6213832495265,132.81542316308762,45573002,132.81542316308762
2025-05-07,131.79626752645424,132.22349800009573,130.66959701930026,131.51371230050466,38646540,131.51371230050466
2025-05-08,130.80123989680934,133.61453389512153,129.6010339905274,130.5136863576524,44646414,130.5136863576524
2025-05-09,128.98017695487462,130.7342261170279,127.89881460258965,129.1447834562847,37623311,129.1447834562847
2025-05-12,125.54633967953929,126.51762826548894,124.4109786427639,125.51875950965503,48131088,125.51875950965503
2025-05-13,124.50157496252334,126.88519062918166,123.58605114629843,124.37981713206624,38514611,124.37981713206624
2025-05-14,125.95880975120816,127.4619004481899,124.05493542585285,125.2804435237897,25159883,125.2804435237897
2025-05-15,124.61656007063621,126.29255353501716,120.81393053996493,123.81405010675589,21882999,123.81405010675589
2025-05-16,124.22470466036766,127.59300403289373,122.5580149805,125.02535867587558,27557138,125.02535867587558
2025-05-19,116.31863625811596,119.67791273602582,114.46063066979283,117.25116332617809,37338848,117.25116332617809
2025-05-20,118.89847183529257,120.07578159207529,117.32605393562818,118.67552078076997,15582230,118.67552078076997
2025-05-21,120.13455579231697,121.49500447150861,118.39057135460692,120.37016915951587,7958618,120.37016915951587
2025-05-22,123.37838429668426,123.30347967947758,120.97353977735469,122.81834961083422,11953477,122.81834961083422
2025-05-23,124.27911477745172,124.47113407463577,122.53656921076387,123.60895069852693,5388996,123.60895069852693
2025-05-26,122.46488649643668,123.44228127844266,121.93643373074808,123.16861778036697,29424832,123.16861778036697
2025-05-27,119.84075543346546,122.94592220302616,118.75850903536055,120.16436548668857,29259961,120.16436548668857
2025-05-28,118.94352566911135,119.25386991579109,117.46084819911277,118.4104028889273,15992415,118.4104028889273
2025-05-29,112.48881428454698,114.72107056182327,111.32664652736321,112.34293287830037,7935750,112.34293287830037
2025-05-30,112.86033418609823,114.08851248761297,112.08239110033335,113.60410989434804,22159763,113.60410989434804
2025-06-02,114.63143222667702,116.64572025360899,114.45543957925148,115.17941450764376,46268332,115.17941450764376
2025-06-03,110.50695123466005,112.63000522451053,109.5682068135765,111.08372043022113,39025659,111.08372043022113
2025-06-04,109.08580258277692,110.12484016523678,106.02656852532117,108.46081149532527,9937819,108.46081149532527
2025-06-05,107.55599519441114,109.21768169436173,107.27644961390165,108.16268756112042,28962097,108.16268756112042
2025-06-06,109.40338441681901,112.63189065037959,109.31459946074976,110.24981097005627,42636039,110.24981097005627
2025-06-09,110.36304997343872,110.62878040639504,109.53934920634264,110.10395519615966,45751016,110.10395519615966
2025-06-10,112.0601672334744,114.24489984269147,111.28546671580077,111.93573720334813,13025491,111.93573720334813
2025-06-11,114.62661414101568,117.47159919701683,112.27830791034798,114.92441234068187,42884981,114.92441234068187
2025-06-12,116.11948650821626,115.94338219467964,113.92599495577012,115.62760275657719,5577080,115.62760275657719
2025-06-13,114.72342350089187,117.52346145822415,114.57450185466037,114.95816267878024,27917597,114.95816267878024
2025-06-16,112.94398188671228,114.00866056963673,109.70008315964816,112.40981153771827,16865925,112.40981153771827
2025-06-17,109.05644064105412,112.42063668301184,108.64706985500948,109.83885143348736,23456133,109.83885143348736
2025-06-18,107.9271174300737,108.15882496224934,105.82558024008775,107.89253762635767,26539594,107.89253762635767
2025-06-19,104.85218758253752,106.93598790620484,103.90053027148042,105.42934024655361,47187680,105.42934024655361
2025-06-20,106.85179743578637,108.41536018036433,104.96649832681398,106.27624338304591,6581622,106.27624338304591
2025-06-23,106.7958028409703,108.02906838430323,105.44288839192804,106.62700936096773,44658629,106.62700936096773
2025-06-24,106.19807173031164,107.9706381181402,104.64196924254699,106.30245350977782,16074162,106.30245350977782
2025-06-25,107.0706077966417,109.19959680311362,106.1800910527839,107.20623373986535,32997169,107.20623373986535
2025-06-26,108.70700418775196,109.24418478912926,107.62355747121046,108.28343713573368,15409097,108.28343713573368
2025-06-27,107.52695641046128,110.29377058034576,106.06373023655642,107.85982612192761,13887043,107.85982612192761
2025-06-30,109.7841630940084,112.77833742741232,109.32199461329988,110.38295910798362,16664261,110.38295910798362
2025-07-01,107.45281780024489,110.292086708902,105.57228226939058,108.1691469510358,8094583,108.1691469510358
2025-07-02,106.6246293105183,109.07518259515072,105.2438314549667,107.20379359099773,37762993,107.20379359099773
2025-07-03,105.17453621089238,105.48153703030755,102.37844524023762,104.86674586770465,9068822,104.86674586770465
2025-07-04,104.86779616266695,106.75855614684352,103.97077168930173,105.41863985324711,44975052,105.41863985324711
2025-07-07,107.92096880487257,107.33107463374226,104.70851868241101,107.10058864964456,22227113,107.10058864964456
2025-07-08,106.83186125263275,110.09052606163378,106.72803661020232,107.42144247829609,20451496,107.42144247829609
2025-07-09,109.73115922743466,112.40152612313935,107.36686585831124,109.93806180988142,20687712,109.93806180988142
2025-07-10,112.98217756697919,114.96415423262523,111.5054700263408,112.53367645680395,5460298,112.53367645680395
2025-07-11,113.59017384267418,116.77941748842846,113.82261620422442,114.23994931180012,25591878,114.23994931180012
2025-07-14,110.13788385902663,111.83423948025236,109.56201968414963,110.7794381655773,22637825,110.7794381655773
2025-07-15,109.03774804718316,111.29791466188931,107.88186115078564,108.84054155716784,11405160,108.84054155716784
2025-07-16,105.19046763190633,106.59599893247535,105.13532049923023,105.40799105640382,45767162,105.40799105640382
2025-07-17,107.00888154279423,108.60077097454027,105.47811441450204,106.78787848448523,40542526,106.78787848448523
2025-07-18,110.70773708860501,112.64016763090325,108.72993759718261,109.97694870147058,6570983,109.97694870147058
2025-07-21,106.92631219853162,108.30627115505355,106.65030109688355,107.7001537749817,49912396,107.7001537749817
2025-07-22,108.44133855218989,110.15144945170992,106.37453726160844,107.7237464930152,22325475,107.7237464930152
2025-07-23,109.89549278326554,110.14698919299745,108.27819658291317,109.43115461150431,18663523,109.43115461150431
2025-07-24,110.7933054192373,110.83486586392685,109.37261867646282,109.98035116863977,12731200,109.98035116863977
2025-07-25,107.54300119522739,108.63872772590275,107.2163888842179,107.5525979894912,9527867,107.5525979894912
2025-07-28,105.89591302072743,107.5965918194303,105.4296892410934,106.68273081196719,47085529,106.68273081196719
2025-07-29,108.73267333015629,110.48213640054827,107.777099199047,108.27340533823335,25351986,108.27340533823335
2025-07-30,111.43855943299299,112.38617523308844,109.14969124840496,110.71230400742208,38998931,110.71230400742208
2025-07-31,111.38835693999923,113.8531031295493,111.26841420399028,111.60091922850273,48835910,111.60091922850273
2025-08-01,109.23334225750662,110.58629492186614,107.96385095539016,109.38107607700442,17454727,109.38107607700442
2025-08-04,109.0545073464969,111.41367445367382,107.90717816757973,109.05636641679023,49196892,109.05636641679023
2025-08-05,106.56444411255079,107.16878450959982,105.28579525258402,106.20038022646405,11734722,106.20038022646405
2025-08-06,105.05680108347612,106.75471133490672,102.46551033568325,104.93942149855421,11450853,104.93942149855421
2025-08-07,103.19375991675459,103.0017526408761,101.78006005406968,102.65159162389848,6988543,102.65159162389848
2025-08-08,103.19922552084374,105.02278539583571,101.54470740628142,103.69898193901832,13149333,103.69898193901832
2025-08-11,103.91074902156979,105.93521441959264,103.3846978516179,104.23191575889628,8956278,104.23191575889628
2025-08-12,104.84428422860242,105.07496594853745,102.40663605859386,104.4071555906901,24752356,104.4071555906901
2025-08-13,106.27974768014171,107.91820173087659,106.22531364966017,106.79720150006362,25158902,106.79720150006362
2025-08-14,107.07940006316922,108.30660899036334,105.65613426663263,107.28659582472747,37936012,107.28659582472747
2025-08-15,107.48534043479708,108.50848174082003,105.19575221813618,107.6719169672866,15980507,107.6719169672866
2025-08-18,111.35507538849144,113.70507145614246,110.12574324054385,111.39446668065548,32767958,111.39446668065548
2025-08-19,109.04800452005792,110.2973918231042,106.81591396426762,108.35232259886808,14556086,108.35232259886808
2025-08-20,109.19241444407066,109.48448346794899,107.69720637117987,109.15723881989781,10234955,109.15723881989781
2025-08-21,107.86107519502548,110.65667403429798,107.29996405776231,108.26533421034421,35394048,108.26533421034421
2025-08-22,106.2458505693167,106.84655041352079,104.886332474051,105.82234467756045,35338506,105.82234467756045
2025-08-25,107.41026057432653,108.99736499040363,105.01757654770691,106.65335506859965,39760613,106.65335506859965
2025-08-26,109.44554134405996,111.38175285658542,108.32465411539712,109.27327817131587,38820734,109.27327817131587
2025-08-27,110.1752850592531,111.46662095204258,109.87113626742817,110.12661501439777,5473317,110.12661501439777
2025-08-28,112.77005899652112,113.51825075565262,110.17372573965766,112.20554530717563,28068174,112.20554530717563
2025-08-29,111.88904824046149,113.35146808430619,111.25351810846053,112.29603309108661,11822256,112.29603309108661
2025-09-01,112.95388847698854,113.15883072286657,110.22132723326905,112.71019998316247,15885537,112.71019998316247
2025-09-02,107.5454836789764,110.04575767906336,106.80044318550843,108.04368278562748,12674030,108.04368278562748
2025-09-03,106.11251019042908,108.2092899599695,105.08247360229142,106.91017685337354,37432348,106.91017685337354
2025-09-04,103.72519644273058,104.91594243726254,102.22708709993721,103.41250151141084,31863178,103.41250151141084
2025-09-05,103.87967107072238,104.65765045444154,103.45781243546605,104.19375185056894,49741202,104.19375185056894
2025-09-08,104.04006167437623,104.52530874278067,102.34263751187554,104.00216846166194,12898653,104.00216846166194
2025-09-09,99.95565479695883,99.42395054291687,98.75879982993943,99.2008375312734,42536411,99.2008375312734
2025-09-10,102.89654951418454,104.97680197433553,102.65053764688521,103.40292860880159,16213829,103.40292860880159
2025-09-11,104.58730448411721,106.18127540521968,103.77130593377197,105.34087700775264,20687069,105.34087700775264
2025-09-12,103.90789748845799,104.98583707445857,102.74237795638578,104.68145647129734,23746160,104.68145647129734
2025-09-15,101.95301141989299,102.56330830593333,99.75591313699047,101.7060006172792,15996410,101.7060006172792
2025-09-16,104.18627184189059,106.88409780857023,103.1960401087066,104.38909177891367,32240665,104.38909177891367
2025-09-17,104.8119298009107,105.1790765223694,102.94158840504771,104.63354373084026,13873438,104.63354373084026
2025-09-18,102.91896008046021,106.07675310016796,103.17074333857138,103.66018053019928,14588740,103.66018053019928
2025-09-19,102.56828101368257,103.48757951845926,100.2047665249172,102.61547594004055,43954474,102.61547594004055
2025-09-22,101.61959679812387,102.37930904302557,101.31806223760255,101.92527951742387,20508489,101.92527951742387
2025-09-23,102.0729123416282,103.32646589495738,100.13931564729164,102.15795142390031,45712047,102.15795142390031
2025-09-24,101.99955019765024,102.8811315353612,100.89469242516606,102.25936791937035,29079063,102.25936791937035
2025-09-25,102.28970357119692,103.52546137675665,101.44604543220834,102.59683200476701,39344265,102.59683200476701
2025-09-26,103.52428399486705,104.11336946868231,102.42534220253768,103.71339171819389,31998834,103.71339171819389
2025-09-29,109.03382771884985,111.32488290590028,107.16183567206981,109.27385794813013,49783964,109.27385794813013
2025-09-30,112.20958542600725,113.93762736928876,111.58592006813873,112.50523050320625,5685045,112.50523050320625
2025-10-01,114.84584251346544,116.99955187925535,114.69965092029754,115.05899196724862,24805243,115.05899196724862
2025-10-02,115.65278659113048,116.86545231997589,113.22072305368776,115.27245182725453,45043565,115.27245182725453
2025-10-03,117.45558562476299,117.33410903100477,115.39069870631165,117.0435311860204,14119423,117.0435311860204
2025-10-06,118.2086241144905,121.16563581057544,116.73794817555896,118.54143351929964,19919017,118.54143351929964
2025-10-07,119.7264904261387,121.8335679540647,117.23185421908398,119.91887186329106,14177775,119.91887186329106
2025-10-08,117.55876091756934,119.36639569983556,114.53966560957106,116.9539430126409,7979419,116.9539430126409
2025-10-09,116.80141150676083,118.14023543709318,115.66886048928585,117.03352368440015,46842388,117.03352368440015
2025-10-10,114.44149928093037,114.54275276219612,113.48003034982592,113.92697506056206,44191494,113.92697506056206
2025-10-13,112.2955849366475,112.29997232057633,108.838335633357,111.50026260893162,15122954,111.50026260893162
2025-10-14,113.98978593659878,115.535461770226,112.06172895053517,114.53713102843707,33833134,114.53713102843707
2025-10-15,117.57905921226833,118.26707333696929,115.79479145360527,117.43723015480164,6942225,117.43723015480164
2025-10-16,115.96549066708043,117.41514668214339,114.90774006101705,116.16716381571143,17502682,116.16716381571143
2025-10-17,116.137812737161,117.36400701826638,113.62796556872937,116.3350694528686,42354098,116.3350694528686
2025-10-20,113.71673505965782,115.56443831086995,111.04933757266114,113.77684520192251,23380996,113.77684520192251
2025-10-21,114.41660554065197,115.4260942682411,112.8122325458474,113.74124277720036,19351454,113.74124277720036
2025-10-22,113.04553428438557,115.79703561084924,112.15279548270134,113.85104189543127,44725821,113.85104189543127
2025-10-23,114.75068047458635,115.0736797240469,114.0087325137041,114.5088652994543,27416557,114.5088652994543
2025-10-24,117.5886985922232,119.11131083004224,115.88043042194855,117.43102483122343,14244593,117.43102483122343
2025-10-27,119.6142076058863,120.95729227513876,117.8998327884495,118.78819094992728,44910737,118.78819094992728
2025-10-28,120.46408130559563,122.77533075976476,119.1332789078089,120.52540043008626,14000490,120.52540043008626
2025-10-29,121.5149390954259,122.76158731093095,120.3916823920655,122.14945093806277,11630135,122.14945093806277
2025-10-30,119.19647602599657,120.42848637688057,117.99604871221986,118.75139695972281,34269996,118.75139695972281
2025-10-31,120.37381498651858,122.52560831870466,118.43874585133302,119.5892034423885,31421638,119.5892034423885
2025-11-03,121.67220607434295,123.37005457714999,120.99015272454797,122.09245547696389,22232894,122.09245547696389
2025-11-04,122.67025758907882,124.3186998471523,121.48094346893494,122.89416885791496,42771224,122.89416885791496
2025-11-05,126.03022154625194,127.8182685434094,124.24557706735479,125.1300926378895,47142725,125.1300926378895
2025-11-06,127.00096454034757,127.58148001889163,125.25963673907519,126.47985771575024,6380096,126.47985771575024
2025-11-07,131.542226283529,132.32028383781216,128.7455957304916,132.02622195153606,37602075,132.02622195153606
2025-11-10,130.67180522143954,132.66867767783168,128.89494342197227,129.87567261160777,19207066,129.87567261160777
2025-11-11,131.13658075058933,133.40806882597997,128.82803696600718,130.65008133094688,9254550,130.65008133094688
2025-11-12,129.2454191443004,131.41106562985527,128.48701178303838,129.2006249125477,14565289,129.2006249125477
2025-11-13,132.27460170006373,133.43799201498464,130.4818971939036,131.46120239240946,31413788,131.46120239240946
2025-11-14,127.94179957582847,130.49874703121253,128.14031201110944,128.64734383019368,7120059,128.64734383019368
2025-11-17,130.64738777672707,131.96539502299737,128.22897632903002,130.51793920980913,34740889,130.51793920980913
2025-11-18,128.72874558717842,130.5434076773394,129.2980721043989,129.76443483316172,12702361,129.76443483316172
2025-11-19,128.89158016415703,129.60967598631126,125.31007863823834,128.02748009978208,43275297,128.02748009978208
2025-11-20,126.19721818395189,126.83471024689882,124.06748469005325,126.49727072144562,40092626,126.49727072144562
2025-11-21,130.8804629747796,132.14229018634356,127.421471868392,130.552875202583,37059778,130.552875202583
2025-11-24,134.4870007733697,136.3572279422812,134.51702824262853,134.89345806600005,12035306,134.89345806600005
2025-11-25,134.26273134618486,134.79004508877762,132.27231785027666,134.24623597139117,9495340,134.24623597139117
2025-11-26,134.93152305434035,136.54734375793927,131.81476399747126,133.87072305595237,8987703,133.87072305595237
2025-11-27,131.13489396023274,132.40302212869668,130.41413474628436,131.77972706322106,10270774,131.77972706322106
2025-11-28,136.11104637502706,137.04001855349443,135.53576295168003,136.72855381287172,41210620,136.72855381287172
2025-12-01,139.6216730462892,142.11035631936574,136.48314709456722,138.72416734986743,31895552,138.72416734986743
2025-12-02,138.42222739227037,141.47955567579106,135.82708185140464,138.26618290516868,39782383,138.26618290516868
2025-12-03,134.56993801434078,134.79229937260274,133.50140226216433,134.11219698213216,8951978,134.11219698213216
2025-12-04,137.4777402201211,139.4540673857071,136.56780300890725,137.33795859941634,8924906,137.33795859941634
2025-12-05,138.12219857366114,140.76836947693536,137.48238810155314,137.86443613172509,19476949,137.86443613172509
2025-12-08,136.81307667184322,139.31095822849937,136.6101345752099,137.2579302660176,12540798,137.2579302660176
2025-12-09,134.5534490074901,136.98930232184793,133.6183569057799,133.91806265201106,43502603,133.91806265201106
2025-12-10,132.28786412820511,133.8138459560673,129.48367052768918,132.44757724536913,39040314,132.44757724536913
2025-12-11,132.74934675762626,133.43887282762475,129.75685414249926,132.13882196874667,25291115,132.13882196874667
2025-12-12,132.8381082833888,134.38504636162622,130.81026956130677,132.3265758787102,46763785,132.3265758787102
2025-12-15,135.0482762682582,135.8906459073193,131.21118752878166,134.25833012102743,42356402,134.25833012102743
2025-12-16,136.9845582597966,138.9029213839386,133.450879169374,136.37299014025882,31538437,136.37299014025882
2025-12-17,138.1226288681939,141.22750655099858,136.2454395726631,137.84859869879944,37165895,137.84859869879944
2025-12-18,138.08561636635883,139.72714747549293,136.8908755225656,139.14899907133852,20976075,139.14899907133852
2025-12-19,139.0648297949044,142.31452410725024,137.3046298273906,138.91386852766985,28815084,138.91386852766985
2025-12-22,140.9784842714188,142.54784724245124,140.93034531195656,141.99226262690757,43813606,141.99226262690757
2025-12-23,143.75407908445592,145.7537883491427,140.63759397878746,142.8398816495563,20939672,142.8398816495563
2025-12-24,144.27214344409506,145.09959577830398,143.32845473117484,144.00125364759796,12149089,144.00125364759796
2025-12-25,147.60381473127012,151.2223964745549,147.58810413570092,148.44343219086625,26782809,148.44343219086625
2025-12-26,145.89441642984445,148.1704551737945,142.5838159732782,145.94115497977103,12653669,145.94115497977103
2025-12-29,143.5664290016504,144.0017896271318,142.0720089464502,142.8501263570501,14328877,142.8501263570501
2025-12-30,145.1317352461671,148.35676471210726,142.36269418617317,144.87295324725227,14438019,144.87295324725227
2025-12-31,145.3537930859987,149.4030731014168,142.96014133961194,146.2358777679111,23155020,146.2358777679111
2026-01-01,142.44922597725818,142.92296712103183,141.17843207118386,141.85650389838358,49202457,141.85650389838358
2026-01-02,143.78501171542175,147.4867934622732,141.02366562210452,144.5685487229222,43281607,144.5685487229222
2026-01-05,147.73011975380467,149.65984517874696,146.04268988932822,147.53479249209587,27431268,147.53479249209587
2026-01-06,147.66383222904523,148.41480654125786,146.31692695878505,147.29753206573315,19859894,147.29753206573315
2026-01-07,146.6089514700038,147.14989575897326,143.98927888732445,145.96635455402534,45725689,145.96635455402534
2026-01-08,141.8677557201562,144.4328154906316,142.08457363094877,142.89262246254506,46931191,142.89262246254506
2026-01-09,141.95262616272024,144.5371167558129,142.65548908914545,142.97705663173127,18797373,142.97705663173127
2026-01-12,146.80673999062822,148.18156570477234,143.04947175272454,145.8186784200832,45418486,145.8186784200832
2026-01-13,147.3964356394981,148.81953412714049,145.72209191399273,146.44466388574574,12398868,146.44466388574574
2026-01-14,144.2956540994039,147.4671740157779,141.6281178153044,145.07465047899993,32452625,145.07465047899993
2026-01-15,148.53467001164216,150.99755427857858,146.88898849634177,147.67388183638258,26018973,147.67388183638258
2026-01-16,148.8816304914818,152.42635692466914,146.21214137485248,149.2612643014771,47431895,149.2612643014771
2026-01-19,149.15546844120175,150.64767334398783,146.36737433324504,149.66955497081952,27536680,149.66955497081952
2026-01-20,151.6849335458521,155.06044712505332,150.87503829794,151.95220337551478,30500054,151.95220337551478
2026-01-21,152.49772965481924,156.10242276274627,149.19041639217895,152.38840384598197,38883178,152.38840384598197
2026-01-22,158.45397149164407,159.75432267410292,156.3554528668594,158.05110833681448,7888662,158.05110833681448
2026-01-23,161.67344547362964,162.37516186896457,159.9350201483133,161.07730689951313,22451396,161.07730689951313
2026-01-26,159.7196465754397,162.50991617216405,158.2808513696872,159.81303577800173,6601166,159.81303577800173
2026-01-27,158.53111194314138,160.77763362162952,155.4264462437445,159.19108593847142,12479507,159.19108593847142
2026-01-28,158.7426638895835,160.62870251500178,158.92062336938383,159.99743454768847,47378109,159.99743454768847
2026-01-29,157.88668172895837,161.20169005039384,155.42734149756163,157.52081336645335,28233790,157.52081336645335
2026-01-30,159.28969144681372,163.178765821411,158.42236662231332,159.41076219340206,26341451,159.41076219340206
2026-02-02,160.13271153875576,163.1072171068067,159.16355714264697,160.53112867647587,34825555,160.53112867647587
2026-02-03,160.43581815008017,163.0467874628328,159.78914143523014,160.6294063214398,12269183,160.6294063214398
2026-02-04,156.57715252521345,158.2385823711806,153.95464226437562,157.7349505205106,21353763,157.7349505205106
2026-02-05,155.6498754952123,159.04403029226052,156.09775384544884,156.41148473094722,12642237,156.41148473094722
2026-02-06,150.39838972923775,153.92013633666568,148.91776954186236,150.8620285308134,24239491,150.8620285308134
2026-02-09,158.07401999565144,160.82055768543802,156.58364731616822,157.08281515582877,48330210,157.08281515582877
2026-02-10,161.70603713114755,162.16050186919287,158.4228417885944,160.50653109344051,35151409,160.50653109344051
2026-02-11,159.0560076114261,159.54921773299935,157.00034559637197,158.4629447267723,16550646,158.4629447267723
2026-02-12,156.98704147994596,157.91144555645386,155.8804544870837,157.55555116257412,45754055,157.55555116257412
2026-02-13,162.07950238306157,163.49371572133282,159.27327329838837,161.50724076984892,42199183,161.50724076984892
2026-02-16,164.83129837254043,167.23842457820746,161.05130438467708,163.97417589127676,15613908,163.97417589127676
2026-02-17,164.58203455368349,164.21364628132713,159.83885041162725,163.7899023119976,34613558,163.7899023119976
2026-02-18,168.20992771128272,171.5819689220328,168.77332540090484,169.29115845901103,27119698,169.29115845901103
2026-02-19,175.9607713424454,178.07366660765072,171.55356861288917,175.01194279230245,40712566,175.01194279230245
2026-02-20,172.49928910518463,176.3485856801988,169.99353776649494,173.02935729253136,48005765,173.02935729253136
2026-02-23,174.26312850968594,177.50835303842857,172.4583732852454,173.9831457339755,16240441,173.9831457339755
2026-02-24,177.24867756293364,178.00113804796214,172.82235046163643,176.77071620599298,28787067,176.77071620599298
2026-02-25,175.56750255167316,177.6747755124813,175.28053710620108,176.0342753277533,15484954,176.0342753277533
2026-02-26,169.05936233990016,171.2132808500618,167.3205621378495,169.79303351181014,31532577,169.79303351181014
2026-02-27,169.44148947874228,169.71706239511573,167.03564116339047,168.59541580108777,24014467,168.59541580108777
2026-03-02,165.60997782632705,168.21651095977649,161.22207855319243,165.3278482091512,8345573,165.3278482091512
2026-03-03,164.8135097679611,166.99567050164185,165.1755075832492,165.64379129497718,30696149,165.64379129497718
2026-03-04,162.86524152110098,167.67670362380102,161.6491050735468,163.65952748310917,48629048,163.65952748310917
2026-03-05,160.03476517409698,163.38349219662916,159.3584980742587,160.80267611343527,5778823,160.80267611343527
2026-03-06,160.2300970369079,162.34608991389675,156.57659066436133,160.25121014126805,14142995,160.25121014126805
2026-03-09,162.31577288798198,164.55585837946637,162.76395757701056,163.50177827260208,46336617,163.50177827260208
2026-03-10,163.07633517400984,163.75455086849024,160.6168153641318,162.38425023046,25975156,162.38425023046
2026-03-11,165.60265891229326,168.09761614287788,161.72658385645852,164.90088191450042,43633716,164.90088191450042
2026-03-12,159.66007257528582,162.11096400847214,155.32522754843637,158.62514408018953,44928538,158.62514408018953
2026-03-13,164.14081252202556,167.66202545089268,163.6832918142195,164.41970839619094,22329628,164.41970839619094
2026-03-16,162.4084654943457,162.7474039698062,157.81085304954553,161.83141682503268,18172569,161.83141682503268
2026-03-17,162.76609866429965,164.60674459789496,159.95974415092803,161.71246345481634,6932694,161.71246345481634
2026-03-18,160.417415085993,161.41611633074467,159.44480657774935,160.86456226375222,46270820,160.86456226375222
2026-03-19,161.60728829790813,165.48110649132855,159.56622518808356,162.63987143827018,45388456,162.63987143827018
2026-03-20,167.4847251199747,170.51053304052354,168.09218380334238,168.8204282196442,25054300,168.8204282196442
2026-03-23,171.36815763601092,174.2439763792701,169.60408099916856,170.90397610397633,39467618,170.90397610397633
2026-03-24,173.05871243969992,174.61607608199571,171.72457713982783,172.34689022980515,30346351,172.34689022980515
2026-03-25,169.8505532912799,172.38901619281415,167.4557695037459,169.34684787371276,23130981,169.34684787371276
2026-03-26,170.77144312846343,173.55184167748618,167.76636273853887,170.10916297510437,40092720,170.10916297510437
2026-03-27,168.19823386916354,170.8328021968953,168.60062373216851,168.93966071428432,26611817,168.93966071428432
2026-03-30,172.2005745067897,173.95382014890248,169.89538775163086,171.20719909251707,37697493,171.20719909251707
2026-03-31,167.96135047228495,172.11413743857815,164.4277271010777,168.25037285030547,23565440,168.25037285030547
2026-04-01,167.824709595364,172.2039639113309,165.30660698884498,168.7910468956517,38500700,168.7910468956517
2026-04-02,168.367625314714,171.88917832231792,166.50339902266714,168.59806364744784,41449500,168.59806364744784
2026-04-03,172.04240589930427,174.94360266015718,170.08746679123772,170.73415723530755,5851506,170.73415723530755
2026-04-06,171.13417078604,175.46316517105672,170.94509455987506,171.28962642267862,10516046,171.28962642267862
2026-04-07,168.20370778406084,170.77353020439256,166.04523984525255,167.47647344745394,41586166,167.47647344745394
2026-04-08,164.1920535166893,168.09733357930415,162.73219954740435,164.02633592284596,47007701,164.02633592284596
2026-04-09,167.49138194761102,168.37824271834697,163.30811961568784,166.57118307071244,36670425,166.57118307071244
2026-04-10,166.30592656561944,168.0499800508039,166.03591314407342,166.38818220128294,10208154,166.38818220128294
2026-04-13,164.82039842920273,167.32672292578218,162.5831525931519,165.16554843365265,45168135,165.16554843365265
2026-04-14,166.88670247956472,169.77247091584988,163.8921704244177,167.78043490305518,35420850,167.78043490305518
2026-04-15,167.1384062548964,168.21333162673548,164.74512721157035,165.97505853400645,9268795,165.97505853400645
2026-04-16,164.3935445920702,166.55719154378943,161.42342627019738,164.18915618959,38664368,164.18915618959
2026-04-17,168.70385322578196,170.68111704495806,165.9754831067653,167.67825046373412,5811446,167.67825046373412
2026-04-20,168.82904267331946,171.1675382164275,167.24275932362016,169.3223438767418,11249183,169.3223438767418
2026-04-21,172.49122439552426,175.09188504020184,171.5646079573221,173.05710182900944,22200074,173.05710182900944
2026-04-22,169.68278849137312,172.48392984757655,165.5703849566711,168.48369386681978,32686111,168.48369386681978
2026-04-23,171.69511938217684,171.47654532381867,167.29651320395038,170.70580614015856,28990110,170.70580614015856
2026-04-24,172.01390507553552,173.93929288488644,168.38167137404707,171.288136044764,26892771,171.288136044764
2026-04-27,172.0483224992801,172.69442969296884,170.76145114727018,172.00851658372613,44156284,172.00851658372613
2026-04-28,176.3011879970917,177.92534375958087,176.78117166676864,177.21696695108096,44531785,177.21696695108096
2026-04-29,182.56221753071162,182.61032054948544,178.78478963990364,181.30812956892868,9187512,181.30812956892868
2026-04-30,178.66507531485587,180.589273721514,174.13952075140074,177.39932037082713,47431599,177.39932037082713
2026-05-01,178.10872089007017,181.76962547166426,176.08448694169698,179.12725030135076,28189850,179.12725030135076
2026-05-04,180.20138231921987,182.90247224235603,179.42394075356944,180.0127180973869,5498003,180.0127180973869
2026-05-05,181.52147607207385,184.28815871321547,177.50663015245593,181.36154674805707,43416192,181.36154674805707
2026-05-06,186.82450894400876,189.74487595184513,184.38270677082076,187.50034055778866,37213536,187.50034055778866
2026-05-07,181.89733407450788,181.90427221682612,179.22245250690972,181.27311950086408,39951244,181.27311950086408
2026-05-08,185.7316894514037,187.1374853060963,181.22149178547502,184.39526135539973,37586212,184.39526135539973
2026-05-11,177.63793235302714,181.4332794630361,172.87885996493503,177.0559165185564,28389823,177.0559165185564
2026-05-12,179.2742490796879,181.3596433449112,178.0419039505531,180.05824881318304,20535610,180.05824881318304
2026-05-13,177.91465383647989,180.27573073972312,177.29790147239854,178.30946027785785,40244163,178.30946027785785
2026-05-14,179.25852123582092,181.47161154465536,176.8341920525631,178.68522246823946,16453989,178.68522246823946
2026-05-15,175.2287054529101,175.6511651814699,174.04172300309614,174.61722245180906,6461043,174.61722245180906
2026-05-18,174.27379230650547,176.37693412176614,173.40538821016037,175.30212689777912,45135644,175.30212689777912
2026-05-19,174.08939880815464,175.08085298632145,170.93470967714575,172.71987700213816,33654273,172.71987700213816
2026-05-20,173.8386296354485,175.88253081786112,171.35725021096832,173.77850089299756,19534173,173.77850089299756
2026-05-21,176.4052379484715,178.2235932991503,175.70740483841874,176.83660199933982,28691017,176.83660199933982
2026-05-22,180.55342837621035,181.5153055944557,176.97194412929295,181.148095258901,21686712,181.148095258901
2026-05-25,184.21971067166885,186.68783141796763,180.76778673687954,183.21520307301085,8018756,183.21520307301085
2026-05-26,179.86829483609577,183.00774083820798,178.99492267346443,180.5763851044744,22249959,180.5763851044744
2026-05-27,182.45140074508902,185.90253006931522,179.51724480893697,183.53325089163963,40169468,183.53325089163963
2026-05-28,189.19903728724339,190.6816244435004,186.91101721849037,189.54221526881122,36572247,189.54221526881122
2026-05-29,188.14975572538435,193.12425768661757,185.9629395597497,189.0468121786755,14905741,189.0468121786755
2026-06-01,187.1256098529296,187.92890413232763,183.59585769510127,185.84622198401937,21157403,185.84622198401937
2026-06-02,180.2512736842396,182.8004588734407,179.966949291202,180.98337227725122,32323961,180.98337227725122
2026-06-03,187.83707455387733,189.70418415905738,185.5703926970581,188.54857296383366,7698553,188.54857296383366
2026-06-04,193.6334219466503,192.70545216788818,190.22959061550694,192.1574855666879,21117667,192.1574855666879
2026-06-05,197.27296477730667,197.0576364635079,193.9857671827183,196.03992399357898,28809613,196.03992399357898
2026-06-08,194.6379663116841,196.81845369715623,192.6480719253086,193.5976758288777,39781072,193.5976758288777
2026-06-09,198.0934997720918,198.57059035334572,197.38604953422455,198.15805967692734,40033472,198.15805967692734
2026-06-10,190.82942932193734,195.46409785371165,191.2853002399489,191.71579506041448,35259614,191.71579506041448
2026-06-11,193.5694363275433,198.36602768610243,194.20980327788672,194.996241577773,38600933,194.996241577773
2026-06-12,193.682791526244,196.55648882434295,192.76434970907152,194.08340234169174,20678191,194.08340234169174
2026-06-15,193.85496369200288,198.168315848726,193.5209037752952,194.56589572060514,43219025,194.56589572060514
2026-06-16,193.0860587143032,195.3112122898491,189.9852942998351,192.77185614479131,28241427,192.77185614479131
2026-06-17,190.5674369603595,195.41314758763053,190.98085276841067,191.88354871854702,26450441,191.88354871854702
2026-06-18,194.68179728865687,197.5559099217952,192.00618054143897,193.73723712297848,41017296,193.73723712297848
2026-06-19,195.13958600714972,197.42830935464414,194.34833716398114,195.00777039146627,24158571,195.00777039146627
2026-06-22,189.73842037687933,194.50454124597016,188.65172358712513,190.06084751781302,11110549,190.06084751781302
2026-06-23,191.14517382569736,192.55828587354952,187.76295059478946,191.3407803046076,11189769,191.3407803046076
2026-06-24,189.74109087144174,189.08601541103903,186.92684848125518,188.60594846996148,39676345,188.60594846996148
2026-06-25,188.30451189891374,190.6108070597068,186.67931762413838,188.91817553429644,46458938,188.91817553429644
2026-06-26,192.6122897173122,193.2356852260768,190.06852751896275,191.5533980902978,17755993,191.5533980902978
2026-06-29,189.49166997991074,193.10620623545896,187.7389732816611,189.1782858711557,27610151,189.1782858711557
2026-06-30,192.09461435052629,198.19103975471782,189.3058040911388,193.62447764531962,23560270,193.62447764531962
2026-07-01,191.51054778826278,192.18993097232658,187.7045201790662,191.6365065927898,44284452,191.6365065927898
2026-07-02,193.593774138433,196.9635862741786,189.2479260507812,192.8440277465699,8874645,192.8440277465699
2026-07-03,191.58832238336842,194.57281920537426,187.34229455918452,190.39366827372606,26101055,190.39366827372606
2026-07-06,191.43983358625897,194.45892168460784,188.1976421026849,190.99097922692232,36927125,190.99097922692232
2026-07-07,191.20073874012925,191.58593953783662,189.08908894240005,190.74445355987666,48170323,190.74445355987666
2026-07-08,193.42690431674126,198.64191312042715,192.08512884403683,193.8952058924491,19252826,193.8952058924491
2026-07-09,193.80495688640832,199.453576666015,193.18228693631232,195.07775249277395,21371070,195.07775249277395
2026-07-10,192.70097389192836,195.52557831448902,192.42161171521755,193.9049486203149,37036830,193.9049486203149
2026-07-13,197.08338951373594,196.13799302968698,191.32066317828358,195.7268306075787,48181512,195.7268306075787
2026-07-14,195.91428367501183,199.08229872628417,193.57241953323768,197.0620661609706,7594218,197.0620661609706
2026-07-15,194.78261536515186,196.8432080940941,194.5437310848127,195.3882633565021,29816905,195.3882633565021
2026-07-16,190.93859489731267,192.52681334592418,187.96822008120796,191.8063725084451,16204701,191.8063725084451
2026-07-17,187.73554179808102,193.82356655259687,186.85954264857548,189.11554965702862,31753946,189.11554965702862
2026-07-20,189.28229824629457,191.1408828543572,188.82624216108934,190.57341798706153,14705842,190.57341798706153
2026-07-21,193.98472781883746,194.94552143792302,189.6506422079388,194.01873595122174,18382071,194.01873595122174
2026-07-22,188.74150843585994,194.81185778411773,189.7552151618589,190.23210369847436,39889015,190.23210369847436
2026-07-23,185.1763784561677,189.09061966040258,181.62055026262928,185.5918530399087,34220837,185.5918530399087
2026-07-24,189.96687705646212,190.7141112165293,184.78015642742605,188.6379046524718,22332634,188.6379046524718
2026-07-27,190.95103678584422,195.92498636905052,191.69815410671134,192.14434212701326,19210284,192.14434212701326
2026-07-28,190.42938387101646,194.00619267053776,186.68375095408356,189.4630135557599,29337907,189.4630135557599
2026-07-29,186.19721383111687,189.25067192279926,185.55765917838102,186.15725328349467,37061975,186.15725328349467
2026-07-30,190.24331969171558,194.9552505179131,188.52119918909537,190.9382495398288,30654828,190.9382495398288
2026-07-31,196.60470463796835,201.97801420320735,194.60636003306283,197.16066582979548,26924091,197.16066582979548
2026-08-03,199.433135152669,202.02482837439086,197.53645514292515,198.44848239801328,25826941,198.44848239801328
2026-08-04,197.77285983685044,201.33505773053867,198.36718506409224,199.19784131141304,36893546,199.19784131141304
2026-08-05,193.05784269336513,195.7587683588688,192.79841031910442,194.39098425400545,48134508,194.39098425400545
2026-08-06,190.49457220532798,195.23144977382393,190.88091030430783,191.82540952280215,17851447,191.82540952280215
2026-08-07,195.29259357497457,198.05010861406714,189.23022757261452,193.85291851528908,23884578,193.85291851528908
2026-08-10,191.64709528533004,193.65733915401262,189.10727258315026,192.30421457011616,18831404,192.30421457011616
2026-08-11,190.2587523259179,195.04283135771377,189.84507448305504,190.56512795054047,15388558,190.56512795054047
2026-08-12,183.74544714072152,187.66047326998626,179.3268187963988,183.5997909482836,19213039,183.5997909482836
2026-08-13,180.3144690719592,182.8570656520003,179.0744770495284,181.69289593248206,47667284,181.69289593248206
2026-08-14,175.22565535640814,176.9565959638348,174.96125841248787,176.50178791754675,43641633,176.50178791754675
2026-08-17,171.68473773048814,173.09622411513052,168.1734929476331,172.4645212229531,16355781,172.4645212229531
2026-08-18,176.43585433326035,177.16992564595176,171.75235530346964,175.49583149299372,37872776,175.49583149299372
2026-08-19,172.1194349874978,176.08783186856414,169.8334908856667,172.24044936609735,46611748,172.24044936609735
2026-08-20,170.4091042829176,173.05144163417052,165.9510050084725,169.71853460574417,18615647,169.71853460574417
2026-08-21,171.55300523785994,171.33194130607677,166.51719587973258,170.54717722193368,30199947,170.54717722193368
2026-08-24,171.60758895490267,174.83715001917375,169.41653173885405,172.12540868747683,19616940,172.12540868747683
2026-08-25,169.9681646183687,171.79331218738557,168.0596935628802,170.63266829149845,28178162,170.63266829149845
2026-08-26,169.74085072568116,172.5535903808696,167.72674620533576,170.79746084878286,13559678,170.79746084878286
2026-08-27,170.6384650488819,170.2719265906633,167.82993396818736,169.5362586432395,38527173,169.5362586432395
2026-08-28,169.86000336479748,172.80039767153508,170.07881748528578,171.04936957258823,19170814,171.04936957258823
2026-08-31,176.6674974367595,176.77949174484257,172.23766578506294,175.53642141482396,18520763,175.53642141482396
2026-09-01,179.48049488060457,183.24114088097957,177.34456697829083,179.06415873950243,21648379,179.06415873950243
2026-09-02,175.48677121207808,177.25416744695775,171.29805676494695,175.56512442955193,25546192,175.56512442955193
2026-09-03,179.3740034311117,179.23664208385264,176.7513228495385,177.95825499210315,26785832,177.95825499210315
2026-09-04,175.42862033975112,177.31033928443117,173.25861810970315,176.32608022626147,47428573,176.32608022626147
2026-09-07,170.40729538479792,173.5386049906078,168.92414274900406,171.34689079397833,21841188,171.34689079397833
2026-09-08,172.66537898560838,175.54492393380215,171.13325272746934,172.8062273315295,48643585,172.8062273315295
2026-09-09,176.39838268067055,178.6206139673811,172.00808761147266,176.19019026551683,29281260,176.19019026551683
2026-09-10,175.55207583589717,177.26537205719217,172.955626781877,175.00803488394573,22266733,175.00803488394573
2026-09-11,175.31919853479482,177.39925997689735,172.25234483779406,175.77508148507965,15880431,175.77508148507965
2026-09-14,179.7770997675059,183.3886652665334,176.10770247833946,179.4013860302946,6596221,179.4013860302946
2026-09-15,186.8091395880389,190.63989936781203,186.79917129360265,187.47094657195927,10759786,187.47094657195927
2026-09-16,183.35088677411335,185.84146027495714,180.81217899540766,182.1430889486709,26470304,182.1430889486709
2026-09-17,183.20122491138974,185.13011601041842,180.9513634932435,182.52811264623088,23478687,182.52811264623088
2026-09-18,186.4824150897483,189.82565545605152,182.1145376587933,186.24764689104234,40263733,186.24764689104234
2026-09-21,181.39315663501668,184.27242083879077,179.50632659176046,181.8570767594136,42445684,181.8570767594136
2026-09-22,186.05528493223457,188.56396854709024,181.97469969633588,185.51705444592633,35943077,185.51705444592633
2026-09-23,185.70487536439148,189.40894219015095,182.93792716533767,185.06569450212083,20569444,185.06569450212083
2026-09-24,179.61224075374773,184.62278502843972,179.63889170904739,180.71676716402777,20570616,180.71676716402777
2026-09-25,179.55289654849193,181.48116395044624,178.1030229837855,178.79010221482508,30580459,178.79010221482508
2026-09-28,178.61220390585476,180.87461584302804,176.18822489469272,177.54667260918427,22108410,177.54667260918427
2026-09-29,175.00651844084618,175.51394051912015,171.28883667608542,174.07973918615735,31516204,174.07973918615735
2026-09-30,176.21063234671286,177.8642658066605,173.39674347488622,176.01753101160324,48391410,176.01753101160324
