Date,Open,High,Low,Close,Volume,Adj_Close
2021-12-02,200.1276103578271,206.32023602418488,200.50525665492995,201.38249299540777,40658565,201.38249299540777
2021-12-03,201.05037236381693,200.66030068466077,195.1758834244987,199.96600084625135,34049126,199.96600084625135
2021-12-06,198.26334598351895,201.6505919641358,194.27850197086445,198.357077860631,26605817,198.357077860631
2021-12-07,204.0471604449782,207.17771208354603,198.21011261944918,202.93198398500252,19242919,202.93198398500252
2021-12-08,197.2307756516005,201.29879764041053,193.96919980180064,198.57760757030334,30632609,198.57760757030334
2021-12-09,206.0460339205884,207.2313402610848,202.80169354521215,204.98756740887512,35732776,204.98756740887512
2021-12-10,202.45967419844627,207.38597774292134,200.14568190593175,203.48393759320814,20180427,203.48393759320814
2021-12-13,201.7446747695878,203.2990096626529,200.81151971166943,201.31157670998886,28630824,201.31157670998886
2021-12-14,200.59291478157556,202.34989722880158,198.80889522924699,200.04624278997733,43367061,200.04624278997733
2021-12-15,203.6501480086237,205.75782466771184,201.38048741245655,205.2817680303503,42050691,205.2817680303503
2021-12-16,202.28176123203468,202.194553087279,197.17720879068867,200.93469412414305,14291429,200.93469412414305
2021-12-17,201.08163023953867,204.5300801829421,197.48660532167025,202.24802787152925,29153964,202.24802787152925
2021-12-20,209.70616540566357,213.1986977077725,206.40563129425578,209.03786279393128,29326710,209.03786279393128
2021-12-21,211.09600536340304,213.35334064767514,211.25623975386378,212.43179786717695,47065915,212.43179786717695
2021-12-22,209.59985165513442,212.82716711419974,206.08808611782038,210.28535740435012,6510159,210.28535740435012
2021-12-23,206.72527818616754,207.2226537627912,204.4074701199111,205.21952236293023,33703649,205.21952236293023
2021-12-24,210.33229328475554,213.92121737560984,205.586761151876,210.44853173456076,16189067,210.44853173456076
2021-12-27,213.9390780377108,216.5592154278516,211.63833220565635,212.93917178970304,24325754,212.93917178970304
2021-12-28,215.80786061213578,219.26798213329914,212.32664408897193,215.21248973417138,34858512,215.21248973417138
2021-12-29,218.50647432457305,221.8138919618168,213.5071609798305,216.98308476095548,40352462,216.98308476095548
2021-12-30,220.16255580027124,222.41371876786528,216.1077860482001,220.36323787445122,33946690,220.36323787445122
2021-12-31,221.6427747036714,222.93611989143818,216.610559874731,220.1546130195896,14651645,220.1546130195896
2022-01-03,217.39330710634678,221.98316464709023,213.89461425875547,218.17130403996882,31340045,218.17130403996882
2022-01-04,214.79090172120326,216.49962977677586,210.27514241677284,215.5055932730753,31068894,215.5055932730753
2022-01-05,222.02122146504294,225.53815594614738,220.66759341255883,222.75957094105422,49003786,222.75957094105422
2022-01-06,228.53599564644028,232.22661307837473,224.6602956960787,228.49729467869824,8671644,228.49729467869824
2022-01-07,228.77281822804798,232.71999458506178,224.59028742945966,230.0837200072145,36138097,230.0837200072145
2022-01-10,234.52889683392576,238.77210554063888,230.72296979548634,233.64918599782868,42213347,233.64918599782868
2022-01-11,228.04573654160808,232.94170463241667,222.7524211656964,227.75378344044012,13762582,227.75378344044012
2022-01-12,228.46468243892645,232.44532151721162,225.10075529982555,226.94715767289532,31865974,226.94715767289532
2022-01-13,221.1639438136656,224.2796062786141,219.31626420864413,222.73932878139618,48161004,222.73932878139618
2022-01-14,220.3163839557635,223.82146336557273,215.9398928437682,221.4228797609577,15714386,221.4228797609577
2022-01-17,222.55438081181018,224.1414044705154,217.32564797006253,222.72428678496738,31500571,222.72428678496738
2022-01-18,224.6401668295458,227.95021523320509,220.5035974810379,224.1878234485001,18987651,224.1878234485001
2022-01-19,226.50285970024737,228.20099411748873,223.97361785215978,225.92777075931045,20091748,225.92777075931045
2022-01-20,221.87654663469073,223.85099890625094,219.43820496850194,221.38436321297382,9622380,221.38436321297382
2022-01-21,231.32259511242663,232.58189691598096,228.5800915244406,230.30356166834335,8153587,230.30356166834335
2022-01-24,226.91363284689353,228.04698463878475,224.61213493074519,226.8102733883042,30729354,226.8102733883042
2022-01-25,231.47505046334285,231.82473225506007,227.5051710440234,231.28337839834217,39034484,231.28337839834217
2022-01-26,231.6526379206063,236.2647805180226,229.92672430739378,230.94658702097797,16826838,230.94658702097797
2022-01-27,227.30314583647873,231.75953268632662,221.8326806443334,226.80633190096873,41417048,226.80633190096873
2022-01-28,232.6766928372751,232.70697630989162,227.0538814449723,232.19441350087968,8263918,232.19441350087968
2022-01-31,242.6307159583838,244.40481076425021,240.1080910806949,240.7859168858311,32223968,240.7859168858311
2022-02-01,241.57181503294584,245.00041018287166,235.5292683286308,240.71859824753284,11399232,240.71859824753284
2022-02-02,244.96279989684638,249.33983547303703,241.0506875834123,245.15873480088266,29127180,245.15873480088266
2022-02-03,244.56853493350945,245.52714783302028,241.09162081915545,243.46494053711817,25763124,243.46494053711817
2022-02-04,248.02632695813944,251.7088894446775,244.83885153820347,246.09491256402097,39322368,246.09491256402097
2022-02-07,237.69055459483724,242.2619502158332,235.4132658324671,237.57098099386357,24697803,237.57098099386357
2022-02-08,235.62344281471277,241.64255488231785,234.846069032374,236.4216775849755,24280413,236.4216775849755
2022-02-09,223.5611044568969,229.23234146103565,221.56770989115213,225.35183376639657,37718689,225.35183376639657
2022-02-10,220.7337773406108,225.75239836740403,220.10247939435814,222.32684487041942,36369018,222.32684487041942
2022-02-11,229.40321406280358,230.2326632617917,227.36631634201473,229.33269780245502,13077250,229.33269780245502
2022-02-14,226.5578512971809,228.94717088926976,223.1305212600382,226.87266095824333,26847591,226.87266095824333
2022-02-15,227.90286070488756,232.4612409810398,225.3734105220652,228.02259868643645,28008065,228.02259868643645
2022-02-16,218.20236786344947,221.91410641860705,215.50444844291235,218.75796177220957,34118165,218.75796177220957
2022-02-17,223.664457833104,227.2383273733613,220.94520946334643,222.3996065565318,33609762,222.3996065565318
2022-02-18,224.94677148554112,229.39361543271522,222.07561571455108,224.4918739613142,47963938,224.4918739613142
2022-02-21,224.76017884055204,227.73002637363,219.89979638811133,223.33550842878057,11567920,223.33550842878057
2022-02-22,225.3287195180812,230.78099021063758,221.92680818447673,225.29828692599983,25201854,225.29828692599983
2022-02-23,224.3973744187197,225.16029506590664,223.21861862894022,223.93449572214732,16143845,223.93449572214732
2022-02-24,221.19842875687124,226.2899908119586,217.19336724139004,221.45919684659557,34528289,221.45919684659557
2022-02-25,227.51132164001282,233.22151636561776,223.03177932372503,228.3027084192348,28936426,228.3027084192348
2022-02-28,226.5363119220207,227.23303862084816,223.6236779345006,226.19274478926147,16376294,226.19274478926147
2022-03-01,228.6719406588032,230.32613542651796,226.35004717635547,229.20017943600973,40727565,229.20017943600973
2022-03-02,226.93455971939315,232.4352165522987,222.7468415961069,228.44365619807246,28547013,228.44365619807246
2022-03-03,231.55083270158858,232.6349697713551,227.15521494866394,231.82043290255243,35895235,231.82043290255243
2022-03-04,236.64903649722598,241.32227428075163,232.0638139058619,236.20985178529313,25852320,236.20985178529313
2022-03-07,230.7342173893273,236.986283728487,227.14438124849397,231.37363322544041,30027100,231.37363322544041
2022-03-08,237.88196057572677,238.6229332541076,234.90536269223423,236.01403532672438,46342158,236.01403532672438
2022-03-09,229.15367509791406,230.80303086584192,224.76496253302233,229.52546766379487,37006301,229.52546766379487
2022-03-10,238.73567996428503,239.2692385174562,233.9371828673127,237.1155276140588,47575743,237.1155276140588
2022-03-11,233.4182478707552,238.80303926929685,232.64622420523966,234.9179413622302,45732133,234.9179413622302
2022-03-14,238.25285511477517,238.96670019860701,232.63049803497412,236.5524206369244,24573031,236.5524206369244
2022-03-15,232.65340717695878,238.83576842756787,232.30172818830363,233.44476861722572,14266735,233.44476861722572
2022-03-16,233.35869465288494,237.43404349166227,229.2428362160284,232.4809661156329,46706835,232.4809661156329
2022-03-17,235.03149666357538,236.93821565959533,233.3354526759777,234.05927748214913,28014586,234.05927748214913
2022-03-18,236.9128997129258,241.3767121974368,236.50359311863957,237.35013311678287,34886961,237.35013311678287
2022-03-21,235.25526271528526,237.17511515329096,233.76585551338002,235.03811593162115,43292207,235.03811593162115
2022-03-22,234.78928132171623,234.33579527551794,230.66424850725787,233.72030256433143,27805354,233.72030256433143
2022-03-23,230.7823244210362,235.5092637623187,230.36607821930951,231.1616219023059,9120354,231.1616219023059
2022-03-24,233.5239007363356,238.38305446145154,228.21721518945287,233.59459555642275,28002647,233.59459555642275
2022-03-25,231.43607299619114,233.69504289980978,232.57390307407726,233.12748920566432,48322280,233.12748920566432
2022-03-28,231.83861085942357,235.79997723110984,231.74384219368682,232.92139688794654,19981957,232.92139688794654
2022-03-29,236.60340758595868,240.52891043614216,234.94258950505284,235.92855020204087,49764382,235.92855020204087
2022-03-30,235.0929123125318,234.90509784640145,231.3601911913089,233.7228384802549,13136647,233.7228384802549
2022-03-31,228.60234214314016,231.93527321009128,226.41974029982853,227.07501917416386,33557777,227.07501917416386
2022-04-01,227.4164381735079,231.5394675890798,223.68912563489707,225.95712277284227,44087995,225.95712277284227
2022-04-04,227.66387907963795,231.33894671534242,224.9972660133392,226.39536351576228,9869218,226.39536351576228
2022-04-05,222.6110433429948,223.70117166052435,217.37756927018305,221.12480023393007,29895163,221.12480023393007
2022-04-06,221.36066692731796,224.89083310549992,219.5070048727472,221.1241340671654,34164705,221.1241340671654
2022-04-07,210.57056330552012,213.41218697161645,211.40432891932278,212.06340713167532,26882538,212.06340713167532
2022-04-08,210.37905226335747,215.2693973163532,208.53093661332701,211.72389392714126,36708914,211.72389392714126
2022-04-11,214.30746406307375,217.0594685965707,210.68814696568202,215.16497276738627,25158773,215.16497276738627
2022-04-12,210.72724935493451,216.7001167926227,209.43565330353152,212.23139830044272,28169651,212.23139830044272
2022-04-13,202.45129458623782,206.01724088190795,199.3202092156011,201.58281242907296,19237401,201.58281242907296
2022-04-14,196.49946890290065,197.81473020975497,192.00696951150462,194.96706531264147,34221471,194.96706531264147
2022-04-15,194.5492839002782,196.49994576777257,194.4296204466299,195.54963382210556,12403835,195.54963382210556
2022-04-18,197.2525584027251,202.83877332323974,196.29565032106797,198.73166352518584,11174734,198.73166352518584
2022-04-19,205.30807661604803,205.89782550887034,201.4186994499503,204.58916470811963,11530463,204.58916470811963
2022-04-20,208.63044979424973,211.95075669303262,203.95690303692584,208.88290904342992,6660433,208.88290904342992
2022-04-21,209.6109388906396,209.41844549715927,207.26719542131104,208.99733677112576,10077739,208.99733677112576
2022-04-22,207.0935605479493,211.40413668638615,205.7597966297134,208.13903370334015,37910083,208.13903370334015
2022-04-25,214.2264423566343,217.60630080123985,211.87807619370938,213.7325466986891,35331462,213.7325466986891
2022-04-26,208.915485272712,209.9403401909003,205.52606022654825,209.12094150895052,39945073,209.12094150895052
2022-04-27,210.89097529146937,211.51161145255858,206.18555516926855,209.37644136668706,44890766,209.37644136668706
2022-04-28,207.07475660178585,211.9260450988952,202.81904390725148,207.23912201411525,39427636,207.23912201411525
2022-04-29,203.1113856914673,203.2551410162871,199.18798415784417,202.17986063270615,12739559,202.17986063270615
2022-05-02,204.67172394260493,204.482638591164,201.28358971318684,203.14489130139762,28957079,203.14489130139762
2022-05-03,205.7849071746429,206.75574880859799,205.42298473064957,205.91309600156688,13417559,205.91309600156688
2022-05-04,211.31052844238513,213.65129098608247,208.38271474255765,211.612960174587,12684558,211.612960174587
2022-05-05,213.3479454482023,212.84370618678264,208.34109282973446,211.7274386058043,27784020,211.7274386058043
2022-05-06,212.37945464540527,212.87595440764977,210.76450559313685,211.68068749850613,40130988,211.68068749850613
2022-05-09,214.83579564573753,214.0655091765528,212.52741059512536,213.4102338474467,49412118,213.4102338474467
2022-05-10,211.1901745319082,214.23344900089475,208.81073024913462,210.35148082865183,33755641,210.35148082865183
2022-05-11,210.5684808775622,211.6854507587192,206.91546246160217,208.92790809000527,21888897,208.92790809000527
2022-05-12,209.37922903180126,211.74640649263281,207.44034220045546,207.86651133735373,16183675,207.86651133735373
2022-05-13,212.09029628254027,214.49360126660343,211.77823212629593,212.6795869443201,18363233,212.6795869443201
2022-05-16,205.46382269179148,206.79019305510195,200.85752162166864,205.92324227865552,23939868,205.92324227865552
2022-05-17,210.17540131145176,213.3333047297092,207.5767432605207,210.841149845659,40859710,210.841149845659
2022-05-18,212.20761491514673,212.74000326172387,208.20481411734818,211.53826178785658,6342497,211.53826178785658
2022-05-19,204.48383709007888,207.72181918360423,204.84440223870217,205.89739074512337,35019742,205.89739074512337
2022-05-20,207.21701414157098,207.06946961946431,203.29577171504314,206.3316200752855,43960679,206.3316200752855
2022-05-23,208.31701617171106,209.06001890800974,207.05625089669897,207.98466247927635,6795080,207.98466247927635
2022-05-24,218.66803397494348,218.2982483683682,215.24293387605508,217.2020953027114,7744849,217.2020953027114
2022-05-25,208.27860033899762,211.31341784572558,206.639437600374,209.3793872388096,42425605,209.3793872388096
2022-05-26,204.12839664915413,207.674724240628,197.7798557305552,202.78226934248406,47029085,202.78226934248406
2022-05-27,195.8874636308687,197.11860882241672,191.272762071721,195.94471174383497,36430931,195.94471174383497
2022-05-30,200.75012370278955,201.0671945156818,197.78579625411126,199.29196396737055,31063031,199.29196396737055
2022-05-31,197.39283776756358,203.49918857386254,197.53747139457747,198.53929674209394,6006483,198.53929674209394
2022-06-01,194.38129100609885,195.96871238572928,194.26462732100708,194.91784289423734,49002030,194.91784289423734
2022-06-02,193.6813067450595,196.48967113757922,193.80152862778127,195.09613087294886,26261772,195.09613087294886
2022-06-03,197.49244969573456,201.41617099706852,194.75250508417176,197.10158632753556,23732869,197.10158632753556
2022-06-06,195.89401811768104,197.33955828645625,194.22670289908035,196.04961770606243,31460321,196.04961770606243
2022-06-07,194.44750439870364,194.61372731139932,192.73554441220273,193.15175077098263,5633931,193.15175077098263
2022-06-08,193.77304682527662,196.62449086911826,192.86920973914084,194.28019559344077,14004065,194.28019559344077
2022-06-09,194.34316543805178,197.303931277531,190.41061038642948,192.99667235634072,17742338,192.99667235634072
2022-06-10,192.14275941157234,197.4200906757957,188.69077596725367,193.02993527202779,23704188,193.02993527202779
2022-06-13,197.12927897155495,200.82092667992245,193.78497326230683,196.11877759363838,36977042,196.11877759363838
2022-06-14,186.02230274470492,190.3643574919736,183.0527498935151,187.33516469182769,15493954,187.33516469182769
2022-06-15,182.08074582499836,184.2011797682446,180.96456917934825,183.45944414432503,22965841,183.45944414432503
2022-06-16,182.31057069725853,186.53249390230874,180.13264468123393,182.14069323710888,5986422,182.14069323710888
2022-06-17,183.09524287342603,185.43825337745648,179.59987394687244,183.65005667099155,32188869,183.65005667099155
2022-06-20,179.9920335193846,183.33914039299896,179.84397501130496,181.42152364033578,9630326,181.42152364033578
2022-06-21,180.6178368205117,184.98369885421403,178.83074164483594,180.89422756106248,49076110,180.89422756106248
2022-06-22,183.72114516077767,188.34632054195262,180.56507024952498,184.85311847617984,10275326,184.85311847617984
2022-06-23,183.55981191642715,183.96174369925166,181.43492892193493,182.87147132054943,26130086,182.87147132054943
2022-06-24,191.50255431242084,192.87176851842656,190.31850713979813,191.76388146175967,40713446,191.76388146175967
2022-06-27,189.3393006146522,191.5887527234883,186.8017071113078,190.7586764667431,42224210,190.7586764667431
2022-06-28,188.85016471676147,191.8806313381035,184.82014926049078,189.06799286379822,47706262,189.06799286379822
2022-06-29,191.00482659642802,190.99799753154502,187.56643844389598,190.05094531538168,18209030,190.05094531538168
2022-06-30,188.8100571832532,190.4117456789466,186.99144630850859,187.6437743894243,40340851,187.6437743894243
2022-07-01,183.9396188925672,187.63391065007863,184.03875519129718,185.1285861385802,6738139,185.1285861385802
2022-07-04,191.62583355677003,191.63426449841364,188.03158750013586,190.1136491735229,32222764,190.1136491735229
2022-07-05,191.92011866965623,193.0934542609557,187.6643021304825,190.870651233509,49047139,190.870651233509
2022-07-06,186.07873024225884,187.08085821343892,183.0724366389646,186.33597256252543,37707628,186.33597256252543
2022-07-07,185.32063862982443,190.11789078945978,181.69212316498277,185.61774688022305,34025651,185.61774688022305
2022-07-08,193.54455753671658,195.5066379809154,189.1748908931988,192.28836571076585,49607414,192.28836571076585
2022-07-11,201.80861604802195,205.2366190511867,198.54425720177392,201.3349308339622,12608974,201.3349308339622
2022-07-12,201.76181333032247,204.31855328741602,196.28976876256513,201.03365728095673,44787892,201.03365728095673
2022-07-13,205.60744954317516,206.74514515106156,200.74547069058946,204.09212230565674,16916804,204.09212230565674
2022-07-14,201.39444420570447,204.65872066407258,200.56450868475167,202.04750879721786,31208415,202.04750879721786
2022-07-15,200.1778442540246,205.59593522950638,198.29987064288233,201.19032936717588,10232211,201.19032936717588
2022-07-18,206.02810965398984,206.01980040987004,202.86817710678213,205.09630186149246,17182064,205.09630186149246
2022-07-19,204.33855901404172,208.3731595395505,200.16416556607558,204.145088984617,26808903,204.145088984617
2022-07-20,206.59347280943308,208.4393229282076,202.70781450030748,207.2091992713889,32992145,207.2091992713889
2022-07-21,207.17590340287438,208.62676373704642,205.71310311256826,206.38734381279974,28040165,206.38734381279974
2022-07-22,203.7715301037588,208.3984644808052,200.20106810532718,204.28175843904373,24722358,204.28175843904373
2022-07-25,205.10748256092407,207.93088045173334,205.00998490353814,205.5061458107141,17061245,205.5061458107141
2022-07-26,205.27344937206794,205.72713860920913,201.8505069437422,204.9709828630823,7997756,204.9709828630823
2022-07-27,207.02071734376958,209.9359052872318,204.77727019574553,206.4300340801614,16923401,206.4300340801614
2022-07-28,202.767543502183,207.36278863996708,201.8606882237612,202.49513676763016,12090557,202.49513676763016
2022-07-29,206.64410011028252,209.78062996808413,201.42834036735806,205.37327546771067,45193978,205.37327546771067
2022-08-01,201.4108878421839,205.37642192088632,199.38587069178158,200.46419457032667,27434337,200.46419457032667
2022-08-02,198.80994614982401,202.3717058676616,196.91445244811703,199.4047508657615,35206519,199.4047508657615
2022-08-03,203.64874568482787,205.79787539619565,200.23021084761504,203.80343583647291,46988593,203.80343583647291
2022-08-04,209.41306994151552,211.50922479483455,208.4920475513599,210.64418107426155,5209515,210.64418107426155
2022-08-05,213.61969245382213,214.11869326638654,211.01708506457322,212.38992747631863,43972800,212.38992747631863
2022-08-08,210.9377959027411,215.30458740562497,209.04051961746788,211.30700246144835,25081487,211.30700246144835
2022-08-09,207.767644482765,210.56419724391552,206.2566411932457,208.04596187882746,49808271,208.04596187882746
2022-08-10,206.16346243224842,209.3539258603946,202.0880333324156,205.83220582140717,44215945,205.83220582140717
2022-08-11,197.82320263466565,203.02752597169933,195.70211350180156,199.09726487564876,29799822,199.09726487564876
2022-08-12,199.9214948167506,203.76714988080954,199.33879618059314,201.47886138097485,38564399,201.47886138097485
2022-08-15,201.89668555657948,201.8327155210009,196.76720991467062,200.75448585309329,11214974,200.75448585309329
2022-08-16,203.06802076567232,207.8624835469679,203.37314442477805,204.4709013788689,23421283,204.4709013788689
2022-08-17,207.45561643556488,212.7860607714658,205.17002292667723,208.09354795602485,42126567,208.09354795602485
2022-08-18,204.37916545068555,208.21832731078055,201.82601938698284,204.53900223460062,23530914,204.53900223460062
2022-08-19,201.72679440363925,206.88775584887347,196.95031912935002,201.99585837522193,18054931,201.99585837522193
2022-08-22,201.61577351387544,203.56594875512533,199.32137943444297,200.59447669661233,6440641,200.59447669661233
2022-08-23,202.64517720592477,208.0587532762328,202.14703899241488,203.588541057102,44070213,203.588541057102
2022-08-24,209.60352744935284,212.32410500130905,208.51349006067593,210.56049466013843,43693328,210.56049466013843
2022-08-25,210.6574307661426,213.7998048162703,207.83934036624478,209.76543806515875,33262342,209.76543806515875
2022-08-26,212.81253363398818,217.4120201353873,207.7013402894987,212.5966752377308,6905912,212.5966752377308
2022-08-29,215.89414455163447,218.69409965892794,211.59532537254037,214.68296810042307,36297068,214.68296810042307
2022-08-30,216.58495253096135,218.85024464469635,214.444842552591,216.955566892196,18709409,216.955566892196
2022-08-31,220.13282564312848,222.72209703806303,215.24472574358464,219.3269998007266,37926904,219.3269998007266
2022-09-01,220.80770821143076,223.28709755728565,217.6596760416541,219.81731254943648,49633942,219.81731254943648
2022-09-02,219.94668043145504,222.64756033447537,215.97388964982966,219.00873416064334,48360846,219.00873416064334
2022-09-05,223.39955372361234,225.0799130322343,222.8165353601958,223.36427049706188,36955452,223.36427049706188
2022-09-06,222.47143244362653,224.36903686471652,221.01457757745544,223.90980634643088,15787371,223.90980634643088
2022-09-07,229.00487419600006,230.35312118588496,225.0493112570793,227.55486334071452,8941266,227.55486334071452
2022-09-08,224.63145981940133,230.01832492996175,221.75774708115492,225.33326143986017,45630592,225.33326143986017
2022-09-09,228.5644726688881,231.05132165450726,222.35068406913754,227.43857515076925,14758345,227.43857515076925
2022-09-12,228.7926540310504,229.15662740773217,224.14452919734813,228.6005208195185,13784287,228.6005208195185
2022-09-13,217.68020501424584,224.31147940803626,218.05770007123823,219.37123514982838,20262218,219.37123514982838
2022-09-14,217.91561558565547,221.5125611997648,213.46567797265024,217.19648148399057,7178571,217.19648148399057
2022-09-15,212.49455869122255,216.15248540893194,207.6409081369385,211.53151472769287,5971456,211.53151472769287
2022-09-16,206.73898255386362,208.75708836547255,203.2549606836034,205.2190904611992,9989083,205.2190904611992
2022-09-19,211.9005993013846,212.81568598573546,206.3395692475929,210.3780590269019,15582222,210.3780590269019
2022-09-20,205.87028837080518,208.33170378012764,205.87150247844016,207.20468096273353,37539139,207.20468096273353
2022-09-21,214.0570168761478,218.9731919875427,210.3112427456922,213.67009895100236,39641902,213.67009895100236
2022-09-22,212.9233896626815,216.20587908143105,212.7916422873997,213.8800172779239,47127513,213.8800172779239
2022-09-23,213.80235803362544,216.47117931667003,210.21024585091232,214.71189422126548,30909412,214.71189422126548
2022-09-26,219.6168110532224,224.341324570323,215.73418354560542,220.48375864713665,42595147,220.48375864713665
2022-09-27,225.21151889298628,226.87051607971136,224.26885941375605,225.81642670743207,36921789,225.81642670743207
2022-09-28,222.3217145659687,226.65919487775724,221.29550975997108,222.9937151865602,21115976,222.9937151865602
2022-09-29,223.3045838439282,224.12639502081458,219.46783844349795,221.55748655526133,25530840,221.55748655526133
2022-09-30,220.0178406328153,220.25288980989862,217.48197644599438,219.39366526534855,38355641,219.39366526534855
2022-10-03,220.13087345544477,221.60197069030818,217.5599694857613,221.02728813108016,23618633,221.02728813108016
2022-10-04,215.6927222722244,220.77759251140935,216.09620647017036,217.1517224423284,46189277,217.1517224423284
2022-10-05,223.8326943651146,226.53754621239688,221.6456154285432,222.85271376991122,47887761,222.85271376991122
2022-10-06,223.22877461216055,227.25008138542864,221.09917069414084,224.98911722652272,6568583,224.98911722652272
2022-10-07,224.1003682330365,226.83484624142494,219.5442286797891,222.9975460219042,43260765,222.9975460219042
2022-10-10,218.61717200310082,222.03356302201527,214.14363395934942,219.57747239738117,12658653,219.57747239738117
2022-10-11,221.53198101582728,221.71927370252274,216.3680178890008,220.17601369936517,47105429,220.17601369936517
2022-10-12,225.78161789733034,229.5680723535651,220.0223487539384,224.89963086627594,24249293,224.89963086627594
2022-10-13,220.94309108888226,225.4877210549475,219.01873626412225,222.64534148344666,45265716,222.64534148344666
2022-10-14,220.84731040553072,225.23143174843986,217.8762225156352,222.31308590135922,28610467,222.31308590135922
2022-10-17,227.93558890734695,231.0108240031703,222.4964780612632,227.83405603940844,29458560,227.83405603940844
2022-10-18,231.85379965278892,238.55292396121467,228.96525968249722,233.5106228743689,48043572,233.5106228743689
2022-10-19,236.05507550995333,239.816797044561,231.28647392520352,235.21442679395008,47422251,235.21442679395008
2022-10-20,232.45144594502602,232.5237668936104,226.0243783850469,231.1236590854827,14491140,231.1236590854827
2022-10-21,231.66091489203853,234.38182209784335,231.10220314773127,231.73789721970985,29126931,231.73789721970985
2022-10-24,235.55997387055763,241.56176759377038,232.31613504541048,236.77279574820608,17694719,236.77279574820608
2022-10-25,237.40876880085176,236.97323398574733,233.1693413562648,236.21184450071286,24553453,236.21184450071286
2022-10-26,238.47341796484977,240.1404693671766,233.37371359692418,236.74462478530396,23970168,236.74462478530396
2022-10-27,235.79745017177572,240.0890941854259,233.4271492020069,236.7204524793284,11301474,236.7204524793284
2022-10-28,236.3923120376023,241.3476923803927,234.01840933974148,235.85748797634278,14540255,235.85748797634278
2022-10-31,238.58509086101077,241.774195172298,237.4956030426699,238.4185465842199,35480372,238.4185465842199
2022-11-01,245.8314915446836,246.43071934424376,240.03378878858504,245.3333800207816,44700256,245.3333800207816
2022-11-02,246.91339068476373,249.11438293389995,244.82892800318663,247.02077950581764,25807718,247.02077950581764
2022-11-03,254.7903747925464,260.4253177355517,253.1817343929813,254.75027901480476,5644460,254.75027901480476
2022-11-04,244.25133282651439,251.23200220557743,240.03487133552815,245.902539907804,31617578,245.902539907804
2022-11-07,251.77227865400127,255.356844676166,247.0261776647336,249.94306338049248,19725779,249.94306338049248
2022-11-08,252.2679725425686,254.6307508619958,250.4052576858803,252.1290125450031,29060311,252.1290125450031
2022-11-09,255.26573582947458,259.7240188184382,255.27429703223612,256.51417403314696,19404886,256.51417403314696
2022-11-10,258.1688860854374,261.2914777464378,251.90999300097548,257.8308422354102,24806213,257.8308422354102
2022-11-11,249.3227016061177,251.71101827508926,249.0950938316712,250.53101730647688,15403319,250.53101730647688
2022-11-14,252.82021390552435,255.6244470240315,247.4239643205492,253.10550750793848,41004091,253.10550750793848
2022-11-15,252.38853894896323,257.39064678727493,250.01411983433172,252.07975575381613,28189925,252.07975575381613
2022-11-16,252.99398826072502,254.74752935767572,251.1741209846137,252.65864148946133,8688183,252.65864148946133
2022-11-17,252.62605810306636,254.80847937945913,249.56607478593665,253.83116423469275,33019203,253.83116423469275
2022-11-18,248.97860165525478,252.0432429941473,246.31173474939797,250.160296431602,29127791,250.160296431602
2022-11-21,247.87888883647977,253.75976747631498,248.28465476385276,249.18341527928268,18989389,249.18341527928268
2022-11-22,245.82326649955627,245.95848330448493,241.90479637454337,244.162081105117,29967745,244.162081105117
2022-11-23,255.1536572397377,255.85612603573807,249.99789102124163,254.5394645599679,39915439,254.5394645599679
2022-11-24,250.2005524974601,251.1207973600741,245.26095311117518,250.42979950250967,28905586,250.42979950250967
2022-11-25,249.16447694065843,253.14072170176544,246.0715037267509,249.66470085378245,26963600,249.66470085378245
2022-11-28,248.46332076388342,251.4673676940197,246.33218187245524,250.30694234270499,35227725,250.30694234270499
2022-11-29,248.84945960603628,254.6388054518209,245.24742134080736,250.08376702054517,9498926,250.08376702054517
2022-11-30,252.22693973111367,259.51351832106707,253.0167831909929,254.0687226223819,5965948,254.0687226223819
2022-12-01,254.4590640929813,253.5856655979135,247.3147414992063,252.55808312368816,15966894,252.55808312368816
2022-12-02,259.22442724085255,260.846527136625,256.4938399530411,258.5253110069585,47323789,258.5253110069585
2022-12-05,259.4979619915851,263.96359663582814,255.57080940386373,259.1441571807389,49142623,259.1441571807389
2022-12-06,258.48410818707356,261.56114858226636,256.96157215851406,259.7135012229533,23609748,259.7135012229533
2022-12-07,256.92629953249707,259.2904568258431,250.9177594891889,257.2874598508716,41887942,257.2874598508716
2022-12-08,260.4847569742834,262.19917911353826,255.80673739063818,259.17892053000537,45829636,259.17892053000537
2022-12-09,259.2292114456207,265.61848913453656,258.5128902557247,259.4584704568975,34364552,259.4584704568975
2022-12-12,263.26445731981664,268.4387916477639,258.32849050483816,262.7318124270156,33370767,262.7318124270156
2022-12-13,259.8292864203983,265.54753517227925,257.6884605590413,261.432776416624,15307607,261.432776416624
2022-12-14,262.0297474852132,264.35128262817057,255.289400051937,260.1244769631131,22018855,260.1244769631131
2022-12-15,269.09764996415925,274.0809373294527,265.63332322779354,268.35476846352606,38465395,268.35476846352606
2022-12-16,267.6632307102788,269.0375018580117,266.2270372536487,268.31740170629905,10529634,268.31740170629905
2022-12-19,264.4954040675439,270.4519153871076,264.5594258709311,266.0632704097851,9397827,266.0632704097851
2022-12-20,264.4195361480953,268.191467211266,260.46846848575154,265.5883151590579,9046149,265.5883151590579
2022-12-21,263.42343679641783,264.36095596027394,259.195254342832,262.97875003827033,19858186,262.97875003827033
2022-12-22,268.87410525334747,270.70857530494646,260.6923960845561,267.0957735731851,48520816,267.0957735731851
2022-12-23,266.46600945230904,272.5550993536491,262.58770018397297,267.2998070962742,10288601,267.2998070962742
2022-12-26,266.51732071623326,269.8925275367624,261.3049749219881,266.9992076549496,25375074,266.9992076549496
2022-12-27,271.13465397853884,274.8313909516745,267.9810421676822,271.5652927681959,49554227,271.5652927681959
2022-12-28,268.4520130485161,274.3548495941096,266.89286768937933,268.56910173912183,35828542,268.56910173912183
2022-12-29,270.1494584165924,275.95870048606713,265.4705039806563,272.0152583896644,48958316,272.0152583896644
2022-12-30,264.04244337768415,263.46388411014067,257.27429329982965,262.76135897155916,26418265,262.76135897155916
2023-01-02,265.51075869863604,269.94760876524083,261.56587021220855,263.83135519646703,41995495,263.83135519646703
2023-01-03,266.0246337326406,269.4177444769283,259.0570496277249,264.61094224414666,20190317,264.61094224414666
2023-01-04,255.25918598554657,261.36927023901643,250.56220048551663,256.86957263745137,28874992,256.86957263745137
2023-01-05,259.9601681105196,261.9648932610811,256.47187920029893,259.3159882922996,44941790,259.3159882922996
2023-01-06,259.10769299798903,261.23096726120554,258.377925331247,260.44318134554857,36693293,260.44318134554857
2023-01-09,264.91849073036946,269.7870244898273,259.9099694661381,263.509585157046,27243800,263.509585157046
2023-01-10,266.45052108082723,272.26542331838306,261.3936017367055,267.8040571632562,45000952,267.8040571632562
2023-01-11,273.9530382116451,278.1548953372536,271.9570959330373,273.00213690462584,31770929,273.00213690462584
2023-01-12,273.22158709706775,281.4256044246202,271.126547177198,274.69081640580157,23206236,274.69081640580157
2023-01-13,278.06538550590835,282.90981171708034,275.4370469372685,279.1712955336388,42993905,279.1712955336388
2023-01-16,278.7882756668256,283.9351382176012,274.5635341549605,277.47200505308825,45713953,277.47200505308825
2023-01-17,281.9096641453973,284.0199297449782,274.6290567121307,281.3401557220164,31643692,281.3401557220164
2023-01-18,279.8433205902625,280.6654260233181,275.7442228532487,277.66655423557427,35987302,277.66655423557427
2023-01-19,275.46669706938104,277.4109616907372,272.6705844149022,274.5276287729635,29061568,274.5276287729635
2023-01-20,277.9274364831642,283.77118244211476,274.4897751640906,278.7446997383061,23380941,278.7446997383061
2023-01-23,276.18642670452516,276.527067341861,273.16962171305715,275.8976991804104,14716336,275.8976991804104
2023-01-24,279.07870722612057,282.6644934306557,275.3284524838925,277.4064760539361,30912427,277.4064760539361
2023-01-25,270.9117514496242,274.7812337400883,265.2771752764323,269.9283400654632,44187837,269.9283400654632
2023-01-26,264.6239998461884,265.791161943465,263.4843241821271,264.5199151659722,16695763,264.5199151659722
2023-01-27,272.67558812961136,274.60906909546065,267.7660802568288,270.96197401136794,44415154,270.96197401136794
2023-01-30,266.0572824111616,268.0406239134024,263.9651274076203,266.3869463554019,19664154,266.3869463554019
2023-01-31,276.279289879881,278.12597931461545,268.14907447734436,274.7914824516269,38302593,274.7914824516269
2023-02-01,269.7049639016429,273.7930354480623,266.71830095170253,270.0446458945759,16581707,270.0446458945759
2023-02-02,268.3102394309364,269.7965067278904,263.1572023847296,267.47856368683614,30715342,267.47856368683614
2023-02-03,270.934555674703,275.6193957973601,268.16497728356205,270.67334347898606,40100266,270.67334347898606
2023-02-06,266.78964796858037,274.56584622419734,266.13738226976056,268.7935980662605,49110675,268.7935980662605
2023-02-07,265.58497080409643,270.66541221615427,261.4413270521195,264.86018587845695,39064059,264.86018587845695
2023-02-08,272.04843074479413,276.3301983092858,267.1543768781215,270.4058033333763,23997812,270.4058033333763
2023-02-09,274.87427166361346,280.72408946460047,270.4765065107207,274.226875529651,7454021,274.226875529651
2023-02-10,268.36600535880046,271.20485142389526,263.36611003216933,266.6707236833778,34270610,266.6707236833778
2023-02-13,272.06633471718936,278.3807111967026,267.766154428285,274.22628738754327,6805933,274.22628738754327
2023-02-14,277.01120641208576,283.20612747567117,273.86283989833873,277.99674416865815,21212933,277.99674416865815
2023-02-15,279.22158674085625,283.1016576143957,275.4423955069623,278.28899498646183,13806769,278.28899498646183
2023-02-16,276.83513682916566,279.9568871094109,274.58522066100625,277.5747484913434,36117232,277.5747484913434
2023-02-17,271.80208728591083,277.32586024327395,267.61930358189426,271.2695459145107,45022488,271.2695459145107
2023-02-20,262.65130426402675,265.8463030282811,262.01738273991987,263.5783879011842,49553364,263.5783879011842
2023-02-21,258.7018112951947,257.40027085692896,253.44605662489792,256.86889130974043,49212971,256.86889130974043
2023-02-22,258.31194283769867,262.9576960129533,253.4367122327659,259.06553246445037,18900042,259.06553246445037
2023-02-23,253.96578479434626,257.8379103603306,253.20212662133315,255.1452110661353,39346675,255.1452110661353
2023-02-24,247.85117672733634,248.83875340196934,246.45329610312285,247.17405517848837,39494748,247.17405517848837
2023-02-27,237.04239863839737,239.34532462111022,233.02613986331514,237.33214675712543,10895754,237.33214675712543
2023-02-28,238.6727649684824,245.54149059145507,239.1040124975547,239.79495865398977,39602475,239.79495865398977
2023-03-01,240.70871003357047,242.81662320911965,239.7583329820595,242.08135605435282,21449744,242.08135605435282
2023-03-02,243.1779406553237,245.7873309676121,240.9762885999094,242.72219695300222,29077317,242.72219695300222
2023-03-03,240.52030128556936,242.5457227590873,239.16978740703507,240.18440693780389,9331838,240.18440693780389
2023-03-06,239.74753827135828,243.70441106222893,234.64900969815258,239.5709179452247,46361960,239.5709179452247
2023-03-07,240.7105766258817,243.67822922588223,241.08563036921475,242.52262991026808,13876967,242.52262991026808
2023-03-08,246.22007610954049,250.53239233164888,246.47210802424448,247.3673485919466,42617884,247.3673485919466
2023-03-09,249.3971196474562,255.0859764030065,249.5981936121331,250.29241505311575,8147698,250.29241505311575
2023-03-10,243.99997414974447,245.92762364280833,238.42111612117168,242.89019332780492,16650124,242.89019332780492
2023-03-13,238.87859420301498,243.407863883228,238.93164728451808,240.03931901233128,17559605,240.03931901233128
2023-03-14,244.07641773737964,248.54428889581658,243.40394449807022,245.01295696299127,18684945,245.01295696299127
2023-03-15,246.29031837263938,247.10118998947615,240.43933742704732,245.4951605401456,20149476,245.4951605401456
2023-03-16,246.50115097453713,251.28840440800795,241.17495334565157,245.79880134706423,47383522,245.79880134706423
2023-03-17,237.80090296636328,242.8466642031236,233.7772257680633,239.55941462813186,44264720,239.55941462813186
2023-03-20,238.06974281648922,242.93625873350456,236.55053963033913,238.68818996884272,48213039,238.68818996884272
2023-03-21,234.1337738378968,234.32236040712195,231.87503499081106,233.3860615125743,47107437,233.3860615125743
2023-03-22,242.6450696433197,245.77231518866256,240.04305480557466,241.00388510477364,39641356,241.00388510477364
2023-03-23,242.38694476022428,243.0789647744985,238.70929304310337,240.9594485662775,17198826,240.9594485662775
2023-03-24,243.43648707860476,243.5427798875585,237.18367843004114,242.3127494981265,21723496,242.3127494981265
2023-03-27,242.9012908782846,242.80784629927635,238.50390713208168,241.32170402593033,8407956,241.32170402593033
2023-03-28,241.77154241599325,245.13112577050708,242.07952636227978,243.46189449036567,11963987,243.46189449036567
2023-03-29,242.1447200300458,248.46211662475415,240.3052421422439,243.00954788201508,40636094,243.00954788201508
2023-03-30,245.9483107976593,248.4383837535974,240.4589590131417,245.31830330300593,28447961,245.31830330300593
2023-03-31,245.38826630269094,251.1702622405842,244.21713334484437,246.69222153658518,48033288,246.69222153658518
2023-04-03,243.33164470952693,248.34446144215678,242.18877611133155,245.17715962369286,12905625,245.17715962369286
2023-04-04,252.63762141346012,256.754699733299,248.03389735636523,252.9281713248593,29985069,252.9281713248593
2023-04-05,260.94017024266816,266.4427493182612,259.4386865454947,262.7253012916747,23015983,262.7253012916747
2023-04-06,266.0807584874995,268.43106353820883,263.15211401063533,265.6559132097575,29463290,265.6559132097575
2023-04-07,267.4322194433594,272.1478047641914,266.4787261593964,268.637665750437,15449089,268.637665750437
2023-04-10,272.5625122705025,276.67056525625713,264.1767345571986,270.6959339713745,10889067,270.6959339713745
2023-04-11,274.0957205029462,276.2404137732756,271.61699966552476,272.61727551196475,46169595,272.61727551196475
2023-04-12,282.8184058598499,289.5646464997465,282.26127720490825,283.0177683103422,43088833,283.0177683103422
2023-04-13,275.6310605418514,280.3952432911684,274.79471673738016,277.6519492216099,25621455,277.6519492216099
2023-04-14,283.15656376979916,290.33075375289536,282.7758572524773,283.58414103797975,15169213,283.58414103797975
2023-04-17,293.0781613409103,296.9455201898118,287.36549795737676,292.1729576694746,5806385,292.1729576694746
2023-04-18,292.8480377982492,299.27347786869444,288.6265864613447,292.5548376221795,46765112,292.5548376221795
2023-04-19,303.747198473802,306.8635535403358,301.0299168904711,302.15248734121434,16178845,302.15248734121434
2023-04-20,306.6834728016313,312.7278598270171,300.391844334162,306.47154558525125,22643756,306.47154558525125
2023-04-21,305.8409173329548,307.50998890007526,301.35648574741117,305.3985635522177,32839826,305.3985635522177
2023-04-24,308.7033285322413,311.75165442520193,304.3559773303359,309.78892541071497,22643577,309.78892541071497
2023-04-25,312.88447870137867,314.71763632345903,305.3248882367855,312.71236720777745,14170804,312.71236720777745
2023-04-26,304.65455198574847,311.5018146102332,305.2010169664956,306.4034368197457,35223388,306.4034368197457
2023-04-27,303.0184448685789,304.92158825208554,294.57458621694997,301.87443684141795,30665918,301.87443684141795
2023-04-28,294.47234022075526,299.04887720642273,290.3358269539636,294.22332236124225,44122197,294.22332236124225
2023-05-01,290.5159346287221,298.75300199252723,290.75819569948237,292.68802185367247,36680734,292.68802185367247
2023-05-02,288.3914375686905,296.05937815608274,289.2371782985714,289.95004986513806,39900050,289.95004986513806
2023-05-03,299.58046643645804,302.47795927185933,293.709713463469,300.4686015956605,9836194,300.4686015956605
2023-05-04,303.4286134958298,309.9799673586395,295.9825359794153,302.72266161251997,37299201,302.72266161251997
2023-05-05,310.84753226279787,319.25781857134876,306.92888625603797,312.07197287047546,14047466,312.07197287047546
2023-05-08,314.04519001179557,319.03872292130313,311.21044759462745,312.3312913568968,17403435,312.3312913568968
2023-05-09,318.827131469899,322.93280309733757,315.95874979339504,321.31936960167644,18256213,321.31936960167644
2023-05-10,320.1791240676835,321.7987179935328,312.8316885041203,320.027044935863,36450844,320.027044935863
2023-05-11,319.19146002824715,326.58812657189577,318.81852662064335,320.0464840980531,12109886,320.0464840980531
2023-05-12,307.5531067747176,311.03641867148036,302.2603942104725,309.6244082404476,34999605,309.6244082404476
2023-05-15,314.3770525606521,315.17957402234777,306.9272482926988,313.69708153376234,37041749,313.69708153376234
2023-05-16,308.2559190613178,309.99225703810606,301.7157503409186,306.2642806416243,34291501,306.2642806416243
2023-05-17,304.9817538437771,311.00246245022595,303.9405918633464,305.1056072967206,10083025,305.1056072967206
2023-05-18,301.7543229299855,307.8954026049614,295.3686675394916,302.15252250675286,13549392,302.15252250675286
2023-05-19,300.2403318023973,304.4079783161056,298.0667597091122,301.54143968034094,14507477,301.54143968034094
2023-05-22,299.10830343335056,303.8731000320998,297.6404060934186,299.2159968608219,33123710,299.2159968608219
2023-05-23,302.1706408108837,308.19961163965723,299.28324651208356,304.34393996549437,35610652,304.34393996549437
2023-05-24,307.80391735276754,310.57338549788574,300.8000794251732,306.2654049263398,12281407,306.2654049263398
2023-05-25,296.084970415135,298.5408271948265,288.6143482937208,295.5768350117845,48250631,295.5768350117845
2023-05-26,297.5469148501497,301.8698737854413,290.1458135297471,297.43498519133414,20153129,297.43498519133414
2023-05-29,296.2778412100518,298.00882698017944,291.57815881453246,296.71977649363737,23930020,296.71977649363737
2023-05-30,291.44467154188936,295.7712315452952,289.7067693773048,293.68358981234775,37685508,293.68358981234775
2023-05-31,293.90961865047143,297.1916435113216,290.7267973291356,292.0188287065327,10584254,292.0188287065327
2023-06-01,298.0185874140088,297.3388619156982,294.5487402285392,296.48281913766556,39489751,296.48281913766556
2023-06-02,296.8144047580672,301.9879498799491,296.63381441448564,298.1133216079653,41136027,298.1133216079653
2023-06-05,290.88034863200386,292.90454855745327,284.9531708463261,290.8476667118968,25063942,290.8476667118968
2023-06-06,290.9358325636734,291.47884584730645,285.7527474420731,290.09091496527,29942239,290.09091496527
2023-06-07,298.5538189932627,306.45332782979904,294.53263388455434,300.3393931392725,27858015,300.3393931392725
2023-06-08,298.947191868017,300.63300367995214,295.9488257709653,299.1926680575935,47790043,299.1926680575935
2023-06-09,297.4251256785737,300.1659813098523,290.3020294116402,295.3786913181321,28322435,295.3786913181321
2023-06-12,292.13314174882646,294.6382357631074,290.74941057630235,293.61024025630263,5021803,293.61024025630263
2023-06-13,295.52695763716764,302.0768776672941,291.28747141916574,296.0934828222391,21215756,296.0934828222391
2023-06-14,293.13206776895174,300.5715209983504,287.67767253040574,294.66169937144986,34849646,294.66169937144986
2023-06-15,300.2077493851882,302.2842123409783,297.58224155565205,298.45956305220915,32768202,298.45956305220915
2023-06-16,304.31004473715484,310.9096508379847,297.99600996346527,303.9222522934382,42006949,303.9222522934382
2023-06-19,296.753197303456,299.75766744604215,287.45298663111237,294.7084881836481,16304444,294.7084881836481
2023-06-20,297.2977073581639,296.10073145143843,294.44349813647915,295.3668262307156,45952690,295.3668262307156
2023-06-21,283.0425267892487,286.60161397871633,277.7864255556306,284.78961996514573,34285393,284.78961996514573
2023-06-22,293.0772443495989,292.9028158552341,289.0529388802259,291.8071485223422,6541118,291.8071485223422
2023-06-23,280.9790027123126,284.6539990987254,276.1872939547408,282.6119657075744,21940661,282.6119657075744
2023-06-26,287.88851619829495,288.13251755087106,284.64842023923217,286.825322667192,23639771,286.825322667192
2023-06-27,292.7769647521887,297.04139723741,286.99836810636566,291.3935868634881,6503357,291.3935868634881
2023-06-28,295.3371240654715,294.05365693352246,289.2820919621632,293.20766890678107,45145932,293.20766890678107
2023-06-29,286.32507106361714,295.3547981355475,282.6969283464314,288.2696274420376,32845937,288.2696274420376
2023-06-30,288.50758583412977,291.57835505943285,281.8962923812244,286.3120629813761,13701306,286.3120629813761
2023-07-03,290.6253459198133,294.0173920317796,284.23829667449627,288.700737057589,13910586,288.700737057589
2023-07-04,289.13249651504367,292.28532570767896,290.0683206948796,291.2451330393924,48967870,291.2451330393924
2023-07-05,291.7304455229454,297.22324024393845,285.5535667724315,291.44947574191747,39415832,291.44947574191747
2023-07-06,284.90817691542753,289.7447345559053,276.12140933231893,283.0023497645915,40207930,283.0023497645915
2023-07-07,289.6952767732337,290.5633939792216,283.65632027080784,289.4337448359461,47847054,289.4337448359461
2023-07-10,289.2731149298037,294.4655238635941,284.30098162316136,289.6721164151637,48680450,289.6721164151637
2023-07-11,285.6567160332717,290.9634047245289,281.9064788410291,285.09302227492117,44709670,285.09302227492117
2023-07-12,280.3902496902534,282.335742621411,274.67799805215924,281.41904093626414,42748909,281.41904093626414
2023-07-13,279.2931611780942,282.85512620899306,280.2773401005136,280.9930888509125,33903562,280.9930888509125
2023-07-14,283.7693791921431,289.72257460284885,280.5311049007036,283.229450888296,39187661,283.229450888296
2023-07-17,277.3800213894257,282.407992628688,272.6228574690421,278.5806722460262,48169376,278.5806722460262
2023-07-18,276.48777434997385,279.84427062434304,274.7817713586279,277.03489593514166,6950762,277.03489593514166
2023-07-19,285.81079546431454,287.18737550236096,279.0306665624912,283.7556537435447,20985807,283.7556537435447
2023-07-20,280.8552558940513,285.68917208010345,281.03562441204946,281.95618507434807,9574623,281.95618507434807
2023-07-21,286.4588060513102,289.25583192830493,282.81550014651725,286.4556174131685,21388379,286.4556174131685
2023-07-24,281.0193890330995,285.4115507598105,274.8290753262077,280.5071653600719,46538061,280.5071653600719
2023-07-25,285.3888151509314,288.94127971250185,278.7817871852309,283.95942980853425,20644333,283.95942980853425
2023-07-26,287.39737239654704,289.9014646925544,280.1806164727971,285.8259836331655,28482612,285.8259836331655
2023-07-27,288.9852274689779,293.01195796945564,283.59590262926014,290.2864933962154,25470523,290.2864933962154
2023-07-28,289.1925813365129,296.1968823813907,288.2199659311713,291.4654041188903,43353864,291.4654041188903
2023-07-31,283.9586222187113,284.70238301760446,280.0352093152282,283.2202791534675,46455133,283.2202791534675
2023-08-01,273.9571895478837,277.2487065104432,273.2000011878232,274.9032581137186,12264934,274.9032581137186
2023-08-02,276.62376017175075,282.2645999545064,269.977431576429,275.6587731021636,25061376,275.6587731021636
2023-08-03,268.8572448625239,271.07266300656005,266.1652651223509,270.3911408861979,48623203,270.3911408861979
2023-08-04,270.54884702948124,273.14697290573804,270.4516682008686,271.06697390627244,35751008,271.06697390627244
2023-08-07,276.2888136416099,280.656411620693,273.3953723535461,276.4643189027726,47806157,276.4643189027726
2023-08-08,274.5630199540039,281.56253181004803,271.14886505288104,275.42495468571155,18714090,275.42495468571155
2023-08-09,255.97029055763622,259.159880143609,252.65471710533453,257.94163382796904,20628019,257.94163382796904
2023-08-10,249.7071298557888,256.7279555430494,248.76470156496353,251.56794698167394,15747228,251.56794698167394
2023-08-11,254.01668323019427,259.1853590090324,248.74890765209625,254.30711008680836,21777434,254.30711008680836
2023-08-14,249.41320887024207,252.08815058334872,241.93031843835803,247.8472098343707,49320210,247.8472098343707
2023-08-15,248.9217147054499,251.01329128744078,246.16123920877905,248.6620455578091,33255025,248.6620455578091
2023-08-16,247.7323857681538,249.048242010091,242.69431335804998,246.92849172168252,47042076,246.92849172168252
2023-08-17,248.03331008389145,250.0041005231889,245.69002171729832,246.80559776284383,38149821,246.80559776284383
2023-08-18,250.7422087599048,253.6328210785645,247.97864049715037,249.91209454178923,32087124,249.91209454178923
2023-08-21,250.7753484979351,249.45837924970388,243.4248582602915,248.83062796972033,47472487,248.83062796972033
2023-08-22,243.94930100371704,248.2362268229582,240.30049005441984,245.15912111443083,16908144,245.15912111443083
2023-08-23,246.4474670738145,248.728272445181,240.00638007105647,246.0317130409905,10665860,246.0317130409905
2023-08-24,243.70922734450377,250.17499024316157,241.30468697923268,244.8493214106342,17037285,244.8493214106342
2023-08-25,249.78615810655197,253.67433959966655,242.20326834985795,247.91361389909153,23601016,247.91361389909153
2023-08-28,253.68937281915478,260.3099436949603,253.0103174564212,254.32445226947786,15777685,254.32445226947786
2023-08-29,263.36754903728934,265.1653615461379,259.28033008766636,261.9086059400904,48345652,261.9086059400904
2023-08-30,260.77298658018304,265.8715722742597,257.5023711022533,260.529893401229,43302199,260.529893401229
2023-08-31,257.7369442187904,261.02505159070074,254.18604733259954,256.0280605343165,5164506,256.0280605343165
2023-09-01,251.72662403119168,254.81055061139708,250.0938985362928,253.54963419791662,34062377,253.54963419791662
2023-09-04,255.35215907910217,258.2428454546113,254.37920340304683,255.38452441906117,41283347,255.38452441906117
2023-09-05,263.0420520893858,269.9293518865106,258.49358578764657,263.6976782516126,11382397,263.6976782516126
2023-09-06,274.9923569136023,277.0843578199746,269.6937964933179,273.70089000508074,32028823,273.70089000508074
2023-09-07,265.11624528142323,270.19351931911336,263.169948662053,265.3338662598367,23740178,265.3338662598367
2023-09-08,270.33732854642057,272.54920199536656,263.89761519383495,268.6662695941541,13138314,268.6662695941541
2023-09-11,268.8194269342575,273.7104618948572,263.8386121204535,267.039323827205,33882137,267.039323827205
2023-09-12,263.46998734588,266.6806135812865,260.4188373313781,264.5123540189159,10567839,264.5123540189159
2023-09-13,263.83641723142165,264.46777695994183,257.77467322635664,263.2763295043284,47344487,263.2763295043284
2023-09-14,257.71325785792214,261.9976259705213,256.4160685206302,259.17033388511265,31487571,259.17033388511265
2023-09-15,255.1028831644281,258.0896731804658,250.16217593333448,253.61145499183255,21663964,253.61145499183255
2023-09-18,252.51335751024726,256.7741502897562,250.73742279709148,252.06978428723653,22099082,252.06978428723653
2023-09-19,252.87722907199645,258.06650377606314,250.01681440788843,253.15082346061058,46202162,253.15082346061058
2023-09-20,252.11554371253777,258.03431069873403,249.97089676436937,252.28571418349856,47960757,252.28571418349856
2023-09-21,256.27132781684855,256.336281943476,253.05980344106675,254.7015818447368,27652369,254.7015818447368
2023-09-22,261.12473662231605,262.75525535131237,255.93580036462228,259.3314349248384,20779703,259.3314349248384
2023-09-25,259.4684295697075,266.948058856012,257.6695103410332,260.7141184331007,14778873,260.7141184331007
2023-09-26,255.77229277833771,259.97334842866115,248.96523417345466,254.15314739304748,28813707,254.15314739304748
2023-09-27,259.91118772343265,263.4413979791708,253.22006440075657,258.84178582914393,22740755,258.84178582914393
2023-09-28,257.0137128395295,263.2741406545705,252.25313091960635,258.4242567333784,12037200,258.4242567333784
2023-09-29,258.1665003799671,264.19065824377134,256.69375571558925,258.46858353800275,19694151,258.46858353800275
2023-10-02,269.5516741233304,273.8204146770993,265.4497094022322,267.6120142396311,18467271,267.6120142396311
2023-10-03,261.4580539386155,261.5591298502618,254.4306841869997,260.07289734066916,23507379,260.07289734066916
2023-10-04,265.58924397940837,273.50837300192956,262.2832376819123,267.6251166458778,25995052,267.6251166458778
2023-10-05,275.3799898433557,280.96139678800546,272.1744857742949,276.49177929264545,46709629,276.49177929264545
2023-10-06,267.76871660720377,269.8712824215174,260.22082581286895,266.8730439865993,18454351,266.8730439865993
2023-10-09,271.4891102503004,275.7718214305713,268.33265305138235,271.6271901304473,38604189,271.6271901304473
2023-10-10,272.3084210497973,275.0939948487438,272.4208418922668,274.2080617931013,25635416,274.2080617931013
2023-10-11,269.87740759068265,276.1241996847732,269.33183500330716,271.2649474540182,23610710,271.2649474540182
2023-10-12,269.5015236033741,272.27570331156016,264.67327218213643,269.7721295724781,30940051,269.7721295724781
2023-10-13,272.59415349132706,276.2611774865674,270.01144380702624,272.97335859295475,24294151,272.97335859295475
2023-10-16,267.7421356698835,269.9219001435141,263.4880302636577,266.5872468065884,27749929,266.5872468065884
2023-10-17,270.9910894977781,278.51503001733363,270.9486409679467,272.7508876835651,43572307,272.7508876835651
2023-10-18,262.3746138379639,269.2998558559261,261.13695830803033,264.2921783620937,39193864,264.2921783620937
2023-10-19,265.48672753048345,266.4335943064502,260.4790478580442,264.6266389947754,23286173,264.6266389947754
2023-10-20,269.17320343042513,269.8314987295391,266.1149267643221,269.28454061583295,35797205,269.28454061583295
2023-10-23,268.6323389980291,272.31827156699404,262.5206630717349,266.5579956236054,27303668,266.5579956236054
2023-10-24,273.8706086729906,278.1745119488911,269.59333282979594,275.70819750690595,28401651,275.70819750690595
2023-10-25,281.0402927746695,287.33802258087866,278.6640632103144,280.7519142349206,28183219,280.7519142349206
2023-10-26,280.01165466647876,279.78171953001595,274.92254423437294,277.984728507292,32520562,277.984728507292
2023-10-27,274.7474911689051,281.25835857293475,275.7189235230658,276.67481018439275,25775155,276.67481018439275
2023-10-30,287.11224840196866,291.57145876098855,279.53434519976855,285.27542555783657,40650625,285.27542555783657
2023-10-31,282.0567589100431,288.06444326296804,282.7629516274308,283.6716697873594,49477318,283.6716697873594
2023-11-01,283.3366359161514,283.80064211593617,276.8141398865053,282.74811858177475,24408108,282.74811858177475
2023-11-02,289.4391687498635,293.7238509557732,286.9954545351658,288.9451045613237,35397118,288.9451045613237
2023-11-03,287.28530771761035,290.7447897219941,286.0196359268145,287.3186615584825,49831115,287.3186615584825
2023-11-06,283.99014659718233,288.6986087344109,281.3410492073786,285.9502037740235,34471227,285.9502037740235
2023-11-07,280.47028471443156,287.5272960383068,276.4294882756819,282.02701205503416,14071936,282.02701205503416
2023-11-08,282.07429059071507,286.46123006167494,278.31218898576736,281.5192643399316,41772394,281.5192643399316
2023-11-09,278.52745085264627,282.55938405801675,276.02888705369975,280.5343175179421,35399662,280.5343175179421
2023-11-10,280.1126737600546,284.76852948906117,277.98433287620435,280.6493756972623,10527925,280.6493756972623
2023-11-13,287.4385903468652,290.87622875219705,285.3170828580014,286.29565684216305,26991786,286.29565684216305
2023-11-14,291.58559641706563,298.94489876714385,291.2740360439819,292.6534761052401,45018056,292.6534761052401
2023-11-15,299.7217364430919,303.0009767987734,295.03014619658404,300.6125173051777,9510907,300.6125173051777
2023-11-16,304.7855396135617,309.48410357916225,296.95356374857073,303.60109505157266,31671004,303.60109505157266
2023-11-17,306.1165995045015,309.2675278155079,299.9140805724879,305.01998887496234,49979359,305.01998887496234
2023-11-20,305.0847690564357,310.4137258216365,300.5834304500291,305.6878609275585,28903086,305.6878609275585
2023-11-21,309.08501990611296,317.16731855647083,305.21669803242145,310.0604220595878,14589185,310.0604220595878
2023-11-22,311.3196380590195,318.8835578570701,310.7538580376213,313.113228962216,24550351,313.113228962216
2023-11-23,312.5964340239444,318.8584260779963,311.2477610186557,314.03357516930566,6737328,314.03357516930566
2023-11-24,313.1075291614761,314.7729164072006,307.6590725914346,311.53396963353987,19465942,311.53396963353987
2023-11-27,307.14440160001743,309.83061898020367,302.10468301098524,307.70548482653555,6002414,307.70548482653555
2023-11-28,307.66813283085406,313.1827709419264,300.313951093762,306.9953827676282,33870048,306.9953827676282
2023-11-29,299.9535566376654,304.48155040416924,296.3016667529582,301.4789505647869,40580429,301.4789505647869
2023-11-30,299.5011903924051,303.9901839711899,295.9299818051033,298.05667072546186,46771600,298.05667072546186
2023-12-01,291.4415686772418,297.4305006888673,287.9174322796643,293.73831104692636,6849580,293.73831104692636
2023-12-04,286.3262810948619,289.7180892625913,283.5320151654166,288.3444061495087,47474355,288.3444061495087
2023-12-05,294.7421917809353,297.5491839395634,290.56026911374977,296.7241662305134,15502419,296.7241662305134
2023-12-06,301.29049687587553,303.9402271930608,297.10934818289286,299.9286553601806,43638468,299.9286553601806
2023-12-07,303.0331313636405,305.8548917386713,299.41636971366927,300.6523239437366,33391316,300.6523239437366
2023-12-08,305.2766092957376,310.7730368256441,303.87549319250456,305.0459545087053,28385329,305.0459545087053
2023-12-11,301.9158273485923,309.20651657590247,296.36178520816924,303.0241643954718,27061695,303.0241643954718
2023-12-12,302.0627613269871,304.35017251478206,296.5290460718197,303.0008710223789,49654792,303.0008710223789
2023-12-13,294.28379348226093,298.5646855547504,288.26852496945645,294.9961214409554,40424657,294.9961214409554
2023-12-14,303.8787329330054,310.5102583280855,300.5466280294568,303.52087394228073,22304350,303.52087394228073
2023-12-15,305.78390837826333,309.81215584538484,304.10126059051817,307.9593311232104,23829955,307.9593311232104
2023-12-18,304.6996863819001,306.35715884328573,303.4096137732185,305.4682050385852,13361958,305.4682050385852
2023-12-19,316.4477739983159,321.24910783327584,314.028600114225,315.71588275477853,37123177,315.71588275477853
2023-12-20,319.521160660242,323.9593599399808,315.14009821848884,317.5190215452997,21839736,317.5190215452997
2023-12-21,323.2751134732597,322.55204229625525,315.8444654273963,321.6845156047004,36244943,321.6845156047004
2023-12-22,324.9016780821091,326.282837525988,321.3866229701811,324.4902154756803,12566103,324.4902154756803
2023-12-25,330.8832171656622,337.3633950804853,326.2491702311166,330.79781519120456,26373278,330.79781519120456
2023-12-26,335.559670405426,342.01721923963123,327.49732630754954,335.28577966328174,27865432,335.28577966328174
2023-12-27,336.53844678220315,342.9722839996228,336.475391797038,339.14100739073496,23291745,339.14100739073496
2023-12-28,343.8124459776588,350.21641356209375,340.9082858400612,344.52457600455875,27140500,344.52457600455875
2023-12-29,345.5050848264329,349.9925084625218,339.2782238642425,344.1727086594667,13346879,344.1727086594667
2024-01-01,356.57895599276713,361.1840566520692,352.9419360117069,357.5897975579489,34881602,357.5897975579489
2024-01-02,364.461058818571,368.0243822683278,362.58644544976346,365.9126069722319,37705795,365.9126069722319
2024-01-03,361.9458962726488,363.88451515683033,359.0582918407031,362.6969333706021,32324884,362.6969333706021
2024-01-04,363.2166569477624,363.05819670497783,359.09298014349883,360.6867852399051,18327387,360.6867852399051
2024-01-05,357.1277470766014,362.6403582001524,348.3753398477083,357.24675749194876,21187231,357.24675749194876
2024-01-08,351.12455399451676,354.5808736098131,346.0104039446696,353.78375513689275,37201438,353.78375513689275
2024-01-09,358.11594017419736,361.35113757349785,350.27579478246975,356.1472865274631,32245958,356.1472865274631
2024-01-10,356.11206931102464,356.9628934738546,348.9301591116948,354.7644059881801,23946971,354.7644059881801
2024-01-11,352.3278361783194,362.22649840688064,349.69710186122677,355.04763581929427,48279904,355.04763581929427
2024-01-12,351.1838783361318,356.0829881645771,349.78629482354154,352.1295398307161,27767936,352.1295398307161
2024-01-15,347.76647731306895,348.8460959328224,337.78722034674655,346.4256167208046,13339656,346.4256167208046
2024-01-16,339.1282090964927,349.01992782862095,335.31158677076445,340.6155658742427,36983758,340.6155658742427
2024-01-17,341.15668608570616,340.9107757806003,332.8876955446295,338.6990876679838,18825401,338.6990876679838
2024-01-18,341.3338978741105,348.479997321658,339.51059231792976,342.18495928323284,21836250,342.18495928323284
2024-01-19,337.8528685407638,341.56694031994454,330.0433548846193,338.4711897079379,25195526,338.4711897079379
2024-01-22,338.220763457972,345.76219555874343,331.67588611671613,338.2069932820848,32500262,338.2069932820848
2024-01-23,342.96839312981973,349.2235673487437,339.3443728048243,341.7496680378543,25534747,341.7496680378543
2024-01-24,341.57246352998885,344.71661058433557,333.6067715681517,339.3011332534415,34259981,339.3011332534415
2024-01-25,333.32046742905766,335.0307682318489,330.9687786863269,332.93407296793833,46348367,332.93407296793833
2024-01-26,337.6492819811973,344.04934969194255,330.981189497376,335.8427423030645,10172705,335.8427423030645
2024-01-29,332.4423498108492,336.284481983096,324.2863652522068,331.68875280559877,25251915,331.68875280559877
2024-01-30,332.09518855971913,338.54590056376975,328.27644334942613,334.25723443086224,30321152,334.25723443086224
2024-01-31,329.77257266026834,330.4131529841925,324.219074594555,327.19128107514297,44294735,327.19128107514297
2024-02-01,330.5208669440877,333.94005490464593,324.8378688534873,330.39153213974316,21154486,330.39153213974316
2024-02-02,325.62146536149646,331.04600710317476,321.99045629204323,324.7904552910333,45232794,324.7904552910333
2024-02-05,332.02251557861666,336.1423618381262,326.8320517276375,331.93204834860495,22147477,331.93204834860495
2024-02-06,329.64362275886174,330.1754652301407,321.00901602100674,328.02533766111577,40090775,328.02533766111577
2024-02-07,314.61803039891714,315.0409803186062,312.104234485694,313.992592080033,31040293,313.992592080033
2024-02-08,317.6001552017118,321.2810374900687,314.32399408004204,319.15841107526603,31699270,319.15841107526603
2024-02-09,312.9578009708571,321.11334761628734,308.4006433264319,314.4473823687257,38585010,314.4473823687257
2024-02-12,313.33984776997505,313.49525216908785,309.139496020253,311.4565910456273,49853487,311.4565910456273
2024-02-13,314.57940852029407,321.69116129566356,312.4137292931904,314.29154234731715,48595706,314.29154234731715
2024-02-14,313.7290708142658,317.67162715782547,310.22861377672683,312.3917486883381,43345477,312.3917486883381
2024-02-15,311.17301624288115,318.0655695143844,307.0828139329372,313.19746978192705,21822095,313.19746978192705
2024-02-16,315.9429280751858,320.18685278190804,316.66753231350606,318.3112103262276,25951946,318.3112103262276
2024-02-19,318.18067210833124,321.9261268518442,314.4330157281972,317.9834022203255,48478190,317.9834022203255
2024-02-20,329.50943212213724,335.7793535799156,320.5279817007749,328.58398701417485,47153316,328.58398701417485
2024-02-21,333.6384674400369,335.60300880288725,324.2815920355185,331.28412563921563,8056604,331.28412563921563
2024-02-22,331.3229821994715,336.8483536075275,326.3349066628752,330.14554464635495,23701491,330.14554464635495
2024-02-23,325.5644103504795,330.98042856281455,322.72810764307644,327.8346140446498,36221811,327.8346140446498
2024-02-26,328.1308951842862,329.8158803873111,321.6859750066612,326.3138488178012,25389696,326.3138488178012
2024-02-27,329.9572964759303,335.7628777696185,323.3778679654453,330.3039805796469,48442783,330.3039805796469
2024-02-28,327.71497386772006,331.30173614827413,320.5839652417659,327.8301659464359,35456816,327.8301659464359
2024-02-29,323.517000811626,325.89167180996026,319.57255207519273,324.3791846055666,44957280,324.3791846055666
2024-03-01,339.47668378511025,337.95042204049844,335.7004891852055,336.89937885023886,45281773,336.89937885023886
2024-03-04,334.46378476051365,338.0896675946687,327.09313332093393,334.5367169018904,32708578,334.5367169018904
2024-03-05,338.4561512061978,342.6474215262998,333.2229807018379,336.1724590604391,24498179,336.1724590604391
2024-03-06,333.7401038671104,338.4954922279061,325.15235314750163,333.0300703704508,10054774,333.0300703704508
2024-03-07,330.5157009196944,332.58334497725906,325.54160320615966,331.24528956677335,32563969,331.24528956677335
2024-03-08,321.7761948176954,330.28037161260403,318.29809943760966,323.2998924427602,32938823,323.2998924427602
2024-03-11,323.2322235288231,328.3795397587345,323.6762193813812,325.0556174644704,36609303,325.0556174644704
2024-03-12,330.61729361442207,331.5001018944474,326.05020662770323,328.3256011655093,32208237,328.3256011655093
2024-03-13,328.2376287364397,330.53033911772974,322.80038285460097,329.44243140835556,35047284,329.44243140835556
2024-03-14,337.39658584893044,338.3663577111789,330.770481727626,335.2986747040724,27328649,335.2986747040724
2024-03-15,331.95430317269967,338.735317529425,325.87686651972604,332.90630678408036,41580906,332.90630678408036
2024-03-18,319.9958492069727,326.2091474049421,321.1417970503376,322.1145973668899,36732011,322.1145973668899
2024-03-19,328.59554821545845,335.51928029857385,323.8071205565212,331.1721358963017,49612525,331.1721358963017
2024-03-20,330.97759234392754,335.9195626243437,325.42974048415175,329.4592201635915,22235776,329.4592201635915
2024-03-21,330.1112957057839,336.0462673619363,328.4268904610438,332.0708411097027,37194306,332.0708411097027
2024-03-22,328.160197146072,330.83748846117044,324.77431271140915,329.3046486329529,16959950,329.3046486329529
2024-03-25,344.2287091173371,347.2851571154302,333.3685870961329,341.7366924193011,8142856,341.7366924193011
2024-03-26,330.63988381489384,331.2421131651835,327.6043701649776,328.7934140155814,22378214,328.7934140155814
2024-03-27,323.1401212278402,329.2937479932248,318.721825555316,324.41288255245126,23625209,324.41288255245126
2024-03-28,325.28250670341487,324.52628991987683,322.57612442930827,323.4793385839378,33836462,323.4793385839378
2024-03-29,320.77827576055034,329.016900249083,318.4222288860149,322.10663620476095,43801062,322.10663620476095
2024-04-01,318.4895628865387,326.23061743474983,317.6887836253676,320.08798542994555,46110247,320.08798542994555
2024-04-02,322.6421643621397,328.39624365403364,318.1665970946895,322.229310273632,23563394,322.229310273632
2024-04-03,326.2093255936065,328.13783328082,322.6103955861987,324.3479107919405,11114835,324.3479107919405
2024-04-04,320.5805836588333,324.7013667111401,319.4945984295182,322.8953790955258,24296842,322.8953790955258
2024-04-05,321.72975633554375,326.90692793607207,317.5034915429243,322.54707184282336,38774288,322.54707184282336
2024-04-08,327.88277062200115,333.6342261192868,319.14626535917154,327.0222737019056,25449809,327.0222737019056
2024-04-09,325.6659763576581,327.3857098567574,323.15681553312214,324.60149084482117,19328501,324.60149084482117
2024-04-10,322.38815299111644,325.51173301547857,321.6275361545239,324.09080408619093,20660478,324.09080408619093
2024-04-11,332.473684326607,335.75070109041246,325.9500671494913,333.84963433528014,22600954,333.84963433528014
2024-04-12,339.26905611337133,341.8923701878031,329.9941809337864,337.2377866852128,11084316,337.2377866852128
2024-04-15,334.4641182469336,341.8243828929841,328.23862612081757,335.25938363380544,34082416,335.25938363380544
2024-04-16,325.32384223590543,328.6193366530339,319.35972655631525,326.72037240406036,19271015,326.72037240406036
2024-04-17,324.2911974937389,331.63735458168793,321.3509248183756,326.6509187882151,30386503,326.6509187882151
2024-04-18,325.0161161950242,332.1083773987127,320.11436100614304,326.60046547559045,18138945,326.60046547559045
2024-04-19,319.81748301878724,327.78843351807126,318.82894574625453,320.2608404143439,38025461,320.2608404143439
2024-04-22,319.4193209197992,321.09571209330795,313.3031718822994,318.5735203799747,8936773,318.5735203799747
2024-04-23,320.1059902920092,320.19106217004514,312.0764431516461,318.41259716345587,44770157,318.41259716345587
2024-04-24,325.7095537208952,332.8840061038932,321.41759233023924,325.9944009932909,20416902,325.9944009932909
2024-04-25,319.82581411962644,323.4832828813781,319.39957512055526,320.8590208768887,7477755,320.8590208768887
2024-04-26,320.6268635854584,328.46137086223865,318.890755423442,321.33868343388826,37218497,321.33868343388826
2024-04-29,324.332176316776,324.07450197291337,316.6709610835447,323.2975311828,36471698,323.2975311828
2024-04-30,319.56516608093705,327.2301571008899,316.1459820377281,320.95140543895076,47641740,320.95140543895076
2024-05-01,328.35349364056736,328.9203087555024,324.23220543512986,327.8621546580048,34918466,327.8621546580048
2024-05-02,317.6126560535429,322.2197545709015,315.68691360205946,316.4969841547404,41565327,316.4969841547404
2024-05-03,316.4934476280591,316.0857096281326,308.9319534499894,315.2043059223192,12471169,315.2043059223192
2024-05-06,306.1846692259856,310.7207768645296,305.5137526958436,307.42404766679925,33701629,307.42404766679925
2024-05-07,307.4299414434148,312.2038600692409,303.6081014257659,308.07160582639887,21555483,308.07160582639887
2024-05-08,317.1305404381794,323.2353314372495,312.73393547323246,318.41940616998875,8714034,318.41940616998875
2024-05-09,314.04818716451786,318.107032165434,315.2807206569485,316.04570816238805,47041760,316.04570816238805
2024-05-10,318.1763252880847,324.4016797580243,317.3474607164821,319.2775338467305,43073809,319.2775338467305
2024-05-13,320.86143967737206,325.27242118766236,315.32622204859257,319.3655811128386,14646204,319.3655811128386
2024-05-14,316.46043072436436,319.3203799134433,312.0057651056345,316.1693133499693,48058459,316.1693133499693
2024-05-15,311.05251501453785,316.13587155955474,306.97609175156,312.2055011046071,14364244,312.2055011046071
2024-05-16,309.4809817316485,309.6378994392078,306.01366365900515,308.995807686428,21545186,308.995807686428
2024-05-17,310.53940683064263,318.97654196948855,310.77017581022994,312.4709018355119,33339520,312.4709018355119
2024-05-20,323.2503006363774,326.2202608338333,321.7988361492307,322.70924473250966,41716847,322.70924473250966
2024-05-21,325.68426958746136,326.348112602544,317.77035370862995,323.4805505112177,17290922,323.4805505112177
2024-05-22,331.09018203057565,334.764558214875,323.21156755722774,330.3355374958982,44141790,330.3355374958982
2024-05-23,324.99208494927547,332.0081941999666,321.7213184621026,326.6096375328709,11257382,326.6096375328709
2024-05-24,322.08858372707266,328.1831823726471,321.5091061044321,323.86579649217435,27595400,323.86579649217435
2024-05-27,321.78051839306136,326.3143639236175,317.2336188349232,321.0193877221151,34684255,321.0193877221151
2024-05-28,333.2601449702761,335.84349212661954,333.2238886053534,333.93916331899686,32303174,333.93916331899686
2024-05-29,330.5464109354903,332.28665400102767,323.1726632232326,330.83475760882766,47796482,330.83475760882766
2024-05-30,339.89157690781656,346.6883510924691,334.42196364503116,339.39913363384795,22890345,339.39913363384795
2024-05-31,331.37054655317297,332.13490604234823,327.07258862248636,331.03522291359013,24954830,331.03522291359013
2024-06-03,320.69113781887125,323.2033084735141,317.4052493569845,320.8640165629197,7624905,320.8640165629197
2024-06-04,331.8464747748614,337.81768352060175,330.2537450170733,332.00838993686637,31017775,332.00838993686637
2024-06-05,337.3428569083568,335.74524944844325,332.33086063769883,334.8525772954952,6200136,334.8525772954952
2024-06-06,343.55238000686836,347.97161414963074,333.61784232098955,342.0537708777928,26375468,342.0537708777928
2024-06-07,335.22041235246786,341.17228750721665,332.9315618579951,336.6385871110838,19523200,336.6385871110838
2024-06-10,332.80083136216547,332.9572458163993,328.8922480597222,330.26725984928765,45800333,330.26725984928765
2024-06-11,329.0203241118297,337.3727793179837,329.0198853213658,330.3765751578156,22877407,330.3765751578156
2024-06-12,335.927594684273,338.2262383542348,329.0320890360485,336.9487660262622,37759799,336.9487660262622
2024-06-13,333.89751004284795,335.87167179810876,328.7955937928763,334.58080704886976,36941303,334.58080704886976
2024-06-14,350.15979928901487,353.5941807285002,347.9453550580478,350.27633361018945,40728963,350.27633361018945
2024-06-17,355.8695096267299,358.1576987464055,355.6267623856372,357.19320460624135,6842311,357.19320460624135
2024-06-18,352.6557070461957,358.4968825491333,344.83202141785785,353.58384304977204,5213139,353.58384304977204
2024-06-19,350.74295691206606,354.44250922628595,345.8641978782031,351.3271071694436,18235853,351.3271071694436
2024-06-20,351.76696780507746,357.6855130827327,347.2555837993628,349.35985493208784,37381482,349.35985493208784
2024-06-21,355.0395584587682,355.0113225903829,346.6439482946585,353.15984053926604,44073042,353.15984053926604
2024-06-24,353.51186575527146,364.1674840188737,351.3248847520326,356.25855774809946,31106806,356.25855774809946
2024-06-25,336.5330723188695,340.973220774026,333.50642802686826,338.98446869062997,30506839,338.98446869062997
2024-06-26,343.0620075537021,341.75332289355254,337.18249023989495,340.45345459332805,14506412,340.45345459332805
2024-06-27,343.3490124930941,349.7504782585593,342.8615278877632,344.04632852331395,49890138,344.04632852331395
2024-06-28,342.6349699329478,341.9857529393348,338.08340605053075,340.69726704127567,42348134,340.69726704127567
2024-07-01,341.59515131729523,343.0076338986057,332.8717200465408,339.39939725140454,20712413,339.39939725140454
2024-07-02,330.4010111748735,337.3327114785404,325.8440378065378,329.68631757428955,31494955,329.68631757428955
2024-07-03,320.92806263645264,323.2941404798566,315.40701061566244,320.45600268102385,5707829,320.45600268102385
2024-07-04,320.9856280973535,327.53060956123863,318.2170925879093,320.2291335400644,8338180,320.2291335400644
2024-07-05,323.066607910381,330.4061730553138,317.1788957310702,323.33572877635436,31317930,323.33572877635436
2024-07-08,320.064166991571,330.08375301702915,319.667666786888,322.4203015985842,6030845,322.4203015985842
2024-07-09,336.4560497050382,339.6576388901215,329.5966858429425,333.7870245614605,42846968,333.7870245614605
2024-07-10,335.8458205711039,343.6166139611751,335.997953882993,338.4067847519407,48250199,338.4067847519407
2024-07-11,342.1719519670764,342.43624912612773,333.83392169438395,341.53432783567365,5154500,341.53432783567365
2024-07-12,344.5155850062012,351.9924732539261,339.4914226487792,344.3794709936777,33284971,344.3794709936777
2024-07-15,352.90121049159706,354.3140896534301,345.7248286958488,351.58996532130965,25636335,351.58996532130965
2024-07-16,341.4879908372113,349.31941395291113,334.85721822684843,341.34226716782695,7849373,341.34226716782695
2024-07-17,341.9430778709053,348.736753298496,338.72008813286806,341.8124259942129,40576408,341.8124259942129
2024-07-18,352.83849380397135,358.0374427272317,346.0386953069412,352.7029943004784,18274759,352.7029943004784
2024-07-19,365.82544730364197,372.765036625939,359.50510060335705,364.1216237635762,38568869,364.1216237635762
2024-07-22,371.54975981498956,380.4789929378498,363.57597906657406,372.2994967991444,19713004,372.2994967991444
2024-07-23,382.40421824044233,391.8149697391903,377.1555075919293,383.1908980409032,22031599,383.1908980409032
2024-07-24,386.52450941012387,387.17853728678534,383.6724557606532,385.6301196270876,6447658,385.6301196270876
2024-07-25,386.08651136915887,392.6860179087669,377.37671574128046,384.9665359305575,35075967,384.9665359305575
2024-07-26,384.62276937949173,389.92573208882357,380.50395494876017,383.38644606768366,35905154,383.38644606768366
2024-07-29,387.0706082462523,390.9757996554799,379.95220624269075,387.888578161903,19187768,387.888578161903
2024-07-30,391.5183202984536,397.6174885626944,382.10549555543696,389.78199056392214,21506755,389.78199056392214
2024-07-31,385.9536581775452,391.1333014842807,387.65364651921476,388.9541121885455,45500890,388.9541121885455
2024-08-01,385.7288106491146,386.894231560643,382.1925730367443,384.5555128449705,37062406,384.5555128449705
2024-08-02,383.13654243645755,392.9521740304855,375.4579387184239,384.75684088997,32081122,384.75684088997
2024-08-05,388.0716089123523,387.84909042571536,379.2109624406269,385.65206621943634,44617344,385.65206621943634
2024-08-06,390.7644337781195,396.1600728167543,388.2046709589043,393.85811559441163,28386271,393.85811559441163
2024-08-07,382.5988901331825,387.70486310134066,376.8859063827823,382.9072700558058,30642782,382.9072700558058
2024-08-08,373.3602052207545,382.3849297597885,371.95920473890664,373.7699960259721,27787819,373.7699960259721
2024-08-09,368.4808789497614,375.8701676996349,362.1440766513393,370.57959018209425,45047663,370.57959018209425
2024-08-12,371.29787373755136,374.1685728668433,367.9432762896456,370.6588079080637,48344001,370.6588079080637
2024-08-13,365.2356097469085,367.0065909082759,360.4635385389705,366.06134535743394,38467517,366.06134535743394
2024-08-14,372.957289858568,375.80771277172545,364.23583290340946,370.8324882193788,37400943,370.8324882193788
2024-08-15,371.748044874914,378.8767337904862,366.1257298973022,370.12614773903664,49656429,370.12614773903664
2024-08-16,371.20323870354315,371.08165588096347,366.67807236395817,370.1686831678925,6576340,370.1686831678925
2024-08-19,369.99985917720153,369.36546447507584,361.8929856450923,368.2872364602412,48723576,368.2872364602412
2024-08-20,374.26000668316743,380.76165971646145,365.8159946836126,372.09783894434156,35640085,372.09783894434156
2024-08-21,369.92790385994056,370.4230575624677,359.6084890232854,367.9794486037239,37027073,367.9794486037239
2024-08-22,376.4053101466107,378.26114892220113,371.43617599986936,374.01749065283815,9972925,374.01749065283815
2024-08-23,376.4384268673792,380.6335762546295,370.7615962292972,376.72593426943456,47580338,376.72593426943456
2024-08-26,369.1643093427075,371.09295785207195,362.7459999010372,367.59029419467845,27837373,367.59029419467845
2024-08-27,369.38992621712043,377.1094036419928,364.2075117585543,369.8351125819665,41130497,369.8351125819665
2024-08-28,362.02781994041743,365.19803982019295,356.19705631154665,364.0623201679827,26707048,364.0623201679827
2024-08-29,363.7756090960113,365.65319230231785,355.5044354082998,363.66258597679797,35655787,363.66258597679797
2024-08-30,361.78439949945573,368.67139126297434,361.9704374287125,362.86324181328393,36225900,362.86324181328393
2024-09-02,362.7606974081497,369.50760536903044,356.94676296659054,363.3716877986004,39020893,363.3716877986004
2024-09-03,368.50964877243956,373.11430359630805,364.4931141604395,368.67673699102386,20565120,368.67673699102386
2024-09-04,377.35551386871373,384.81151633034375,376.618985339428,378.2493024802535,49364871,378.2493024802535
2024-09-05,376.31300099752457,377.42457890579925,368.78380115715305,374.05503712839715,43467274,374.05503712839715
2024-09-06,375.8267593373336,377.064843485679,367.53754364687046,375.9825620070388,6902989,375.9825620070388
2024-09-09,373.37614136122863,377.0413567709577,367.7603029324611,370.6459261568715,42624984,370.6459261568715
2024-09-10,368.61463498695866,369.9267021031142,364.6729860785076,367.73369000004,44360833,367.73369000004
2024-09-11,355.7940579439864,363.2047354383437,347.4031599819894,354.8748594410185,43525071,354.8748594410185
2024-09-12,355.66434736317746,362.93415143638157,350.8584713969023,356.62647344758426,45805904,356.62647344758426
2024-09-13,354.59662615195003,359.8578241870192,349.8849994140961,355.79318104896515,47414519,355.79318104896515
2024-09-16,377.68859242207407,386.43605004419936,373.688401489021,379.7186542321132,21066478,379.7186542321132
2024-09-17,361.58893725541725,371.6922800420858,358.81091985459057,364.0058130812407,36519729,364.0058130812407
2024-09-18,364.09123001250623,371.2636667867393,360.40950874215963,363.9630586307833,19770562,363.9630586307833
2024-09-19,372.0146737173586,376.57996069022556,364.70648573420056,372.765307166311,30890694,372.765307166311
2024-09-20,361.1036964803414,369.48782581778755,352.5021941137238,360.5092060273781,41949494,360.5092060273781
2024-09-23,355.5311383622603,362.5244370812403,347.8285289271327,354.2628240230339,49887656,354.2628240230339
2024-09-24,353.21218085100503,359.01829248729086,348.03546661442175,353.69251734607946,32584069,353.69251734607946
2024-09-25,354.57201308543046,363.3465169935356,354.4547260317,357.31918717390687,5481933,357.31918717390687
2024-09-26,348.7696365587436,349.0156524661926,341.1274926964084,347.2356055028307,30125736,347.2356055028307
2024-09-27,351.42607390389077,356.161101910933,344.30730454607675,351.31710673815604,28530699,351.31710673815604
2024-09-30,351.51018050493593,352.0867997612649,343.9727134550323,349.2057019389017,23285917,349.2057019389017
2024-10-01,344.73768980746485,351.6559983255739,335.01977113543427,343.4793029036841,26861818,343.4793029036841
2024-10-02,338.7225007163794,340.83926908235645,335.026642016844,339.779891891352,15874100,339.779891891352
2024-10-03,335.20511736057097,338.2282957406549,333.4342390203495,335.55242094345965,40865931,335.55242094345965
2024-10-04,333.9269276235517,335.006931713653,330.9000670408139,333.78244009098546,42766242,333.78244009098546
2024-10-07,337.9168537790305,338.8845282356552,331.7646247593676,337.7342506578198,24993930,337.7342506578198
2024-10-08,320.1812523730799,327.417600011581,316.68485051615335,320.3399754255355,43007825,320.3399754255355
2024-10-09,330.9317133705434,335.21216598552235,322.362629520346,329.6473420844252,14757087,329.6473420844252
2024-10-10,336.5144919487191,340.8329564169662,328.2192418267216,335.0441388156301,33724271,335.0441388156301
2024-10-11,338.9861932565311,343.5310808653714,334.8937383211559,340.9763952607123,16491079,340.9763952607123
2024-10-14,337.1011026064605,342.71112124114796,328.7220115370556,336.47511994846764,29369851,336.47511994846764
2024-10-15,326.92251054053565,334.3968367754246,325.0797972512462,328.88984211507346,40681971,328.88984211507346
2024-10-16,330.81175415328966,330.87040352765024,324.94698245465656,329.1742404406779,8626338,329.1742404406779
2024-10-17,332.91834041927706,340.89186383142834,330.13923744892116,333.23739472188856,42082843,333.23739472188856
2024-10-18,335.24122912821457,342.9738963865903,329.11947725778253,335.9805528346465,38653330,335.9805528346465
2024-10-21,343.34311793797804,349.22284133057457,337.97620059726097,341.6390946744089,42350554,341.6390946744089
2024-10-22,334.43732453658936,339.8222648187297,333.70402032588163,335.60958494536646,38499973,335.60958494536646
2024-10-23,338.08596046304126,343.0108732054536,330.50595183272753,336.8140812705188,40503254,336.8140812705188
2024-10-24,334.2995127491221,339.3892918080513,332.549828416255,336.20450449306736,39149902,336.20450449306736
2024-10-25,324.9448148183903,332.8566287103303,318.70365674246244,326.86842059298556,20212436,326.86842059298556
2024-10-28,325.66230791619347,332.80235035739554,321.02425287721087,326.00523747608105,19952022,326.00523747608105
2024-10-29,322.8703110202408,328.91231917818334,318.601744937041,324.94650703315295,20739272,324.94650703315295
2024-10-30,341.52290314380406,344.2056431656213,332.6204703226999,340.2304399700175,44864954,340.2304399700175
2024-10-31,320.9408338840922,323.53999048358844,314.8544957580027,320.9879656702487,20179894,320.9879656702487
2024-11-01,313.30368319187943,319.88930428448555,313.0801667600914,315.2858733099203,48477274,315.2858733099203
2024-11-04,310.642603375313,310.37617508691613,307.779622845895,308.89543517277633,38318132,308.89543517277633
2024-11-05,309.2567890495314,310.5912863106405,304.0884538804417,308.98654102974984,14769499,308.98654102974984
2024-11-06,314.7320416182518,317.04940211211476,308.773404901057,312.4350970456063,13823097,312.4350970456063
2024-11-07,310.35193147970915,315.16574431721506,307.0592289947333,309.8764549517265,32124854,309.8764549517265
2024-11-08,316.6916296676327,323.83083260542287,310.63230979623887,316.7996712894629,34680355,316.7996712894629
2024-11-11,319.1059662860859,324.53911909536737,315.7186405150778,320.55008296315975,14424424,320.55008296315975
2024-11-12,328.2278830616368,329.6467266247807,323.37828185115944,326.66346687886903,17605821,326.66346687886903
2024-11-13,313.16853407568544,316.31043973476153,304.44139633935254,311.5761057393415,29524436,311.5761057393415
2024-11-14,310.1854322111485,311.8587085021059,302.6482924226123,308.62168596217293,27839387,308.62168596217293
2024-11-15,309.8192415496025,315.8661747601789,307.65129497844475,310.39395668221607,5086288,310.39395668221607
2024-11-18,304.1367475939701,311.21346751366536,303.36687220407225,305.01935647943014,15603310,305.01935647943014
2024-11-19,314.47212911890193,315.4936697973402,311.55303145396766,313.01254235461056,29944018,313.01254235461056
2024-11-20,312.74650307061665,318.10434737790104,306.97607216674675,311.11234685074567,20681122,311.11234685074567
2024-11-21,314.4308265332265,317.5332235898405,311.7548641657865,316.0714525273957,15365484,316.0714525273957
2024-11-22,311.436686382269,319.5820225787976,305.0926480093469,312.4608626458222,28965332,312.4608626458222
2024-11-25,305.63090906216854,311.5702289130617,298.14885831627294,304.84112791924474,18898212,304.84112791924474
2024-11-26,296.5062082945565,300.1669810375782,291.175153751521,294.48684405278294,9308622,294.48684405278294
2024-11-27,301.9737799628401,309.38193310756515,301.0711017275955,303.80290417214405,49185265,303.80290417214405
2024-11-28,306.0551329337938,311.4427450747713,305.0285536549141,306.4872447598012,6038031,306.4872447598012
2024-11-29,306.15175241312636,306.8764847010801,298.7118158435194,305.32278177012813,28904852,305.32278177012813
2024-12-02,308.9440809821214,315.2302587431412,306.67468373088843,308.0603336562266,18967404,308.0603336562266
2024-12-03,305.14853586625213,309.633358089104,297.4527474506509,303.3950780166412,21726998,303.3950780166412
2024-12-04,308.1651020895601,312.22610229117544,309.53731347544124,310.4604825989247,42704680,310.4604825989247
2024-12-05,311.7970538281893,315.0592785731488,310.5888094316622,312.1212937655379,15243366,312.1212937655379
2024-12-06,306.43003508374545,312.6513602694076,304.67335273498986,308.1015611333409,23464641,308.1015611333409
2024-12-09,304.80248091291475,307.85397411591595,303.47244971805856,306.29424387820825,18492498,306.29424387820825
2024-12-10,311.01567295322496,314.97472251947903,308.1105255734856,309.93659398976223,10508796,309.93659398976223
2024-12-11,313.76969638373095,315.2649145809958,309.6950841363334,312.5312919968468,31727737,312.5312919968468
2024-12-12,318.41160415853415,322.7640579479475,315.97084898828297,316.9022328719206,11568205,316.9022328719206
2024-12-13,314.7526907426021,322.5944861490406,308.4837898849766,314.9395370874225,23877602,314.9395370874225
2024-12-16,318.5488810823488,318.6023753800844,313.8360326205336,316.7801432510899,15877215,316.7801432510899
2024-12-17,315.74650455101596,315.1115553678718,309.12710425140926,313.31268391604385,42504480,313.31268391604385
2024-12-18,307.6039392107251,307.76708091625665,302.1467461473559,306.1862421109279,35541311,306.1862421109279
2024-12-19,301.81869129496374,307.125663026233,298.50117014585385,302.70168869943734,10292568,302.70168869943734
2024-12-20,311.2612895336708,311.4062256905711,304.54043776085507,309.06193099627177,5111681,309.06193099627177
2024-12-23,310.07535683864995,310.04166625440786,306.8573219616702,308.0636147418611,25199529,308.0636147418611
2024-12-24,300.2745021747297,307.6310193927586,297.9504512936129,301.1128074619562,25069014,301.1128074619562
2024-12-25,303.0135716219497,304.39429916824287,297.0212336253218,302.16420503752516,13696902,302.16420503752516
2024-12-26,303.5550345155295,305.3668023982778,297.72230187776734,302.0715931490609,28410806,302.0715931490609
2024-12-27,289.27452909284517,294.7126758269161,288.8089749205766,291.22741642126886,8771306,291.22741642126886
2024-12-30,294.35393818857335,299.88549599915115,289.87208640483243,292.7693084685284,29303813,292.7693084685284
2024-12-31,294.46231188245497,299.8913391516376,290.7736790907667,294.4485216439649,41796781,294.4485216439649
2025-01-01,302.2983022517108,305.4003079677119,296.07009600750865,303.16078793485997,13253435,303.16078793485997
2025-01-02,308.1865448599914,313.2603994657609,303.6977659769626,308.3185636701504,13305352,308.3185636701504
2025-01-03,300.79768058318484,303.02898705030077,300.74342251990487,302.1971566224609,7397211,302.1971566224609
2025-01-06,310.23761861887505,311.5636125946538,303.07325772061057,309.48332239979493,6046434,309.48332239979493
2025-01-07,309.25991577018254,317.3812142340512,306.78944286258604,310.3191653618406,34886789,310.3191653618406
2025-01-08,307.6100820079114,314.7391366761938,304.9654788718357,308.64754095514246,9829060,308.64754095514246
2025-01-09,306.5347713255981,311.72258710115756,301.56431383877674,307.93117906930075,11550937,307.93117906930075
2025-01-10,315.94261152567793,319.23721880090136,310.17206171005205,314.46388711276694,40074972,314.46388711276694
2025-01-13,325.06850083220473,326.79857340816034,316.5109022838963,323.24326474201945,26232901,323.24326474201945
2025-01-14,329.735866136535,332.40381746361453,327.03584118750473,329.75634156760754,5439217,329.75634156760754
2025-01-15,336.3139775828146,337.0893266815141,329.34070039666153,335.9885396213286,40583333,335.9885396213286
2025-01-16,337.2722119546802,342.3349406433589,333.543032233924,336.01948693171704,48807276,336.01948693171704
2025-01-17,342.3143741916568,347.37005904374035,334.3013226335971,341.1404592076749,13559023,341.1404592076749
2025-01-20,335.22805054161256,339.485057699641,330.4381921094949,337.82221102393765,7434444,337.82221102393765
2025-01-21,336.39402026980935,337.30534504773385,334.3466204294494,336.37313959719654,40976593,336.37313959719654
2025-01-22,332.5001521902097,335.78817080329856,330.7903239780609,332.76942605728044,12204520,332.76942605728044
2025-01-23,339.1229571361463,344.0389821569879,339.5319157343285,341.79031944316813,28041440,341.79031944316813
2025-01-24,347.7737282337316,352.8952657399585,347.6367915435763,348.8117452697791,30021653,348.8117452697791
2025-01-27,346.88071479710317,347.2795236488371,338.078507181276,345.54133971063254,49399791,345.54133971063254
2025-01-28,354.47914892193694,356.76425451687436,350.09755901191244,353.0919768404431,49874250,353.0919768404431
2025-01-29,367.8264821866375,370.90464127651705,366.75294409895787,367.88335512007166,48179768,367.88335512007166
2025-01-30,368.1419545789389,375.5674630162021,361.0140609875051,370.21763984215187,39689002,370.21763984215187
2025-01-31,381.7956619227772,386.29979519793324,376.1078418934613,382.95066284072203,31992366,382.95066284072203
2025-02-03,393.8524025441328,394.1914565054178,390.4338261575683,392.9775599345763,32726509,392.9775599345763
2025-02-04,394.3706981344927,400.91074567522026,385.5767069698106,394.53237402018175,35431355,394.53237402018175
2025-02-05,401.9670378281335,408.3031135666735,395.7724111435968,400.13217780073137,5301253,400.13217780073137
2025-02-06,385.4639959110327,394.28266383505473,382.9139806976076,388.3900264711759,10034092,388.3900264711759
2025-02-07,395.52193029747315,402.7602515939951,388.5242343588865,393.40011623362415,15551418,393.40011623362415
2025-02-10,381.48569364955495,388.1014875058271,375.4364267931274,380.83510589248704,5960090,380.83510589248704
2025-02-11,380.4250467053458,383.9380792165716,373.88250300433447,379.9213394995145,47285610,379.9213394995145
2025-02-12,376.9417598454246,384.2187826521401,370.1875303598382,378.6949044343301,22196719,378.6949044343301
2025-02-13,378.73262788244597,385.4601503645315,368.17716994128233,376.8561208109443,14271674,376.8561208109443
2025-02-14,383.54750127161157,386.7088779475681,376.4970771628861,382.9746123719948,9885209,382.9746123719948
2025-02-17,370.15486958017306,375.29524528791296,366.4819642340598,371.76438907125356,40044145,371.76438907125356
2025-02-18,368.1612402306197,375.47883198757313,365.7846794593691,370.9075903570836,43557830,370.9075903570836
2025-02-19,369.351962804435,375.33523953160164,364.1262654110917,367.42558037949453,11633130,367.42558037949453
2025-02-20,361.5157958550783,363.63242345705817,352.24801339793623,360.0574998938123,49730224,360.0574998938123
2025-02-21,361.5392147970102,368.15460180883275,358.92122922490955,360.26628153543317,30900328,360.26628153543317
2025-02-24,358.20160951716593,368.52233472530037,356.33157308497397,359.69388467936017,7738314,359.69388467936017
2025-02-25,368.7553802715057,372.3969307990406,363.4104076065398,367.0709391854521,9578836,367.0709391854521
2025-02-26,367.406659507713,374.315123204038,359.3545030245798,367.6572385307716,31910426,367.6572385307716
2025-02-27,371.49975422966764,377.0363589256184,370.831330881663,373.08731218798926,38857408,373.08731218798926
2025-02-28,359.20100237282765,366.11997135952737,359.6265109728245,360.5025070202855,45896450,360.5025070202855
2025-03-03,359.2536131625053,358.336678393505,349.4448289675538,357.30700643232103,25424689,357.30700643232103
2025-03-04,355.5700009937931,354.9951674700852,344.47366703773537,353.06595752698314,12581593,353.06595752698314
2025-03-05,351.37761628995344,355.01218928116225,350.7893579862992,353.5597738946971,16995183,353.5597738946971
2025-03-06,349.88598693203164,356.15354310130687,349.49074827426205,352.59731649485195,21422100,352.59731649485195
2025-03-07,368.6499033803608,369.9085516071596,362.73732477088765,368.98117369232546,48366752,368.98117369232546
2025-03-10,357.69295259678967,361.915116241457,352.53513532636765,359.2750062419012,5308258,359.2750062419012
2025-03-11,364.6604347567808,366.2252491538543,355.13160549605817,362.10760335602504,43029389,362.10760335602504
2025-03-12,360.01234031463304,369.22495372586025,357.128571102166,361.23831117901585,40203439,361.23831117901585
2025-03-13,361.2476678727795,369.54024296288367,359.3145739833919,360.7067884439955,30146876,360.7067884439955
2025-03-14,349.31644990996796,353.37645259155306,345.4817277875645,347.35185058732355,27927873,347.35185058732355
2025-03-17,367.226013904749,374.0842292286148,361.5691497178319,369.23633822686753,49104146,369.23633822686753
2025-03-18,356.503935656235,362.89795851045676,353.8163535322487,357.74883936501163,17291201,357.74883936501163
2025-03-19,352.44819770627316,353.20540288767216,344.84406092284325,351.23931253902236,46559439,351.23931253902236
2025-03-20,340.60847307638306,340.2563877587861,331.53956791956756,339.1700369499429,7547516,339.1700369499429
2025-03-21,343.6760487496863,351.1250997233712,343.36264156908805,345.88587018745386,26326152,345.88587018745386
2025-03-24,354.3176100218615,358.90760782426867,349.0726593116125,356.36575436213064,49951254,356.36575436213064
2025-03-25,352.4854120224163,357.45402384789094,344.4476719955071,349.7028935365689,7748074,349.7028935365689
2025-03-26,349.33498736799567,351.49160944329196,348.0211179388789,348.9466884663625,15589835,348.9466884663625
2025-03-27,347.7487947722692,354.7559444373614,346.38269957925024,347.43421498446605,6200729,347.43421498446605
2025-03-28,352.5005091562926,357.70275010610624,351.3390002525404,353.290835675551,29478462,353.290835675551
2025-03-31,356.6335846878308,358.53589145714824,352.95538861157814,357.0449872948288,28690250,357.0449872948288
2025-04-01,352.2569993644185,360.0564487718211,349.20007533425206,353.48206702344146,22535054,353.48206702344146
2025-04-02,357.0619675475243,363.90860058319583,346.5958601397431,355.2160406450388,26490362,355.2160406450388
2025-04-03,356.3391503545105,359.197193135014,353.1806725678861,357.2898779855256,33247815,357.2898779855256
2025-04-04,361.10092438282993,365.54057323009704,357.1194941751461,362.33633905656484,10767832,362.33633905656484
2025-04-07,361.71126414563827,371.2185670888794,355.15370376197967,363.5554596032988,49801289,363.5554596032988
2025-04-08,368.97765048494745,376.29997212675465,363.3557350207931,368.0185105585711,31086901,368.0185105585711
2025-04-09,353.2854130748966,359.8523728305761,352.51227328399756,354.95223091228877,44414700,354.95223091228877
2025-04-10,367.51933006324947,371.63584193300863,363.25879440755233,368.92213455344336,17984733,368.92213455344336
2025-04-11,358.88007832004394,368.5924851515444,358.2561227145271,361.4118502194182,49819820,361.4118502194182
2025-04-14,362.730313623081,372.34063586247174,357.11014839502434,363.6753692518666,22558346,363.6753692518666
2025-04-15,365.64652428701453,368.36048861421796,363.4001254882231,365.0115096428992,42083021,365.0115096428992
2025-04-16,358.4099967839565,360.4631875532327,352.1671905448198,357.68636404370056,22513198,357.68636404370056
2025-04-17,357.5174383686895,364.67186737542625,352.3516940721242,356.6947972197835,35139386,356.6947972197835
2025-04-18,356.15020863785486,360.4443176509223,350.12192807028435,357.46698589449215,12472271,357.46698589449215
2025-04-21,359.31703562756627,361.21902481869125,351.4116495740997,357.20882180958375,31615194,357.20882180958375
2025-04-22,364.9060764147092,368.5082304492542,363.78271735523606,364.81337244009643,43267744,364.81337244009643
2025-04-23,351.8906265477579,354.91316292481076,347.30412706891974,352.35946745412485,24432937,352.35946745412485
2025-04-24,356.1850864091207,355.4981887952451,351.56419187401974,353.8431903322463,10369292,353.8431903322463
2025-04-25,352.9188228292803,359.6634897060989,351.5129461669633,352.30363654827624,47275691,352.30363654827624
2025-04-28,358.79353258736194,366.96086772419886,354.477775940922,360.37951690432214,6318328,360.37951690432214
2025-04-29,357.84596378204554,361.1745667705082,350.9201276022671,358.5127054075196,24097987,358.5127054075196
2025-04-30,357.66512562754565,365.8342315797193,353.863533179791,359.7365153347185,5061521,359.7365153347185
2025-05-01,357.12986915833767,359.1596110180277,354.7754154673182,357.37953269720316,47909405,357.37953269720316
2025-05-02,350.96928242832644,354.73354335645854,351.88585151402737,353.52541564681417,29617468,353.52541564681417
2025-05-05,351.2772089171011,357.6832435817296,351.1908195719979,353.10723654786653,33534619,353.10723654786653
2025-05-06,346.558168350701,349.37782798621225,342.5813943462859,348.1034303148909,18955048,348.1034303148909
2025-05-07,351.7015507834903,359.323958307591,345.4860141455074,351.4175002094982,34692348,351.4175002094982
2025-05-08,363.7155835322701,369.2453090307031,358.6879993025214,362.5538837566888,36680586,362.5538837566888
2025-05-09,362.37743208086374,371.765894277487,360.46815172374215,364.02415789051076,35863283,364.02415789051076
2025-05-12,366.29637054978673,366.70641197035377,357.4731975856503,364.9964923735531,29957759,364.9964923735531
2025-05-13,358.1972418211031,364.82797208213236,352.9595814773219,357.55359292605317,28652524,357.55359292605317
2025-05-14,365.1315270051337,371.7046769968437,359.7013489059307,364.29153185394665,39907106,364.29153185394665
2025-05-15,370.03580938368634,373.30328946073325,368.36476996475966,370.46454693334334,42091937,370.46454693334334
2025-05-16,365.4398396160141,369.66319342828115,363.77076933770564,367.727150260932,26128705,367.727150260932
2025-05-19,361.62011813720767,363.61311286245046,358.12469865968416,362.21552151376943,46679080,362.21552151376943
2025-05-20,363.68198380537484,369.0892895420645,357.63443750493866,361.5250719403655,42191370,361.5250719403655
2025-05-21,348.9170503422368,353.7898783510989,347.66336888705376,350.65024223971085,23584708,350.65024223971085
2025-05-22,346.8565455944982,358.1363298632124,348.4896987018935,349.50794036990095,42841239,349.50794036990095
2025-05-23,342.20768566180413,350.05942728212653,336.9087137054894,342.6774635426527,31423218,342.6774635426527
2025-05-26,339.2021660276986,345.1944231886837,333.5895275349788,340.9903296721299,49823323,340.9903296721299
2025-05-27,337.7251068770227,343.5444098180166,330.0378666713499,337.93756465509796,25585009,337.93756465509796
2025-05-28,347.39977907507387,349.26657482588837,346.10976434288636,347.2822511314672,26351514,347.2822511314672
2025-05-29,347.71890003211536,352.5301037951339,341.9197167031309,346.96675534974537,6198034,346.96675534974537
2025-05-30,347.3110744886836,348.47683471837763,343.41452630270885,346.3078483721439,24129721,346.3078483721439
2025-06-02,349.8097592558479,359.81794998402023,344.1918507498496,352.506579394758,15233579,352.506579394758
2025-06-03,355.30763339103027,354.831084304022,351.2534599542325,353.8584103888124,6379750,353.8584103888124
2025-06-04,353.74026926031974,357.96788001669717,348.0592467222888,355.62766290027,14733153,355.62766290027
2025-06-05,363.11083544749994,374.6284292650451,362.0002650271921,365.93578689682175,14140777,365.93578689682175
2025-06-06,362.4014039612848,368.08987140752924,361.3268783613999,364.52122983188144,40046426,364.52122983188144
2025-06-09,362.55639473786437,365.09503028086135,359.600094304913,362.7273373683793,21626919,362.7273373683793
2025-06-10,360.73278603031304,364.2046715789093,349.1962426862626,357.9650406128471,43031910,357.9650406128471
2025-06-11,358.17693462418515,360.21739743277857,349.0399024378345,355.35818463154965,19024651,355.35818463154965
2025-06-12,363.12807107731163,363.509581123003,356.01224964218954,362.54591590596397,23044945,362.54591590596397
2025-06-13,374.1704681376458,384.9270481091466,371.1491741194131,376.85036220837696,45202660,376.85036220837696
2025-06-16,365.9648722938262,371.1532235836665,359.71558761532435,368.90530261466847,37275583,368.90530261466847
2025-06-17,367.5832043309973,375.85963060897075,361.27189098422946,370.0642991210919,15231356,370.0642991210919
2025-06-18,364.26749454822186,370.27462410914694,362.84930956162316,366.1967292473968,5921372,366.1967292473968
2025-06-19,362.0419198761472,368.8005391165337,354.571879554868,362.8433965073648,43636657,362.8433965073648
2025-06-20,363.9489195450722,370.82453772512184,362.53790801211704,363.4750203149994,9844217,363.4750203149994
2025-06-23,364.44921824430145,368.98406016119174,361.69998894954665,363.6843611930765,22779223,363.6843611930765
2025-06-24,362.59370835249626,367.7966054673929,353.68263282409947,360.67821155250874,35145969,360.67821155250874
2025-06-25,356.411242954839,363.69462112533364,350.7387415766779,357.1762046465227,27349487,357.1762046465227
2025-06-26,356.3668533691572,362.76660428954295,352.2486119511276,358.90662108111945,42104928,358.90662108111945
2025-06-27,367.7583311882114,369.8566365510273,362.1193131204293,364.95363788446605,30448861,364.95363788446605
2025-06-30,374.03071491588133,375.82337635018183,363.85146142477316,372.5783567093563,23714257,372.5783567093563
2025-07-01,381.9760106385816,385.89927354833435,378.2286755503112,382.95387322491126,35285393,382.95387322491126
2025-07-02,385.92085498904737,392.49693147171814,382.1465501760642,386.2291764266563,5732968,386.2291764266563
2025-07-03,386.41610197397927,397.0231001277283,380.11537152336996,388.64046248773303,36703987,388.64046248773303
2025-07-04,391.6536036220135,398.0721820482208,387.6248834785378,389.68828920408015,45617938,389.68828920408015
2025-07-07,388.68479613642006,390.92246618476776,387.3971884888609,388.42513802872435,43398354,388.42513802872435
2025-07-08,392.76515927221965,394.28528410062347,385.24206929175125,390.36404368001837,7061198,390.36404368001837
2025-07-09,389.5321542801843,391.1835521985345,382.47924869430597,388.9311275149083,31397841,388.9311275149083
2025-07-10,381.29073743083825,389.2475825942598,378.57921925960886,383.02824771313846,18071538,383.02824771313846
2025-07-11,382.0786641848746,388.6867350557381,375.5275933713483,381.8804693095497,24307094,381.8804693095497
2025-07-14,368.9414835938045,371.0407549147819,365.0194547969065,366.0939137700171,17533077,366.0939137700171
2025-07-15,360.5655869693793,362.22466102762843,356.86684739561053,359.59713851480177,32424677,359.59713851480177
2025-07-16,351.62597104895775,359.26766873628077,349.2146655969766,353.7399507426043,34915841,353.7399507426043
2025-07-17,361.2588394193033,369.55221594130853,361.6909731321046,363.15932512723464,45771640,363.15932512723464
2025-07-18,363.8772782549835,367.3176210777911,360.56353310667896,365.4958678111142,14519909,365.4958678111142
2025-07-21,357.8191912564804,360.62398950841373,354.16244409210526,356.25083122279375,38179654,356.25083122279375
2025-07-22,352.1185092423336,356.1746503704359,348.62510402739036,351.68766038926674,38280639,351.68766038926674
2025-07-23,346.4383751858789,351.48137359909634,341.03890810218707,348.6058184098526,36722314,348.6058184098526
2025-07-24,336.13400659463366,347.18649348079293,332.66821764335396,338.7576338066644,41375392,338.7576338066644
2025-07-25,347.0149725532715,348.4788804731759,338.27918643184313,345.050797698465,5561868,345.050797698465
2025-07-28,334.2721713278797,339.48002417045745,326.8705777893506,331.87237719964224,24989451,331.87237719964224
2025-07-29,329.37456860664605,335.07230026639445,328.3456099411561,330.36509420645996,15313602,330.36509420645996
2025-07-30,340.6623601669173,344.43652659906024,338.7119721692557,340.918075196547,7292758,340.918075196547
2025-07-31,329.19810322342653,331.53494006109474,329.26080318298966,330.40925055504556,37247568,330.40925055504556
2025-08-01,332.44750545512596,336.0380816648719,333.45590732086964,335.0849929910814,31400691,335.0849929910814
2025-08-04,339.8502564170397,342.348868904696,332.0642302318666,337.1531763697961,36005987,337.1531763697961
2025-08-05,332.03377000918056,337.3574328904058,324.26233925400294,331.6935819969406,42269018,331.6935819969406
2025-08-06,323.52143291861495,328.1185518544608,317.62874838001136,324.41889124860234,27197736,324.41889124860234
2025-08-07,331.91957787281854,333.0860321484662,325.9409564755468,331.30203514407464,12157105,331.30203514407464
2025-08-08,327.8722289753814,335.08241557138365,327.08694074199224,329.41140454021934,19582082,329.41140454021934
2025-08-11,343.6047587149598,343.96973885407624,335.59584816053035,342.7408792946192,34446485,342.7408792946192
2025-08-12,345.99048298861055,353.91569297332063,342.91774086146,348.03494435627795,17858791,348.03494435627795
2025-08-13,352.04182784228243,354.2128364493932,345.5083472725794,349.9525917765077,23835590,349.9525917765077
2025-08-14,351.8406947846863,350.38996883746836,345.1432372326319,349.40418156012464,41475668,349.40418156012464
2025-08-15,349.97523496479914,354.6123540139467,347.9957226835878,349.3281398083786,24780666,349.3281398083786
2025-08-18,358.007993703202,361.61003247115417,348.41151653723335,356.260344346238,43590040,356.260344346238
2025-08-19,352.69348815202375,357.0304586227498,348.4615623717032,351.99883514761217,33173453,351.99883514761217
2025-08-20,355.2446094391496,355.9056948793358,347.7442919302678,355.16035180623936,16049860,355.16035180623936
2025-08-21,358.1024257705124,361.82692484677585,347.5601078575057,355.8506657579511,24624265,355.8506657579511
2025-08-22,364.4222979709514,368.97071891357285,363.97084612756834,367.22785498423735,48871294,367.22785498423735
2025-08-25,356.06069665669156,356.4330817772797,347.7947896890857,354.0244791162019,10892754,354.0244791162019
2025-08-26,363.22805086423364,369.44339102523503,352.8885043487396,361.1832734062656,28363728,361.1832734062656
2025-08-27,364.97718867756504,364.21032278840033,354.34839773298296,362.6027048845045,32969445,362.6027048845045
2025-08-28,358.9331723865127,363.63672479252756,354.57783261791405,358.3724090029444,9331567,358.3724090029444
2025-08-29,352.5354999787042,356.2026353761165,345.4751370310053,352.017752571847,33795994,352.017752571847
2025-09-01,352.7030953565403,361.6115979578676,345.6095547945991,354.3501018433715,31586598,354.3501018433715
2025-09-02,374.54332168801983,380.313135239798,365.05940652116453,371.9892154656024,37361651,371.9892154656024
2025-09-03,389.5903436270104,393.893448100404,388.1360869705966,390.0512608921229,15036723,390.0512608921229
2025-09-04,388.15681890173937,396.6415476738784,384.0259429141346,389.5303266600412,23876941,389.5303266600412
2025-09-05,392.09818549581183,398.7609601722694,385.7453590282571,390.6810818012146,29012922,390.6810818012146
2025-09-08,404.47137210206745,406.8523080383365,397.18248329895715,402.7636578467643,36578914,402.7636578467643
2025-09-09,401.3136559818399,410.2710826643296,398.7846474925119,403.6449107913871,37348703,403.6449107913871
2025-09-10,405.192017420241,406.31670048750544,393.30875635881694,403.27948809463805,33885556,403.27948809463805
2025-09-11,399.8536136759103,408.9851454720843,393.06317770261273,402.61480387158696,36740817,402.61480387158696
2025-09-12,413.8525179885088,417.0149633871403,410.93216339872276,414.8489632599082,45267316,414.8489632599082
2025-09-15,423.4273759064446,424.50329288497096,412.88828008117827,420.09550363783336,28205229,420.09550363783336
2025-09-16,427.6601251395492,435.7863462054785,425.46399698365246,430.66661176466533,27023966,430.66661176466533
2025-09-17,421.285664442892,423.1549617894679,418.11665017226625,420.3679545232894,38794737,420.3679545232894
2025-09-18,421.6434012042302,430.7301574211274,415.47330883903845,420.64431852807627,20558859,420.64431852807627
2025-09-19,424.8685763207806,430.38559492252597,419.45132796417437,423.17229694268894,35547843,423.17229694268894
2025-09-22,412.797315582475,414.78432072341514,403.59602220797876,413.66726770604896,15608709,413.66726770604896
2025-09-23,404.6336521418327,410.29782711483625,398.61140863376204,407.63018966929565,29926583,407.63018966929565
2025-09-24,406.19604446534083,414.26955050054227,400.1164733159595,407.24970490018177,10544878,407.24970490018177
2025-09-25,422.6312562546271,423.2503747846786,409.13531259636113,419.433864907187,21749882,419.433864907187
2025-09-26,418.7355050487659,429.65998871316356,413.4185799781044,420.6527238793871,48877166,420.6527238793871
2025-09-29,409.40095322596744,421.29930881381244,401.77847276484596,411.3959263137569,24837930,411.3959263137569
2025-09-30,416.09652816618603,417.87709426950727,411.79883959359483,412.81142615923835,35887302,412.81142615923835
2025-10-01,416.5987451378817,423.43752372274406,409.22561192265135,417.5253084663618,12420269,417.5253084663618
2025-10-02,411.5860980035049,418.83401950923104,406.8530708536056,411.4828680990742,13937818,411.4828680990742
2025-10-03,426.8411352699025,433.96497133574826,419.3219137896689,429.60742615176724,45012288,429.60742615176724
2025-10-06,418.52104414357217,426.194039130962,407.7622608032989,417.53738640061,48515525,417.53738640061
2025-10-07,429.2565596180088,440.42638243583025,429.5580338097179,430.9782345381352,36816743,430.9782345381352
2025-10-08,433.97030206066955,446.2512487196316,430.85092911403433,436.9806066567051,10711225,436.9806066567051
2025-10-09,446.1394287613931,449.89140748919937,441.7156096513839,448.3098169032166,42463076,448.3098169032166
2025-10-10,460.42466577864496,464.46457463633874,453.44822378496264,460.1560352049062,23709671,460.1560352049062
2025-10-13,455.7508391081819,460.39294329160964,452.5330909197167,454.76482619250885,16790337,454.76482619250885
2025-10-14,449.42446449466473,452.5811040543784,442.97438267057277,451.53206277123667,8313566,451.53206277123667
2025-10-15,462.34097049671414,463.54490171910703,450.0321616667722,459.9781131652561,7601314,459.9781131652561
2025-10-16,430.33712865090723,436.35643995592,429.64450332133606,431.9959396517433,40787126,431.9959396517433
2025-10-17,434.3047828193272,445.12066393830156,424.792119989037,435.2969915548588,12032949,435.2969915548588
2025-10-20,432.36771668647674,444.24981174230925,427.4100053168224,434.3163747613671,48834806,434.3163747613671
2025-10-21,432.6184593352839,433.9327986163765,426.02605833308814,431.46352185292267,9016707,431.46352185292267
2025-10-22,424.0045581145541,432.23774287804656,421.15211706862823,426.1263178953025,22499442,426.1263178953025
2025-10-23,424.9176032457955,433.61625626972994,417.9906011880056,423.69267149174607,24372504,423.69267149174607
2025-10-24,419.7835719065888,423.1248177855141,409.6448764308993,419.0185144005518,32070609,419.0185144005518
2025-10-27,423.2577021051309,426.6716990231067,415.68577971181486,420.49249888715366,21899714,420.49249888715366
2025-10-28,406.74548069511354,413.55474208729504,404.74627458888546,409.0426131431517,40941183,409.0426131431517
2025-10-29,406.170042474263,411.677225817686,396.71584232099366,406.7705754753773,12131439,406.7705754753773
2025-10-30,422.7839458789635,422.56001684417123,413.7046375800677,421.3387644084795,6781159,421.3387644084795
2025-10-31,416.99752939696197,425.01998590059895,410.92409742620043,415.15060626473996,7831409,415.15060626473996
2025-11-03,416.0971583781865,424.1720724592072,412.03529702358355,418.18449101131546,42608940,418.18449101131546
2025-11-04,437.20038642166287,445.9976157144183,430.44868947773955,435.3928389816243,41018630,435.3928389816243
2025-11-05,429.33510287173675,436.5343036143132,423.2384977427408,432.7971253990937,32795084,432.7971253990937
2025-11-06,442.5844938634149,451.6916829305509,439.4595993408685,441.8291415481372,40869386,441.8291415481372
2025-11-07,443.4965997166932,457.39444573646483,441.41682959469586,446.30862996424366,40055586,446.30862996424366
2025-11-10,446.8051271360014,451.1530585017946,444.87016176909503,449.61543059112745,20339242,449.61543059112745
2025-11-11,446.0105865777559,446.87359446783785,441.57239587265053,444.24735828790045,10935107,444.24735828790045
2025-11-12,453.34645428510566,466.3279384273883,453.10721679640324,455.00053448588494,25792448,455.00053448588494
2025-11-13,461.18911653747466,471.44264635682543,458.4371189658027,460.0144120026905,11474001,460.0144120026905
2025-11-14,466.79209375551255,477.35927444775905,464.88638180635877,466.0357793892424,13597576,466.0357793892424
2025-11-17,460.64106320197624,469.08324326666303,450.33697699030887,458.7953341137906,32392186,458.7953341137906
2025-11-18,460.8734883221233,464.9535636979089,450.0944685161353,459.593212860161,30949861,459.593212860161
2025-11-19,452.1138076985425,458.9908548278363,444.6910801559427,453.1707222883524,16265740,453.1707222883524
2025-11-20,447.8727984852571,449.825153511968,436.7203190996425,444.8378533280544,46034840,444.8378533280544
2025-11-21,436.9514032129934,441.01088557772454,432.4058894786119,437.0790856584332,34170829,437.0790856584332
2025-11-24,438.6079946177512,439.2177760469077,432.47159888666454,436.7183054767191,12591955,436.7183054767191
2025-11-25,456.01255052506366,459.150937492715,452.06030796166846,453.68899849865664,24702382,453.68899849865664
2025-11-26,468.52447610601337,470.3847454241992,463.59675578913,465.639293017396,17808975,465.639293017396
2025-11-27,472.8514781866034,483.85413489653035,462.5722561555375,472.5913966703841,11783301,472.5913966703841
2025-11-28,482.6790806961674,489.7796899518021,476.4085379823734,484.8146085072781,22187049,484.8146085072781
2025-12-01,507.80177122043244,514.7771258256083,496.0480850257166,507.55731623802143,40948254,507.55731623802143
2025-12-02,508.3444499571728,518.560279581743,496.48081735028245,506.2304781421865,24074874,506.2304781421865
2025-12-03,510.79091574495027,516.2899587611882,497.2021619114134,509.8610895694353,22192897,509.8610895694353
2025-12-04,511.2056575137539,520.4671879850493,504.021115126601,507.9085978712445,46657828,507.9085978712445
2025-12-05,496.6934453029787,503.0579976612094,487.6542028076833,497.78184939389644,5530897,497.78184939389644
2025-12-08,502.01077604397994,508.3707605700573,494.13865357645506,502.18277926730093,38885653,502.18277926730093
2025-12-09,514.8556061420961,527.457416395172,507.09548122379465,518.1589155767339,12062627,518.1589155767339
2025-12-10,523.1602122722479,533.5904905766323,518.997322170007,523.2851876317814,10372693,523.2851876317814
2025-12-11,524.9918939795436,529.9109099729428,518.3407022489314,524.318708228669,28464179,524.318708228669
2025-12-12,527.0178156122686,532.5133627170351,514.7128588605991,524.8826431745599,44967905,524.8826431745599
2025-12-15,516.9452560692707,522.7048104648228,503.14807278517725,514.6998538131726,45981514,514.6998538131726
2025-12-16,512.1819443802746,519.9795177670932,502.2012242131448,512.5899925667395,40389525,512.5899925667395
2025-12-17,496.34592318512654,505.68188988768634,488.3450565622863,500.08324632708485,23742296,500.08324632708485
2025-12-18,506.2774760739699,505.15248234527337,499.9339846766305,503.3371652682334,49589308,503.3371652682334
2025-12-19,497.8492983753873,504.7865751138943,493.387658410105,495.59591236808006,29992648,495.59591236808006
2025-12-22,494.78776409464393,502.1970392971057,493.5774834683136,495.6755288129541,36538053,495.6755288129541
2025-12-23,498.538052245266,508.02181962529977,498.5901362015837,501.94960902165917,41579666,501.94960902165917
2025-12-24,510.93070594405424,523.6827076302674,510.1303207826649,513.5125094297805,8957998,513.5125094297805
2025-12-25,513.8493052631193,518.0203039252102,501.21769532423383,511.2701695400165,48847498,511.2701695400165
2025-12-26,518.7534208992757,524.5303900416271,511.63898544596447,516.7489243937374,12096898,516.7489243937374
2025-12-29,532.7942502528297,542.1187691503234,530.8915334042522,533.4941962208892,18025142,533.4941962208892
2025-12-30,530.185212392153,534.8932909803316,519.8859810249132,528.4607971559118,46011370,528.4607971559118
2025-12-31,523.7364842087593,538.8096866206798,523.2737871945077,526.2784902541384,41432463,526.2784902541384
2026-01-01,533.4208617305351,538.6221324941811,527.3902078139862,529.7814835669736,43973228,529.7814835669736
2026-01-02,532.1942256798917,539.4271439505274,520.3459392317169,528.081556706859,24259899,528.081556706859
2026-01-05,520.2435003053088,520.9213942531856,512.8594439017747,518.2676535884418,37821625,518.2676535884418
2026-01-06,527.2034396471167,531.1143735520728,520.807088811384,527.819679127371,17478435,527.819679127371
2026-01-07,527.742531933069,536.3116555730835,528.5177826717968,531.2028991534204,46650596,531.2028991534204
2026-01-08,524.3482747418798,536.6971967608988,517.2029858217853,526.5771674066909,39604560,526.5771674066909
2026-01-09,528.3555689934217,534.8306755975254,523.9140481193194,526.4889049852133,46398218,526.4889049852133
2026-01-12,526.3442295614605,531.9752849099165,509.72684290876026,522.7608220626065,8267168,522.7608220626065
2026-01-13,521.3860977257336,524.5845991659864,516.3616663776637,521.2789505520888,27798521,521.2789505520888
2026-01-14,523.2571207213995,534.6241888574395,509.48472112735703,521.9161686411142,32997648,521.9161686411142
2026-01-15,523.8817003252515,535.6011620221922,516.8242296119984,526.5942378435483,42095674,526.5942378435483
2026-01-16,516.428884193323,518.2353512492386,506.2832778186646,515.3309813713071,49621666,515.3309813713071
2026-01-19,496.2182637941384,508.71158889832043,491.0296768367378,497.71263369685545,34740406,497.71263369685545
2026-01-20,503.93466018795476,512.3219545590396,496.66654400407737,501.3088724623014,29717819,501.3088724623014
2026-01-21,510.07875137445234,521.3328868130025,502.6766544913657,509.51996769286137,27813611,509.51996769286137
2026-01-22,509.07306108849747,514.4176065733809,500.5434523596738,506.1217991890397,8794613,506.1217991890397
2026-01-23,506.4594599905913,517.2330415130903,495.14132676170254,507.7686990853909,27832605,507.7686990853909
2026-01-26,505.9631796130766,509.09417427909864,496.5485886652808,502.45571572530025,48760941,502.45571572530025
2026-01-27,500.2387092350076,510.74947340551734,500.11379609343464,501.8425784825453,7638454,501.8425784825453
2026-01-28,487.32909917353624,494.5575682589438,485.70562103398163,488.22235245950066,6781232,488.22235245950066
2026-01-29,480.4741996246414,491.08039691821847,481.97741547588726,483.3926019933708,46856918,483.3926019933708
2026-01-30,493.46317261052474,504.26655268318,493.78352077571344,496.86826009646205,10374991,496.86826009646205
2026-02-02,514.702884834243,520.8001166525584,509.29018755425443,510.8876478104507,16079992,510.8876478104507
2026-02-03,493.73875217951957,497.322477573398,493.2223170894091,495.0572175437513,40517354,495.0572175437513
2026-02-04,512.1957785199069,517.9082429602934,497.9543597621702,508.7876603061024,20500920,508.7876603061024
2026-02-05,497.1362444420796,499.37179847474965,492.6497947462462,495.60604683199375,47254130,495.60604683199375
2026-02-06,511.32473019826807,515.6930930495795,508.0093587424248,513.4082867255677,33063405,513.4082867255677
2026-02-09,507.7106277355302,516.5935286500578,495.76135000425325,505.7201330825431,15730161,505.7201330825431
2026-02-10,497.3422742798644,505.3416436906996,489.42021989711816,498.73781371668156,11213830,498.73781371668156
2026-02-11,493.68958220897946,498.8636039884226,486.82195112386415,490.6625847439571,21561858,490.6625847439571
2026-02-12,494.8208590332217,501.9457762204599,487.6852629130282,495.38988766764805,48375194,495.38988766764805
2026-02-13,476.80010436737825,486.9466371032704,465.96056317539546,475.4065881411366,8561951,475.4065881411366
2026-02-16,489.23805428012514,490.32962872471506,483.67096866778655,487.1694337972763,21509704,487.1694337972763
2026-02-17,490.3717581767842,494.8604343975723,487.3416951411834,491.455196519013,36338942,491.455196519013
2026-02-18,490.5931802006325,501.83488260698135,486.9058814181827,493.6608977142083,26552139,493.6608977142083
2026-02-19,470.91585343666844,480.00356539935177,465.48586490382235,468.4023210362931,27689908,468.4023210362931
2026-02-20,456.9974239273486,465.24431138041246,454.7101931130248,459.89123447009047,33709502,459.89123447009047
2026-02-23,468.17175165172057,482.7973572123635,466.4995815433083,471.90433192406704,48770461,471.90433192406704
2026-02-24,477.94117235044763,482.6594002938133,471.3215248064576,475.8082215265058,10786897,475.8082215265058
2026-02-25,471.33443107241976,473.0683596269927,465.5142115276107,471.06787838127343,45237369,471.06787838127343
2026-02-26,464.69611708248044,472.9481586402564,457.4451722226105,467.5987589782759,43562325,467.5987589782759
2026-02-27,469.16656265541576,477.02192147269966,456.47468448654087,468.11915290156554,44896724,468.11915290156554
2026-03-02,470.5897627385556,481.3535760671968,464.3074581340457,472.4343526129477,32533005,472.4343526129477
2026-03-03,477.60613109185664,480.41175181010937,464.7220656109466,475.80440495060213,28257489,475.80440495060213
2026-03-04,474.2894699619543,483.486199530041,465.4572668667658,476.301144516899,30357582,476.301144516899
2026-03-05,484.3691042202517,483.5102106139448,472.84886130885775,481.5587395584184,22691438,481.5587395584184
2026-03-06,471.7207407912202,479.43018229723054,471.3906057900178,474.9074525499528,27675554,474.9074525499528
2026-03-09,474.25244318873877,479.7048780714472,466.4097098783457,475.68498338872223,17718063,475.68498338872223
2026-03-10,482.13081283234663,492.0279220943034,477.3128739713317,483.92251997626545,48464925,483.92251997626545
2026-03-11,488.7992903862843,494.1813739189667,478.67572668400356,486.24896010795516,33390335,486.24896010795516
2026-03-12,491.12005461661414,498.1313607340035,487.63484750921606,493.3341028654385,34430184,493.3341028654385
2026-03-13,494.84911675322076,495.5716498745891,484.3587361020837,494.45571723806114,41436807,494.45571723806114
2026-03-16,497.36692950775205,502.8617791136492,496.20834297817817,498.406087324903,12151828,498.406087324903
2026-03-17,494.3854298417892,495.2542264410585,489.2831716799425,492.14047715916536,46152559,492.14047715916536
2026-03-18,500.81956162321603,507.2930406957928,491.36794198214477,499.6878773741923,15787721,499.6878773741923
2026-03-19,506.0600562226591,508.6040996145512,499.0203435140921,506.22577111753105,5310149,506.22577111753105
2026-03-20,508.8385361297793,516.234152704549,495.9342740527064,508.25266351085486,10286360,508.25266351085486
2026-03-23,509.87541709779794,518.7441295831482,508.6991980267439,512.2276462473928,45503318,512.2276462473928
2026-03-24,513.4620585871097,519.3250435816068,503.7306539337123,516.4263394156302,36448568,516.4263394156302
2026-03-25,520.7575133929188,528.3108029386862,516.4739532382828,521.6306557349061,19250059,521.6306557349061
2026-03-26,513.8937867291959,519.0513965423256,513.4706600191865,516.4567273363381,18738192,516.4567273363381
2026-03-27,515.3524490639445,516.7888524067711,513.6560038682613,515.0644698483469,43600253,515.0644698483469
2026-03-30,514.3660080949071,512.7417039480206,505.87779046331605,510.32482124203244,34413472,510.32482124203244
2026-03-31,529.0070738489046,533.2305692867727,526.6999212667524,530.6375113427198,48441839,530.6375113427198
2026-04-01,520.690239842969,532.5495317289391,511.69566362730853,521.0393731844019,28652417,521.0393731844019
2026-04-02,528.0528323919465,529.4716188396769,517.3042816275013,524.3094562830632,27726648,524.3094562830632
2026-04-03,521.8240136792656,529.3158707390198,511.42667760619105,518.7127830906311,11861456,518.7127830906311
2026-04-06,521.1774743099819,528.9067978443682,510.00594009515106,521.4277807159344,11249955,521.4277807159344
2026-04-07,528.0054785434967,534.1670350991926,515.6012534494249,528.1793054079873,31300563,528.1793054079873
2026-04-08,522.6624094400576,534.6513154369827,523.2397003820746,526.851949218081,9589395,526.851949218081
2026-04-09,523.3672371818317,534.7595769263093,514.236909673599,525.1800344384374,23033016,525.1800344384374
2026-04-10,514.2255344328247,517.9123773615802,504.4402398034719,515.0185536448942,14461016,515.0185536448942
2026-04-13,516.6316317080791,520.7004054921495,502.2765147639042,514.23402075937,38652745,514.23402075937
2026-04-14,530.0006743153533,540.0111026386178,527.7077990585408,529.0032189795788,19733109,529.0032189795788
2026-04-15,530.5484611241914,543.0000190119033,528.1287586566648,533.3934640826495,37204729,533.3934640826495
2026-04-16,519.2798727836711,521.5814020551937,514.5150221835967,517.5106185295215,13965044,517.5106185295215
2026-04-17,522.6527316163763,526.4155303087269,508.1569342416092,519.0276016870133,23122391,519.0276016870133
2026-04-20,522.4223586904898,536.4528948548774,523.9040156613765,525.5514523032043,18862503,525.5514523032043
2026-04-21,526.2586561758319,530.2405503067081,514.434262615544,524.2263804130405,48244610,524.2263804130405
2026-04-22,525.7575361081714,532.6478299644473,525.9322175797267,528.0083472473614,27651297,528.0083472473614
2026-04-23,521.3469241853877,529.8749035594938,512.5178114114592,521.8617965267887,35584817,521.8617965267887
2026-04-24,520.9053543253073,519.8032702799021,510.6353246624098,517.4860952378625,34910506,517.4860952378625
2026-04-27,511.44864248700924,521.3592615028219,511.25674108274853,512.4228043861292,37042471,512.4228043861292
2026-04-28,513.83988293977,524.3364603221839,506.2126753318233,512.6006468556236,20063437,512.6006468556236
2026-04-29,516.2527985450512,522.9373806254498,507.9901404080576,519.1728301368607,17737952,519.1728301368607
2026-04-30,514.6612448479796,523.9165883358336,513.3832431541778,516.0257846024087,28847878,516.0257846024087
2026-05-01,534.6802803259005,543.7183274671222,526.3700132466721,532.852946172233,11648438,532.852946172233
2026-05-04,533.7722207502953,547.2078292983701,534.0517781860518,537.6317621594548,40059031,537.6317621594548
2026-05-05,544.6459171711426,559.5918996631262,534.699333427664,547.6905876512367,38912915,547.6905876512367
2026-05-06,549.0777241979889,555.3011116060262,540.2771677652337,551.5479657809573,16519534,551.5479657809573
2026-05-07,550.3048780450424,557.1350799374359,544.4764423580393,551.2362471015481,26145886,551.2362471015481
2026-05-08,557.5736117444334,570.14962342731,550.671452958647,560.7657852304068,45955441,560.7657852304068
2026-05-11,569.7631424466905,574.1450690131632,568.5577320279504,571.0458562803046,14185324,571.0458562803046
2026-05-12,550.7855528311251,557.4317415960762,545.3453432635655,552.1672562916606,6135270,552.1672562916606
2026-05-13,547.5892666117995,559.4242567998973,547.9352038486013,551.3994066415922,35978885,551.3994066415922
2026-05-14,549.5120642109848,557.7213239786513,535.2379319709318,545.5589804665822,37020569,545.5589804665822
2026-05-15,546.8302965931522,547.3278679150803,540.1568646209589,545.4802924987276,23827208,545.4802924987276
2026-05-18,547.3334308838781,554.7108422348109,547.114778010192,551.5296585579041,29044588,551.5296585579041
2026-05-19,556.6074027454764,568.218535722372,550.6287866883808,560.0580849483252,13227603,560.0580849483252
2026-05-20,562.3284589013623,571.3496329039381,547.6695991807869,559.8734876100999,45723431,559.8734876100999
2026-05-21,577.6331671359776,578.2026990787259,563.927941446899,574.1756839459483,29926183,574.1756839459483
2026-05-22,557.4792301443473,562.8347896808713,544.0044259686706,553.4874631922268,30256661,553.4874631922268
2026-05-25,563.2908101853982,570.2809727937639,557.9263456425011,563.8454727581855,26092374,563.8454727581855
2026-05-26,571.5658281748309,582.7687557542683,556.2307988369848,569.9668590070335,40428742,569.9668590070335
2026-05-27,549.3124346017706,564.5551283116502,543.4060218982552,551.7566284292926,38268671,551.7566284292926
2026-05-28,549.7561767113768,557.6796838850141,539.0796151197482,546.9569594943357,48472322,546.9569594943357
2026-05-29,557.8407276496436,573.9663547192957,549.8962548649429,561.666206578691,34262603,561.666206578691
2026-06-01,579.1543651519028,584.2827417038885,563.8345550768872,575.3037494340924,35827988,575.3037494340924
2026-06-02,579.3934049420715,582.3921229798891,571.7206211609896,576.4196852078614,5166849,576.4196852078614
2026-06-03,550.3008235412536,551.8749681796016,546.0825806225901,548.9264600765414,20003184,548.9264600765414
2026-06-04,563.626666508134,566.1867418407832,548.9428658235548,560.9935817421443,12092096,560.9935817421443
2026-06-05,544.4724893474263,547.2602128894596,535.9998889922789,544.5231361585674,6446178,544.5231361585674
2026-06-08,536.2402400582221,546.866840212032,536.6067726541321,540.5398767094712,46968829,540.5398767094712
2026-06-09,540.8587651009191,546.1329498791995,528.6676511755244,539.6594829744982,16178811,539.6594829744982
2026-06-10,534.8172216290619,543.0389820937014,525.614284218357,533.2200270898428,7944987,533.2200270898428
2026-06-11,548.826559761281,550.0686135520011,542.6972504242672,546.8593899292234,6499921,546.8593899292234
2026-06-12,539.245406338729,549.5980557353881,538.1084493506609,541.2812506706679,25336493,541.2812506706679
2026-06-15,540.8362138511103,545.0687546412566,526.9180309792766,539.5759386462396,34150064,539.5759386462396
2026-06-16,528.5753346039216,531.6273636310208,516.6605979712186,527.6045048311738,16898424,527.6045048311738
2026-06-17,526.7959102556589,538.6582231038723,517.7171085286601,525.9663082078558,40388479,525.9663082078558
2026-06-18,540.6282421112247,543.6697669282356,530.3015933013666,536.7450236666685,41292831,536.7450236666685
2026-06-19,539.32589499576,542.0676505871551,532.435257367539,538.4592285484175,23229142,538.4592285484175
2026-06-22,545.8493361443641,558.7235957454416,544.653489917923,548.8716615119027,38370261,548.8716615119027
2026-06-23,542.8463014051918,544.7613195993972,538.6956680214704,540.4400956381419,8463038,540.4400956381419
2026-06-24,555.5133589029468,565.1427048806595,540.6594397665698,552.7653633751117,39287159,552.7653633751117
2026-06-25,543.2772011543877,552.7417769353348,530.9326338527429,539.4386805274712,47321014,539.4386805274712
2026-06-26,540.5825414675425,551.6659227199643,539.2316599338808,540.6470826782881,43997554,540.6470826782881
2026-06-29,547.9788762279885,555.9971425703718,537.8364094619133,547.6736739755903,20983446,547.6736739755903
2026-06-30,541.8784521394007,546.2320419482669,528.3532555193766,539.3748826291659,15619514,539.3748826291659
2026-07-01,543.4289143049474,559.3797714813188,537.9072973070324,547.4542148608356,15151264,547.4542148608356
2026-07-02,564.2785558241344,575.9409046399762,556.8467376005548,567.1707848167335,17589002,567.1707848167335
2026-07-03,559.8616352316603,567.3759131614269,548.2694233180381,556.1664986014999,17905147,556.1664986014999
2026-07-06,559.7129819468112,568.0807678575075,555.2266542871414,562.8055428300703,47590159,562.8055428300703
2026-07-07,567.1361177140561,573.3435746706167,552.1766379295204,564.9011478258049,21431726,564.9011478258049
2026-07-08,562.580666404754,565.8458287650435,556.6191823165886,564.0728185772101,41377879,564.0728185772101
2026-07-09,559.7170598296306,570.0898550964556,545.853912517753,557.0459556934836,20690112,557.0459556934836
2026-07-10,562.7476061629338,575.6799985273199,550.931538882924,562.2874748473199,28733940,562.2874748473199
2026-07-13,546.6927741716286,562.6697490494612,539.9257949914703,550.7692682583846,49027312,550.7692682583846
2026-07-14,538.6263417452329,542.742354605248,539.3819586717033,541.1050390914131,28056391,541.1050390914131
2026-07-15,552.4207137629262,561.6679679597224,539.9053725671664,549.6824263830756,16023842,549.6824263830756
2026-07-16,539.9154395879625,544.9477317016525,539.0078766480755,540.2047214980316,28466727,540.2047214980316
2026-07-17,532.2696784174782,546.067454096667,521.9094878668624,533.2792391663322,9993062,533.2792391663322
2026-07-20,511.4498554441736,527.9790530818287,510.2021020414417,515.2042426909683,14982251,515.2042426909683
2026-07-21,531.6743260798612,539.7660974111288,521.4518365636466,528.9255587983046,40680884,528.9255587983046
2026-07-22,532.6998147550032,537.33870234459,527.8471657470186,533.5829781395211,26648015,533.5829781395211
2026-07-23,529.8199045692534,544.539642095788,527.7603728797799,533.0862658272358,27593997,533.0862658272358
2026-07-24,528.8823027300771,537.7982411054684,526.3697565746604,527.6899642451455,38408618,527.6899642451455
2026-07-27,531.2056882363543,542.9102076916658,532.0125650883471,533.378777974868,34611609,533.378777974868
2026-07-28,536.30870294155,538.1996347114862,524.6734651660757,534.5993016038585,27427475,534.5993016038585
2026-07-29,539.880629683384,545.8793654621797,526.0190587075641,538.0807829055547,9941024,538.0807829055547
2026-07-30,555.8837828966384,571.5372457932662,554.9955503206428,558.641094928924,38886322,558.641094928924
2026-07-31,560.8101498533645,561.4070093826142,550.4143407778998,559.543066545334,25192572,559.543066545334
2026-08-03,556.9567517646478,564.5447613380342,543.5030930076258,554.2682563699334,10680938,554.2682563699334
2026-08-04,561.449947669162,571.0515195083195,548.2437146068323,558.83962745931,35380516,558.83962745931
2026-08-05,556.5751932820224,564.6288305178106,542.2413211198967,553.8739189018971,34460528,553.8739189018971
2026-08-06,551.196033139066,556.7432291550028,547.5884299900807,555.5318645204532,24340057,555.5318645204532
2026-08-07,537.1709379772557,552.735494996001,538.5340232657692,539.9775530056462,33496218,539.9775530056462
2026-08-10,535.8096000754201,546.1549205698943,532.4612405410513,536.7538418078926,39719552,536.7538418078926
2026-08-11,547.6941336263551,548.151455788724,535.04104926792,545.150789304271,15512581,545.150789304271
2026-08-12,526.2973376402946,531.7719342396721,523.9508013124916,529.3079811222183,41302990,529.3079811222183
2026-08-13,535.521839773583,540.6965781706264,532.6431541251939,535.7911135951654,20491894,535.7911135951654
2026-08-14,554.2782846710178,563.5606391870117,547.6043846726541,550.6759889083255,47217333,550.6759889083255
2026-08-17,549.959293610459,560.2252721385771,545.4985468168138,553.2891967423021,11427332,553.2891967423021
2026-08-18,548.3758503886573,547.9083078682949,543.0549484017945,545.5956028114091,6911074,545.5956028114091
2026-08-19,541.1776735831631,542.8604667229833,528.7654873606326,537.6926526166486,36516863,537.6926526166486
2026-08-20,533.5660519539432,543.7495579726705,523.4465650560256,534.4620459381182,21993751,534.4620459381182
2026-08-21,529.6571885929274,530.1095395646571,513.9421804560069,526.2312973372918,13109034,526.2312973372918
2026-08-24,539.0581190701419,538.4494551985973,535.1451295970128,536.867833707293,49072010,536.867833707293
2026-08-25,540.6534514084299,547.7780923112574,529.7875162704231,537.4977553306288,36297133,537.4977553306288
2026-08-26,530.7851158178951,542.2260747443573,528.8278319775053,531.8925794717746,36342620,531.8925794717746
2026-08-27,531.5616677308227,538.6943661915751,531.0037859968797,532.6603307061129,30878283,532.6603307061129
2026-08-28,529.174451904038,529.2826946469806,525.1245893089541,527.1600709055863,31001808,527.1600709055863
2026-08-31,535.4534415153918,540.2851263787003,521.5350488454044,534.2867251244669,23385138,534.2867251244669
2026-09-01,533.0452505425582,542.2287092471149,532.225387253822,536.215556084478,37086167,536.215556084478
2026-09-02,538.5994806548651,547.9629157784227,539.8810400988725,542.8268316937693,23998192,542.8268316937693
2026-09-03,564.5726104176904,572.2713440940875,555.977785671657,560.4141555000706,40114129,560.4141555000706
2026-09-04,558.7169544662928,575.2448422239395,559.0657574420136,562.3121457181122,24068423,562.3121457181122
2026-09-07,574.9965231178148,584.7640843453432,569.0202107172986,571.6327786077929,23128670,571.6327786077929
2026-09-08,563.9157198228453,572.9560065987863,551.5123044770057,565.4762678739758,32673491,565.4762678739758
2026-09-09,562.6341347237327,574.2911767592918,548.7610629181685,561.483554332725,26535141,561.483554332725
2026-09-10,582.2645674238069,587.5221641098461,571.4820422264323,584.6586493095983,22770091,584.6586493095983
2026-09-11,596.4400507419462,606.8129992515749,595.1000687747501,600.1024200187163,19812906,600.1024200187163
2026-09-14,609.7739500385055,626.2413159426678,598.617964464922,611.5425997922763,39516733,611.5425997922763
2026-09-15,602.7373120736592,611.8412406947535,601.5695770847094,605.9568885427132,44843246,605.9568885427132
2026-09-16,611.5473261848758,620.3772078302454,608.2230250071698,615.0233142708646,15968490,615.0233142708646
2026-09-17,626.1597680373771,637.0147806899099,620.3110194368436,625.301287694748,41238875,625.301287694748
2026-09-18,622.5678689498499,625.0758712345993,610.6587794640832,619.3698767483341,41433300,619.3698767483341
2026-09-21,612.6866161982445,619.9926610143839,596.5967867839399,610.5978196834454,13876453,610.5978196834454
2026-09-22,603.468037117282,621.5470043467622,602.2803009561038,608.273806964268,39943730,608.273806964268
2026-09-23,596.9495445075923,608.0433284404766,592.668196970923,601.234603967833,13182847,601.234603967833
2026-09-24,601.920057480008,614.2359404628662,592.4021510748471,603.8266077250759,6344768,603.8266077250759
2026-09-25,606.3663570801492,622.5934818390658,606.7812293721936,608.3723995180778,15945402,608.3723995180778
2026-09-28,607.0121071344895,622.9094391597454,608.1563470726433,611.6606153594569,21192544,611.6606153594569
2026-09-29,603.4450453082711,608.5690888921665,601.510003372547,606.2236329834113,19283927,606.2236329834113
2026-09-30,620.8032547132591,630.8827422831986,611.9918233241249,623.0971783928991,40224088,623.0971783928991
