Date,Open,High,Low,Close,Volume,Adj_Close
2021-10-01,138.40514469326044,139.40002732180153,135.68386603878685,139.1366729736328,94639600,139.1366729736328
2021-10-04,138.26863338683822,138.70756238856447,134.86459699477155,135.71316528320312,98322000,135.71316528320312
2021-10-05,136.05454682483122,138.73681787676418,135.9277437943665,137.6346435546875,80861100,137.6346435546875
2021-10-06,136.035013031244,138.64900052233625,134.96209883237336,138.50270080566406,83221100,138.50270080566406
2021-10-07,139.5365636274982,140.66799748439982,139.20494108139994,139.76089477539062,61732700,139.76089477539062
2021-10-08,140.4827593006064,140.62905907589604,139.04896197081487,139.38058471679688,58773200,139.38058471679688
2021-10-11,138.76607644203366,141.24351294952652,138.31739910385002,139.2927703857422,64452200,139.2927703857422
2021-10-12,139.70238912610083,139.72190071402855,137.56632417893402,138.02474975585938,73035900,138.02474975585938
2021-10-13,137.76141892529833,137.91746698955632,135.77165355544514,137.43954467773438,78762700,137.43954467773438
2021-10-14,138.60995855085787,140.3363692030775,138.0247300603831,140.2193145751953,69907100,140.2193145751953
2021-10-15,140.22915692305764,141.33131653632657,139.97555082205025,141.27279663085938,67940300,141.27279663085938
2021-10-18,139.91697189226727,143.22347910319027,139.63412084083484,142.9406280517578,85589200,142.9406280517578
2021-10-19,143.38927699692093,145.49608180607396,142.9406146975332,145.09617614746094,76378900,145.09617614746094
2021-10-20,145.03767215675973,146.06181473584434,144.4719551618084,145.58387756347656,58418800,145.58387756347656
2021-10-21,145.1449650896746,145.9545248556128,144.22811391179323,145.7984619140625,61421000,145.7984619140625
2021-10-22,146.00329463249273,146.48121692115393,144.97915205496275,145.02792358398438,58883400,145.02792358398438
2021-10-25,145.0181495258691,145.69115788039105,143.98425867288518,144.97914123535156,50720600,144.97914123535156
2021-10-26,145.6521738906202,147.12497895180522,145.34004798248478,145.64242553710938,60893400,145.64242553710938
2021-10-27,145.68143968000115,146.04232225315448,144.83287151805337,145.1840057373047,56094900,145.1840057373047
2021-10-28,146.13013733509126,149.39762230558532,146.03259425054543,148.81240844726562,100077900,148.81240844726562
2021-10-29,143.59412144965486,146.24713179057537,142.80407331191392,146.11058044433594,124953200,146.11058044433594
2021-11-01,145.32058075023082,146.01308606451772,144.15988647877995,145.29132080078125,74588300,145.29132080078125
2021-11-02,144.9986596105235,147.83699285465968,144.98889637520205,146.32516479492188,69122000,146.32516479492188
2021-11-03,146.6860731609645,148.2271614322934,146.13011931995035,147.7589874267578,54511500,147.7589874267578
2021-11-04,147.84676026074618,148.6758168059769,146.92990900121129,147.24203491210938,60394600,147.24203491210938
2021-11-05,148.36533077411934,148.66813471450217,146.57779487265975,147.7694854736328,65463900,147.7694854736328
2021-11-08,147.89651258756408,148.0528033415094,146.6755190186912,146.9490203857422,55020900,146.9490203857422
2021-11-09,146.7145337755314,147.91598686060686,146.57778313905698,147.3103790283203,56787900,147.3103790283203
2021-11-10,146.53876287411308,146.64621090035791,144.4191199061072,144.48748779296875,65187100,144.48748779296875
2021-11-11,145.50336208425588,145.96244193460964,144.25305100972494,144.4386444091797,41000000,144.4386444091797
2021-11-12,144.9856178095641,146.90990439693277,144.05766590459464,146.50942993164062,63804000,146.50942993164062
2021-11-15,146.88062009926887,148.35558969382197,145.96243066007273,146.5192108154297,59222800,146.5192108154297
2021-11-16,146.4605718791386,147.97460635745318,145.87448920859703,147.4959716796875,59256200,147.4959716796875
2021-11-17,147.49599850722544,151.40317727562876,147.48623592599793,149.92822265625,88807000,149.92822265625
2021-11-18,150.14314860254595,154.98804289425877,149.49846040015208,154.20660400390625,137827700,154.20660400390625
2021-11-19,153.99162817313794,157.28343537167012,152.8976232361323,156.8243408203125,117305600,156.8243408203125
2021-11-22,157.92813559947206,161.85485386154411,157.26392246010866,157.28346252441406,117467900,157.28346252441406
2021-11-23,157.3811346832133,158.0453627342285,155.36894027506222,157.66441345214844,96041900,157.66441345214844
2021-11-24,157.01974088138022,158.3774848564214,155.9354982175197,158.18212890625,69463600,158.18212890625
2021-11-26,155.86710492688786,156.72667394842426,152.73158803573577,153.171142578125,76959800,153.171142578125
2021-11-29,155.67178482147494,157.44955853817083,155.10524204048522,156.5216064453125,88748200,156.5216064453125
2021-11-30,156.2773947152438,161.67906839694083,156.2090119296681,161.46417236328125,174048100,161.46417236328125
2021-12-01,163.59354652559932,166.3481143018466,160.7120055934647,160.94644165039062,152052500,160.94644165039062
2021-12-02,155.05640108044867,160.38969196905754,154.13821164787007,159.95989990234375,136739200,159.95989990234375
2021-12-03,160.21389314884243,161.13208267929107,156.0136723737617,158.08447265625,118023100,158.08447265625
2021-12-06,160.47757621707362,163.98428011365826,160.46781363689186,161.4836883544922,107497000,161.4836883544922
2021-12-07,165.15642772326544,167.59841414884357,164.43359437560147,167.2076873779297,120405400,167.2076873779297
2021-12-08,168.13567063026588,171.87679598965886,166.7388465074218,171.0172119140625,116998900,171.0172119140625
2021-12-09,170.8511155762567,172.64841373189637,169.88408373478205,170.5092315673828,108923700,170.5092315673828
2021-12-10,171.1442122366866,175.46164318083981,170.63627480069655,175.2858123779297,115402700,175.2858123779297
2021-12-13,176.91704079075095,177.9036129181879,171.45676231906222,171.66189575195312,153237000,171.66189575195312
2021-12-14,171.18327152968024,173.6154957034132,168.21382219359762,170.2846221923828,139380400,170.2846221923828
2021-12-15,171.04649539113694,175.33462289814014,168.31146765189683,175.13926696777344,131063300,175.13926696777344
2021-12-16,175.11972073731067,176.93655914468357,166.78766465581225,168.2626190185547,150185800,168.2626190185547
2021-12-17,165.98669687061619,169.444558052229,165.75227570894924,167.1686248779297,195432700,167.1686248779297
2021-12-20,164.374993320752,166.62162387110183,163.57402950297322,165.81088256835938,107499100,165.81088256835938
2021-12-21,167.5789142050935,169.18085708761444,165.19553249835857,168.97573852539062,91185900,168.97573852539062
2021-12-22,169.02455200604697,171.7791202742142,168.15520530032774,171.56422424316406,92135300,171.56422424316406
2021-12-23,171.76937746561768,172.74617229930396,171.20283467351487,172.18939208984375,68356600,172.18939208984375
2021-12-27,172.9805356564393,176.2332631531054,172.9610104976855,176.14535522460938,74919600,176.14535522460938
2021-12-28,175.97930746687297,177.12215528727302,174.38712760111903,175.12948608398438,79144300,175.12948608398438
2021-12-29,175.16859502828655,176.4384311169709,174.00620695259946,175.21743774414062,62348900,175.21743774414062
2021-12-30,175.30532209148024,176.3798020768136,173.95734081982604,174.06478881835938,59773000,174.06478881835938
2021-12-31,173.9573548573712,175.0709001571645,173.14661351296067,173.44943237304688,64062300,173.44943237304688
2022-01-03,173.70341256103026,178.6362290402615,173.58620196027948,177.78640747070312,104487900,177.78640747070312
2022-01-04,178.39201490568885,178.69481886787932,174.96345608354855,175.52999877929688,99310400,175.52999877929688
2022-01-05,175.4420540347499,175.98905654908802,170.58738436294814,170.8608856201172,94537600,170.8608856201172
2022-01-06,168.6924202141222,171.23209207239668,167.65702034880644,168.0086669921875,96904000,168.0086669921875
2022-01-07,168.8780063916408,170.09899955917385,167.06116796216358,168.17471313476562,86709100,168.17471313476562
2022-01-10,165.15645789652865,168.4970941484729,164.26757109809446,168.1942901611328,106765600,168.1942901611328
2022-01-11,168.32126400156088,171.1148824378415,166.85607200254188,171.0172119140625,76138300,171.0172119140625
2022-01-12,172.03309245435602,173.06849253983535,170.76327115991117,171.456787109375,74805200,171.456787109375
2022-01-13,171.7009797317892,172.52148374355693,167.80356331883507,168.1942901611328,84505800,168.1942901611328
2022-01-14,167.36399798657283,169.74737940608347,167.11979931497876,169.05386352539062,80440800,169.05386352539062
2022-01-18,167.53006719532837,168.5361646254104,165.4788071020713,165.85975646972656,90956700,165.85975646972656
2022-01-19,166.0551095373263,167.11004966883394,162.08932518842298,162.37258911132812,94815000,162.37258911132812
2022-01-20,163.1051891966637,165.74253213798244,160.37016081486053,160.6925048828125,91420500,160.6925048828125
2022-01-21,160.60458738914824,162.4702688967568,158.53378733529433,158.6412353515625,122848900,158.6412353515625
2022-01-24,156.30670516297684,158.53379607319022,151.11014976934194,157.86956787109375,162294600,157.86956787109375
2022-01-25,155.29079647095608,158.98307875093712,153.3762874615523,156.07223510742188,115798400,156.07223510742188
2022-01-26,159.70591419723806,160.575260779249,154.15772812433738,155.9843292236328,108275300,155.9843292236328
2022-01-27,158.68029600296296,160.0380400395087,154.6070638933257,155.52525329589844,121954600,155.52525329589844
2022-01-28,161.86461017131842,166.39693569163202,159.0221348271603,166.3773956298828,179935700,166.3773956298828
2022-01-31,166.2113952349244,170.93907816240107,165.57646971606974,170.72418212890625,115541600,170.72418212890625
2022-02-01,169.9720531603827,170.7827946109015,168.3115050264779,170.55813598632812,86213900,170.55813598632812
2022-02-02,170.69487983616585,171.79866265554188,169.30783310188434,171.75958251953125,84914300,171.75958251953125
2022-02-03,170.43112418107953,172.15029228212393,168.12588824034546,168.88778686523438,89418100,168.88778686523438
2022-02-04,167.90975737649003,170.27662529840396,166.93171820745542,168.6041717529297,82465400,168.6041717529297
2022-02-07,169.06388780137883,170.1299471437506,167.19582900413883,167.89024353027344,77251200,167.89024353027344
2022-02-08,167.9586430232075,171.49915455646115,167.6652283214683,170.99057006835938,74829200,170.99057006835938
2022-02-09,172.1838075995271,172.77062217708496,171.05905354274313,172.40875244140625,71285000,172.40875244140625
2022-02-10,170.31574652168356,171.6263154743887,167.78262856301606,168.34010314941406,90865900,168.34010314941406
2022-02-11,168.54544354970767,169.27897271653381,164.34964835819625,164.9364776611328,98670700,164.9364776611328
2022-02-14,163.69440078491326,165.85587378073802,162.90219149496014,165.17124938964844,86185500,165.17124938964844
2022-02-15,167.2153531108256,169.1518664311418,166.5111637354937,168.99537658691406,62527400,168.99537658691406
2022-02-16,168.07604144255788,169.5333102903167,166.31556790878483,168.7606658935547,61177400,168.7606658935547
2022-02-17,167.274027503072,168.13470669398032,164.77024977354867,165.17124938964844,69589300,165.17124938964844
2022-02-18,166.09060878011084,166.7947832093295,162.54032203615824,163.62594604492188,82772700,163.62594604492188
2022-02-22,161.35687442039574,163.02932772220805,158.58902218443671,160.7113800048828,91162800,160.7113800048828
2022-02-23,161.90460945584556,162.50121399005073,156.24176881453315,156.55474853515625,90009200,156.55474853515625
2022-02-24,149.22922517438823,159.27369208830245,148.66196063900136,159.16610717773438,141147500,159.16610717773438
2022-02-25,160.24193771015948,161.4938266826065,157.3371601146723,161.22976684570312,91974200,161.22976684570312
2022-02-28,159.47904685433394,161.78721963459702,158.86287747049465,161.49380493164062,95056600,161.49380493164062
2022-03-01,161.08302534266187,162.94130845487337,158.4129829679633,159.615966796875,83474400,159.615966796875
2022-03-02,160.77981797223677,163.68459476775294,159.37143953517563,162.90216064453125,79724800,162.90216064453125
2022-03-03,164.7702966304226,165.20063634825544,161.91442341280975,162.57948303222656,76678400,162.57948303222656
2022-03-04,160.8777043364537,161.91442370014718,158.54019079561948,159.58668518066406,83737200,159.58668518066406
2022-03-07,159.7724722055909,161.3960207362876,155.54733601828758,155.8016357421875,96418800,155.8016357421875
2022-03-08,155.33216629168248,159.30300237550088,152.37848423515257,153.9824676513672,131148300,153.9824676513672
2022-03-09,157.9337716080875,159.82139509337992,155.90923815043413,159.37149047851562,91454900,159.37149047851562
2022-03-10,156.68190205750494,156.86773192318665,152.5545747757299,155.03880310058594,105342000,155.03880310058594
2022-03-11,155.43974670100266,155.78206635482195,151.1070406596988,151.3319854736328,96970100,151.3319854736328
2022-03-14,148.12403016599976,150.7353929741164,146.8036862331013,147.312255859375,108732100,147.312255859375
2022-03-15,147.58611061794517,152.15356685525754,147.07754097449947,151.68409729003906,92964300,151.68409729003906
2022-03-16,153.60103819497576,156.48625045296393,151.06792059745445,156.0852508544922,102300200,156.0852508544922
2022-03-17,155.12676781405298,157.46428044860957,154.16829376386883,157.09262084960938,75615400,157.09262084960938
2022-03-18,156.98506332691767,160.86788006337628,156.25153394230247,160.3788604736328,123511700,160.3788604736328
2022-03-21,159.91914959524135,162.69679166385907,159.43013010111937,161.7480926513672,95811400,161.7480926513672
2022-03-22,161.87525716684658,165.6993938917205,161.28844262082922,165.11257934570312,81532000,165.11257934570312
2022-03-23,164.30082796833884,168.84870476015902,163.96828326313863,166.47207641601562,98062700,166.47207641601562
2022-03-24,167.30337650948087,170.31573891650316,166.4720521767643,170.24728393554688,90131400,170.24728393554688
2022-03-25,170.061446329407,171.43069512284325,168.95625735233114,170.88299560546875,80546200,170.88299560546875
2022-03-28,168.38900077447545,171.87081780430975,168.22273590773543,171.74368286132812,90371900,171.74368286132812
2022-03-29,172.80970879935504,175.07875145997002,172.46738918878967,175.0298614501953,100589400,175.0298614501953
2022-03-30,174.6288971925018,175.66561632731086,172.81951875433577,173.86602783203125,92633200,173.86602783203125
2022-03-31,173.9344990439243,174.12032889178556,170.57004158960083,170.7754364013672,103049300,170.7754364013672
2022-04-01,170.20816010667752,171.0394993928561,168.1640617684755,170.4820098876953,78751300,170.4820098876953
2022-04-04,170.73632454310336,174.57023673592576,170.60917466091976,174.52133178710938,76468400,174.52133178710938
2022-04-05,173.6019328264619,174.38436705774205,170.589570736433,171.21551513671875,73401800,171.21551513671875
2022-04-06,168.57484765163213,169.8169616919483,166.393824277865,168.05648803710938,89058800,168.05648803710938
2022-04-07,167.401190693142,169.55287391806212,166.11996174699982,168.3596649169922,77594700,168.3596649169922
2022-04-08,168.00756384278074,168.00756384278074,165.48422104719532,166.35467529296875,76575500,166.35467529296875
2022-04-11,165.00500326610816,165.31796805598518,161.8654908055094,162.11000061035156,72246700,162.11000061035156
2022-04-12,164.3301525745867,166.13951616252308,162.98045368647982,163.97805786132812,79265200,163.97805786132812
2022-04-13,163.71395993382896,167.28379658301122,163.10758048377514,166.65785217285156,70618900,166.65785217285156
2022-04-14,166.8730302686766,167.5087646523774,161.41557017548345,161.6600799560547,75329400,161.6600799560547
2022-04-18,160.3201467390001,162.94129894819648,159.97784205250275,161.4449005126953,69023900,161.4449005126953
2022-04-19,161.39598662683204,164.13449858536075,160.31036282956023,163.7237091064453,67723800,163.7237091064453
2022-04-20,165.0538477396104,165.17122256165572,162.45227547603122,163.5574493408203,67929800,163.5574493408203
2022-04-21,165.2006123983915,167.76307044383682,162.26649466439048,162.76528930664062,87227800,162.76528930664062
2022-04-22,162.80440987833427,164.18343379206294,157.95332893712188,158.23695373535156,84882400,158.23695373535156
2022-04-25,157.5816809008669,159.58666436994497,154.98010780953732,159.30303955078125,96046400,159.30303955078125
2022-04-26,158.68681550148915,158.7748354230094,153.27826144285282,153.35650634765625,95623200,153.35650634765625
2022-04-27,152.48609759207858,156.2808795981602,151.967738002025,153.13160705566406,88063200,153.13160705566406
2022-04-28,155.7527344180899,160.9070049099631,155.43975472715812,160.04632568359375,130216800,160.04632568359375
2022-04-29,158.28583697775457,162.55008785176082,153.7966412998766,154.18785095214844,131747600,154.18785095214844
2022-05-02,153.2685246478865,154.7551334388098,149.9040675207667,154.49107360839844,123055300,154.49107360839844
2022-05-03,154.67689768841237,157.18069064394373,152.88709903691972,155.97769165039062,88966500,155.97769165039062
2022-05-04,156.163485086847,162.82392827829534,155.7624855158091,162.37403869628906,108256500,162.37403869628906
2022-05-05,160.25172879543595,160.47667363266967,151.5471709663278,153.32720947265625,130525300,153.32720947265625
2022-05-06,152.80803283291047,156.16764300878287,151.01559010660912,154.05197143554688,116124600,154.05197143554688
2022-05-09,151.75023984870148,152.63177739233632,148.38085428930862,148.93914794921875,131577900,148.93914794921875
2022-05-10,152.32811702969943,153.52307898712107,149.7912627423493,151.33883666992188,115366700,151.33883666992188
2022-05-11,150.34957266016625,152.25954795565056,142.81739949520818,143.4932403564453,142689800,143.4932403564453
2022-05-12,139.83980605277625,143.19940187956024,135.95128476595931,139.6341094970703,182602000,139.6341094970703
2022-05-13,141.62247481337442,145.06044619602298,140.1728540722722,144.09075927734375,113990900,144.09075927734375
2022-05-16,142.56273706460962,144.49230601105745,141.22084476017127,142.5529327392578,86643800,142.5529327392578
2022-05-17,145.80482673464496,146.69615365751025,143.66956086149628,146.17703247070312,78336300,146.17703247070312
2022-05-18,143.83608013972986,144.33560760113403,137.0287088681347,137.92984008789062,109742900,137.92984008789062
2022-05-19,137.00914057415054,138.75260707730666,133.7964597180681,134.53106689453125,136095600,134.53106689453125
2022-05-20,136.2353274341848,137.81228455615957,129.88832647827988,134.76611328125,137426100,134.76611328125
2022-05-23,134.9620011760451,140.31973647724712,134.82487512400195,140.17282104492188,117726300,140.17282104492188
2022-05-24,137.92002455292192,139.05622039365426,134.51145197634384,137.47926330566406,104132700,137.47926330566406
2022-05-25,135.58886991195646,138.87991021944293,135.50072064953915,137.635986328125,92482700,137.635986328125
2022-05-26,134.57021942674126,141.37757526410218,134.32535040420584,140.82907104492188,90601500,140.82907104492188
2022-05-27,142.40607296312103,146.6080201361109,142.2787362487316,146.56884765625,90978500,146.56884765625
2022-05-31,146.01050754614022,147.5678709384086,143.82626511004062,145.78521728515625,103718400,145.78521728515625
2022-06-01,146.8234773391278,148.62572491730577,144.6490389655957,145.6579132080078,74286600,145.6579132080078
2022-06-02,144.7959487531145,148.16534881431244,143.84585577263883,148.10658264160156,72348100,148.10658264160156
2022-06-03,143.88506398253034,144.93311080828775,141.4951543400914,142.39627075195312,88570300,142.39627075195312
2022-06-06,144.01235806018857,145.52075950090375,141.92606935448035,143.140625,71598400,143.140625
2022-06-07,141.3873963509184,145.94195473174813,141.14252729935507,145.6579132080078,67808200,145.6579132080078
2022-06-08,145.5305644824367,146.79408210793065,144.4335560047601,144.9232940673828,53950200,144.9232940673828
2022-06-09,144.06135517233236,144.91349464755012,139.60473566244548,139.7124786376953,69473000,139.7124786376953
2022-06-10,137.40089525066517,137.8710395567264,134.24698126233585,134.3155517578125,91437900,134.3155517578125
2022-06-13,130.1429657001856,132.42514647480579,128.74232225475177,129.1732940673828,122207100,129.1732940673828
2022-06-14,130.3976794412042,131.14207601932122,128.7815346427886,130.03526306152344,84784300,130.03526306152344
2022-06-15,131.5338494146611,134.52125474775525,129.4475753177957,132.65045166015625,91533000,132.65045166015625
2022-06-16,129.36920911544067,129.6728443246095,126.39159330904647,127.39066314697266,108123900,127.39066314697266
2022-06-17,127.40046865716874,130.34868645706888,127.14579529566508,128.85987854003906,134520300,128.85987854003906
2022-06-21,130.68170729877417,134.24699991857628,130.58376865027734,133.0814208984375,81000500,133.0814208984375
2022-06-22,132.0235786011109,134.93262385029735,131.16164978530637,132.5720977783203,73409200,132.5720977783203
2022-06-23,134.01195231906672,135.74561458048865,132.84637315008302,135.43218994140625,72433800,135.43218994140625
2022-06-24,137.02873655581266,138.99749360130787,136.90141479225005,138.75262451171875,89116800,138.75262451171875
2022-06-27,139.77127334833523,140.54506804098577,138.07678343315314,138.75262451171875,70207900,138.75262451171875
2022-06-28,139.21294709984699,140.47646473111445,134.50166930718802,134.61920166015625,67083400,134.61920166015625
2022-06-29,134.63878986432783,137.78289974267364,133.8649953839291,136.37245178222656,66242400,136.37245178222656
2022-06-30,134.43309207438057,135.5301005021527,131.02451949836083,133.91397094726562,98964500,133.91397094726562
2022-07-01,133.2479128863371,136.18634098386156,132.87572215700436,136.07859802246094,71051600,136.07859802246094
2022-07-05,134.94245447298385,138.70363989022064,134.11968301964518,138.6546630859375,73353800,138.6546630859375
2022-07-06,138.44897021265854,141.16210859174285,138.1845074474581,139.9867401123047,74064300,139.9867401123047
2022-07-07,140.3491492881493,143.5422515193908,140.3393599057939,143.3463592529297,66253700,143.3463592529297
2022-07-08,142.2787196887486,144.52172874952925,142.0240612352335,144.02218627929688,64547800,144.02218627929688
2022-07-11,142.68026652507825,143.6303594367227,140.82905749070648,141.8966827392578,63141600,141.8966827392578
2022-07-12,142.76844044820817,145.40323372369386,142.07302074051665,142.86639404296875,77588800,142.86639404296875
2022-07-13,140.05530730128564,143.44428658574307,139.20315284375937,142.50399780273438,71185600,142.50399780273438
2022-07-14,141.1229362743088,145.89298070687983,140.30996921418316,145.42283630371094,78140700,145.42283630371094
2022-07-15,146.70591085003534,147.76374670018814,145.15833701067942,147.08790588378906,76259900,147.08790588378906
2022-07-18,147.64623499784832,148.45920196700573,143.6891431225671,144.0515594482422,81420900,144.0515594482422
2022-07-19,144.88412086859606,148.1261847699647,143.89485526545627,147.90090942382812,82982400,147.90090942382812
2022-07-20,148.01844006316782,150.56508418725386,147.28383290571463,149.89903259277344,64823400,149.89903259277344
2022-07-21,151.3290755894941,152.37712231601844,148.82161886422966,152.16163635253906,65086600,152.16163635253906
2022-07-22,152.20079694797485,153.07253011561605,150.2614383736218,150.92747497558594,66675400,150.92747497558594
2022-07-25,150.849124954379,151.85798424989775,149.1546353044719,149.81088256835938,53623900,149.81088256835938
2022-07-26,149.13505995960023,149.94802710334568,147.70503289373295,148.48861694335938,55138700,148.48861694335938
2022-07-27,149.4484808165071,154.10099277980115,149.0371026048061,153.5720672607422,78620700,153.5720672607422
2022-07-28,153.758128174429,154.40458587882554,151.24088279184247,154.12054443359375,81378700,154.12054443359375
2022-07-29,157.93072824104914,160.2716754702952,156.22643448443253,159.17465209960938,101786900,159.17465209960938
2022-08-01,157.7054523459462,160.2325026515257,157.58791998844677,158.1951904296875,67829400,158.1951904296875
2022-08-02,156.81411634866453,159.07670355733856,156.35376142488207,156.7259521484375,59907000,156.7259521484375
2022-08-03,157.53897487053965,163.17096396610395,157.45082558468908,162.7204132080078,82507500,162.7204132080078
2022-08-04,162.6028441618955,163.7586338892835,161.05526991931026,162.40695190429688,55474100,162.40695190429688
2022-08-05,160.0823306929475,162.67173843719075,159.8763484441019,162.1813201904297,56697000,162.1813201904297
2022-08-08,163.18178041324063,164.59418751238474,161.0533667864172,161.7105255126953,60276900,161.7105255126953
2022-08-09,160.87682032374863,162.64232916411427,160.12157196524083,161.7595672607422,63135500,161.7595672607422
2022-08-10,164.46669306704544,166.09488560468589,163.70164162721542,165.99681091308594,70170500,165.99681091308594
2022-08-11,166.8010905635419,167.71327649760102,164.9669306824805,165.2611846923828,57149200,165.2611846923828
2022-08-12,166.56569547580565,168.87065273956517,166.1537308916434,168.802001953125,68039400,168.802001953125
2022-08-15,168.2331135298216,170.06727335382837,168.0663730882192,169.87110900878906,54091700,169.87110900878906
2022-08-16,169.4689479524639,170.38113378052608,168.37041574061854,169.7141571044922,56377100,169.7141571044922
2022-08-17,169.45915949271176,172.7743773350279,169.26299514755854,171.20504760742188,79542000,171.20504760742188
2022-08-18,170.4203849105247,171.54834118381174,169.8024529702403,170.81271362304688,62290100,170.81271362304688
2022-08-19,169.71418188591318,170.4105825645676,168.02714147630917,168.23312377929688,70346300,168.23312377929688
2022-08-22,166.43819485878106,166.6049353146799,163.93705808753546,164.35882568359375,69026800,164.35882568359375
2022-08-23,163.87819481513557,165.47696339789675,163.4564272588674,164.0253143310547,54147100,164.0253143310547
2022-08-24,164.1135822617859,164.88843656775538,163.0640799468379,164.31954956054688,53841500,164.31954956054688
2022-08-25,165.5456215718219,166.87956011908489,165.1238689631101,166.77166748046875,51218200,166.77166748046875
2022-08-26,167.3013400580589,167.77213753118554,160.42566451575846,160.48451232910156,78961000,160.48451232910156
2022-08-29,158.0618418321346,159.77830620497173,156.7573420791942,158.28744506835938,73314000,158.28744506835938
2022-08-30,159.02307224651202,159.4448248788866,154.69757844618866,155.86477661132812,77906200,155.86477661132812
2022-08-31,157.23795081091825,157.50278094726974,154.1286998362425,154.20716857910156,87991100,154.20716857910156
2022-09-01,153.6382414104045,155.38412932683354,151.70599214901193,154.93295288085938,74229900,154.93295288085938
2022-09-02,156.6886721974106,157.2869832188541,152.00027368828214,152.8241729736328,76957800,152.8241729736328
2022-09-06,153.47147432266516,154.07958810783353,150.7447502992397,151.5686492919922,73714800,151.5686492919922
2022-09-07,151.85316012640948,153.6676992214009,150.66634101658914,152.9713134765625,87449600,152.9713134765625
2022-09-08,151.6765739248584,153.36361410419434,149.75412756943635,151.50003051757812,84923800,151.50003051757812
2022-09-09,152.49069467763707,154.79566708651402,151.7844910019974,154.35427856445312,68028800,154.35427856445312
2022-09-12,156.5317468843277,161.1122531071859,156.24731078742482,160.29815673828125,104956000,160.29815673828125
2022-09-13,156.8357585865151,157.46349338077283,150.43089710301157,150.8918914794922,122656600,150.8918914794922
2022-09-14,151.82367056195963,154.0894153787575,150.66629071155694,152.33370971679688,87965400,152.33370971679688
2022-09-15,151.6863795720259,152.26508456095567,148.47905455230304,149.4500732421875,90481100,149.4500732421875
2022-09-16,148.31230899881908,148.44962552428208,145.5267216779744,147.81207275390625,162278800,147.81207275390625
2022-09-19,146.44871449211215,151.59810678770754,146.2427471814607,151.51963806152344,81474200,151.51963806152344
2022-09-20,150.4603364872082,155.05065980282333,150.14647654096675,153.8932647705078,107689800,153.8932647705078
2022-09-21,154.32480845556432,155.69798850992015,150.65648959208787,150.77418518066406,101696800,150.77418518066406
2022-09-22,149.4599017279835,151.50984684718208,148.0180705759549,149.81300354003906,86652500,149.81300354003906
2022-09-23,148.2926712627535,148.56730428254153,145.71306650576898,147.54722595214844,96029900,147.54722595214844
2022-09-26,146.7920383807957,150.82327820825114,146.77241745430226,147.88076782226562,93339400,147.88076782226562
2022-09-27,149.81299153282302,151.75504386028683,147.0764489671257,148.8517608642578,84442700,148.8517608642578
2022-09-28,144.81072915722658,147.75323924438212,142.06438341593866,146.96856689453125,146691400,146.96856689453125
2022-09-29,143.30025780798485,143.9083718149734,137.98410935439225,139.74961853027344,128138200,139.74961853027344
2022-09-30,138.5726147256006,140.35774479295515,135.35547138562947,135.5516357421875,124925300,135.5516357421875
2022-10-03,135.56141670515206,140.32828260431316,135.05137754414199,139.72015380859375,114311700,139.72015380859375
2022-10-04,142.25072959734777,143.41792753527417,141.4954812316815,143.30023193359375,87830100,143.30023193359375
2022-10-05,141.30917618434017,144.55574385560058,140.26947652199397,143.59451293945312,79471000,143.59451293945312
2022-10-06,143.0157891213956,144.71263233032042,142.43709909152813,142.64306640625,68402200,142.64306640625
2022-10-07,139.80847323243142,140.35775442140775,136.77769106151405,137.40542602539062,85925600,137.40542602539062
2022-10-10,137.72906494140625,139.17089585032406,135.91452632499212,137.72906494140625,74899000,137.72906494140625
2022-10-11,137.2190642395612,138.64128959242282,135.57126557653487,136.3166961669922,77033700,136.3166961669922
2022-10-12,136.46386502032027,137.67029041418004,135.5124518742985,135.68899536132812,70433700,135.68899536132812
2022-10-13,132.4031536839207,140.8383404618952,131.7950247428473,140.24984741210938,113224000,140.24984741210938
2022-10-14,141.54453406151188,141.75051634248345,135.5418185741853,135.72817993164062,88598000,135.72817993164062
2022-10-17,138.36663643162046,140.16155437004147,137.5819641011487,139.6809539794922,85250900,139.6809539794922
2022-10-18,142.70194639396894,143.88875049899616,137.91545818930572,140.9952850341797,99136600,140.9952850341797
2022-10-19,138.974750883936,142.1722730567363,138.78838952105372,141.10316467285156,61758300,141.10316467285156
2022-10-20,140.27927658716155,143.0942732786787,139.91635681145763,140.64218139648438,64522000,140.64218139648438
2022-10-21,140.1321395849877,145.0167173026428,139.9163543059083,144.4478302001953,86548600,144.4478302001953
2022-10-24,144.3693587197694,147.3510957532076,143.2021606323234,146.58604431152344,75981900,146.58604431152344
2022-10-25,147.21375676214043,149.56777350297594,146.49775025875292,149.42063903808594,74732300,149.42063903808594
2022-10-26,148.06712385627637,149.07738452163943,145.20306734701933,146.48797607421875,88194300,146.48797607421875
2022-10-27,145.23248644302674,146.1937021462339,141.36798774070627,142.025146484375,109180200,142.025146484375
2022-10-28,145.35999154749908,154.48177557471033,144.98728378991743,152.75550842285156,164762400,152.75550842285156
2022-10-31,150.2249153618166,151.284220531453,149.0086727671134,150.40145874023438,97943200,150.40145874023438
2022-11-01,152.10814502054632,152.4710497811702,146.27217011734126,147.76303100585938,80379300,147.76303100585938
2022-11-02,146.0956258102425,149.25392123210702,142.2213237765035,142.25074768066406,93604600,142.25074768066406
2022-11-03,139.3376819611652,140.06350662558899,136.09111434862288,136.2186279296875,97918500,136.2186279296875
2022-11-04,139.59825507529519,140.16808578570755,132.02346880241154,135.9533233642578,140814800,135.9533233642578
2022-11-07,134.70559929239224,136.70981865595215,133.29084915754692,136.48385620117188,83374600,136.48385620117188
2022-11-08,137.94771058910516,138.94981261597127,135.07891882338652,137.0536651611328,89908500,137.0536651611328
2022-11-09,136.07123106652006,136.12035725287217,132.2297941583769,132.5048828125,74917800,132.5048828125
2022-11-10,138.7631586833069,144.29441833496094,137.05366669118547,144.29441833496094,118854000,144.29441833496094
2022-11-11,143.26286485614494,147.37937519314977,141.83828048896822,147.07481384277344,93979700,147.07481384277344
2022-11-14,146.3576050476643,147.644629976999,144.84460269456784,145.67970275878906,73374100,145.67970275878906
2022-11-15,149.5506380930854,150.89660867721872,145.95481705312972,147.4088592529297,89868300,147.4088592529297
2022-11-16,146.51480463978803,147.2418181251695,144.70706018330316,146.18075561523438,64218300,146.18075561523438
2022-11-17,143.86215701114332,148.82360185357618,143.58706836561342,148.07693481445312,80389400,148.07693481445312
2022-11-18,149.63903422199823,150.022194440957,147.3400729082456,148.6369171142578,74829600,148.6369171142578
2022-11-21,147.52674987775407,147.73305885560603,145.12953609848137,145.41444396972656,58724100,145.41444396972656
2022-11-22,145.53236323934706,147.7821986794849,144.3533947208252,147.54640197753906,51804100,147.54640197753906
2022-11-23,146.8292506907543,149.16751994949988,146.72117904456323,148.4208526611328,58301400,148.4208526611328
2022-11-25,145.7092003283938,146.2692118769101,144.54006603549058,145.51271057128906,35195900,145.51271057128906
2022-11-28,142.59481349853306,144.0685093862778,140.86568238708142,141.69094848632812,69246000,141.69094848632812
2022-11-29,141.75972566869967,142.27061115238274,137.88883005476464,138.69444274902344,83763800,138.69444274902344
2022-11-30,138.9203582971881,146.1119996275474,138.08527316426236,145.43409729003906,111380900,145.43409729003906
2022-12-01,145.61096061666942,146.51482547786148,144.03901260255705,145.70919799804688,71250400,145.70919799804688
2022-12-02,143.40040769964443,145.4046270438478,143.09583136119605,145.21795654296875,65447400,145.21795654296875
2022-12-05,145.17869354013385,148.27344880391388,143.2137657558394,144.05868530273438,68826400,144.05868530273438
2022-12-06,144.49095300364328,144.71691547188212,139.43125562304482,140.40390014648438,64727200,140.40390014648438
2022-12-07,139.69653991914743,140.85584008868295,137.5449416476374,138.4684600830078,69721100,138.4684600830078
2022-12-08,139.86349917431778,141.00316038913968,138.62560060793018,140.14840698242188,62128300,140.14840698242188
2022-12-09,139.84387422747133,143.0172426533997,138.42912415381502,139.6670379638672,76097000,139.6670379638672
2022-12-12,140.1975885864345,141.9660265170688,138.58634846990296,141.95620727539062,70462700,141.95620727539062
2022-12-13,146.87830279302864,147.34006186732648,141.71054984410077,142.91897583007812,93886200,142.91897583007812
2022-12-14,142.80104877446828,144.08807331801012,138.6845250876769,140.69857788085938,82291200,140.69857788085938
2022-12-15,138.63545090272245,139.3133532425607,133.6445335943197,134.10629272460938,98931900,134.10629272460938
2022-12-16,134.29296269794702,135.23611943482993,131.38486361161162,132.15118408203125,160156900,132.15118408203125
2022-12-19,132.74070852472047,132.829126684755,129.01717664823065,130.0487518310547,79592600,130.0487518310547
2022-12-20,129.08590439011405,130.91328746393052,127.61220884643005,129.97994995117188,77432800,129.97994995117188
2022-12-21,130.64805042002772,134.4108891056121,130.42208791158035,133.07473754882812,85928000,133.07473754882812
2022-12-22,131.99402745433673,132.20033647277774,128.01504576681836,129.91119384765625,77852100,129.91119384765625
2022-12-23,128.62416529925937,130.09786107261186,127.36661277196195,129.5476837158203,63814900,129.5476837158203
2022-12-27,129.07610329036513,129.1055760060844,126.46274589439432,127.74977111816406,69007800,127.74977111816406
2022-12-28,127.39607559848972,128.73222692892008,123.66271775984323,123.8297348022461,85438400,123.8297348022461
2022-12-29,125.74555630862793,128.19188939568883,125.49012108364987,127.33715057373047,75703700,127.33715057373047
2022-12-30,126.15817044916967,127.67115798862761,125.19535270118398,127.65150451660156,77034200,127.65150451660156
2023-01-03,127.99536673400503,128.60448941700523,121.9925130634904,122.8767318725586,112117500,122.8767318725586
2023-01-04,124.66483150899292,126.4037966398773,122.886574422074,124.14412689208984,89113600,124.14412689208984
2023-01-05,124.90061292758642,125.52938912334946,122.57217865426507,122.8276138305664,80962700,122.8276138305664
2023-01-06,123.80028171885589,128.00521863758777,122.69991942060877,127.34696960449219,87754700,127.34696960449219
2023-01-09,128.18205614149144,131.07050217869943,127.61222532540481,127.86766052246094,70790800,127.86766052246094
2023-01-10,127.97569516112263,128.95815869987555,125.87322378783952,128.4374542236328,63896200,128.4374542236328
2023-01-11,128.94835439070522,131.1687168485226,128.17221470136022,131.14907836914062,69458900,131.14907836914062
2023-01-12,131.5322547782573,131.90558081812333,129.13504077259947,131.07049560546875,71379600,131.07049560546875
2023-01-13,129.71466811603167,132.55398732492168,129.3511613806362,132.39678955078125,57809700,132.39678955078125
2023-01-17,132.4655864864573,134.88243886666353,131.77786487384603,133.55612182617188,63646600,133.55612182617188
2023-01-18,134.4207108763407,136.17931456809228,132.66209219338052,132.8389434814453,69672800,132.8389434814453
2023-01-19,131.72876893688178,133.86071392112063,131.42420750930626,132.8979034423828,58280400,132.8979034423828
2023-01-20,132.90769302903612,135.59964906296133,131.86628386729487,135.4522705078125,80223600,135.4522705078125
2023-01-23,135.6979103035641,140.80673462294286,135.48176704430378,138.63548278808594,81760300,138.63548278808594
2023-01-24,137.84949253259393,140.64952034187644,137.83967329148908,140.0305633544922,66435100,140.0305633544922
2023-01-25,138.41927791003738,139.93226506012797,136.37575209022467,139.3722686767578,65799300,139.3722686767578
2023-01-26,140.65936144448216,141.72042430582104,139.4116280346841,141.43551635742188,54105100,141.43551635742188
2023-01-27,140.64951214628343,144.64813175929368,140.57091324840124,143.3709259033203,70555800,143.3709259033203
2023-01-30,142.41792955695834,142.9975794810538,140.34493076851774,140.49229431152344,64015300,140.49229431152344
2023-01-31,140.19757555057984,141.80881551729502,139.78494257033407,141.7596893310547,65874500,141.7596893310547
2023-02-01,141.44532609516176,144.03903014040526,138.84180280794712,142.8797149658203,77663600,142.8797149658203
2023-02-02,146.2888275489756,148.52884341135578,145.57163330132713,148.1751708984375,118339000,148.1751708984375
2023-02-03,145.4341369902227,154.62018089842738,145.2376471989092,151.79067993164062,154357300,151.79067993164062
2023-02-06,149.8945101165513,150.41521473457135,148.13589150827315,149.06922912597656,69858300,149.06922912597656
2023-02-07,147.99832954313612,152.50783427872634,147.99832954313612,151.93800354003906,83322600,151.93800354003906
2023-02-08,151.18154087876943,151.86926257026718,148.51905726950346,149.2559051513672,64120100,149.2559051513672
2023-02-09,151.0832773681269,151.62363543992853,147.782198500911,148.22430419921875,56007100,148.22430419921875
2023-02-10,147.0632318137508,148.9130734935689,146.8270751036462,148.58836364746094,57450700,148.58836364746094
2023-02-13,148.52932389765635,151.7862414824205,148.49980618651492,151.38282775878906,62199000,151.38282775878906
2023-02-14,149.68060318055606,151.30415283571156,148.4408139099733,150.7432861328125,61707600,150.7432861328125
2023-02-15,150.6547103127393,153.0063833860837,150.42840282421838,152.839111328125,65573800,152.839111328125
2023-02-16,151.04826665403036,153.82305157694913,150.8908438680814,151.2450714111328,68167900,151.2450714111328
2023-02-17,149.90689371085574,150.54646418705764,148.43094798353164,150.1036834716797,59144100,150.1036834716797
2023-02-21,147.79138776370112,148.87375415444836,146.0300988341385,146.09896850585938,58867200,146.09896850585938
2023-02-22,146.48269724609548,147.54538003263738,144.80012742797703,146.52206420898438,51011300,146.52206420898438
2023-02-23,147.6831183102613,147.92910925221886,144.8788305804024,147.00418090820312,48394200,147.00418090820312
2023-02-24,144.75094042273577,144.8296593421339,143.38323110315275,144.35736083984375,55469600,144.35736083984375
2023-02-27,145.341334334401,146.77791341877497,145.0854940760689,145.54795837402344,44998500,145.54795837402344
2023-02-28,144.69188448050687,146.68932985809187,144.47541123636594,145.04611206054688,50547000,145.04611206054688
2023-03-01,144.47538049709883,144.86895994047165,142.68455949733774,142.97975158691406,55479000,142.97975158691406
2023-03-02,142.0646965175798,144.3573339453376,141.59238308918532,143.57015991210938,52238100,143.57015991210938
2023-03-03,145.66600535471582,148.68678165578146,144.96739941181147,148.60806274414062,70732300,148.60806274414062
2023-03-06,151.323822727868,153.79358207113017,150.9991278078858,151.36318969726562,87558000,151.36318969726562
2023-03-07,151.2352451910372,151.55995507278075,148.70646582947896,149.16893005371094,56182000,149.16893005371094
2023-03-08,150.35949790258118,151.00891757952724,149.39521763366128,150.4185333251953,47204800,150.4185333251953
2023-03-09,151.097452526104,152.06173267895514,147.82085183856077,148.17507934570312,53833600,148.17507934570312
2023-03-10,147.8011910673905,148.51948035027368,145.24287949222287,146.1186065673828,68572400,146.1186065673828
2023-03-13,145.43970497520198,150.68423448355665,145.33146834316847,148.0570526123047,84457100,148.0570526123047
2023-03-14,148.85406081281639,150.94005952145656,147.69299059245188,150.14305114746094,73695900,150.14305114746094
2023-03-15,148.76548332238644,150.7924462663543,147.51584514285557,150.53662109375,77167900,150.53662109375
2023-03-16,149.71994010489203,153.9509875803486,149.20827470890512,153.35076904296875,76161100,153.35076904296875
2023-03-17,153.57710247425993,154.2265223157517,151.80596427660015,152.51441955566406,98944600,152.51441955566406
2023-03-20,152.5832627325511,155.28916298853815,151.6780028890537,154.87588500976562,73641400,154.87588500976562
2023-03-21,154.7971931327365,156.84382463636302,154.02968755125636,156.7257537841797,73938300,156.7257537841797
2023-03-22,156.7454392443716,159.53989288471735,155.27932775015748,155.29901123046875,75701800,155.29901123046875
2023-03-23,156.28296029217628,158.95934282613845,155.15139299961646,156.38134765625,67622100,156.38134765625
2023-03-24,156.31251228008384,157.76877470893055,155.31871410467124,157.6802215576172,59196500,157.6802215576172
2023-03-27,157.37517430078694,158.19186606543823,155.33836200567538,155.74179077148438,52390300,155.74179077148438
2023-03-28,155.4367475403247,155.9484128704115,153.4786543640599,155.1218719482422,45992200,155.1218719482422
2023-03-29,156.81433593979492,158.46740324672123,156.79466747018907,158.19189453125,51305700,158.19189453125
2023-03-30,158.93967116064357,159.86459953343115,158.68384597812414,159.75636291503906,49501700,159.75636291503906
2023-03-31,159.8350878653574,162.35403288236776,159.31358823359025,162.25563049316406,68749800,162.25563049316406
2023-04-03,161.63570888278477,163.62330459513862,161.58650769871608,163.50523376464844,56976200,163.50523376464844
2023-04-04,163.92835343175463,164.16449510354033,162.46224215834394,162.97390747070312,46278300,162.97390747070312
2023-04-05,162.0982064947886,162.40323287933546,159.20535043705326,161.1339111328125,51511700,161.1339111328125
2023-04-06,159.8252203026454,162.31466233453045,159.40212310856722,162.01947021484375,45390100,162.01947021484375
2023-04-10,158.8314525568901,159.43167114257812,157.51294452082058,159.43167114257812,47716900,159.43167114257812
2023-04-11,159.7465059260698,159.7563401575787,157.93600138413825,158.2213592529297,47644200,158.2213592529297
2023-04-12,158.6346580327857,159.46118408911326,157.2177476424543,157.53262329101562,50133100,157.53262329101562
2023-04-13,159.03804422980758,163.14117071125375,158.83140526402408,162.90501403808594,68445600,162.90501403808594
2023-04-14,161.95058596716467,163.6528540223282,161.19294470872245,162.56065368652344,49386500,162.56065368652344
2023-04-17,162.44261368211053,162.73780588588528,161.39961424099232,162.5803680419922,41516200,162.5803680419922
2023-04-18,163.4363837761115,164.72537387764507,162.99358808032773,163.80044555664062,49923000,163.80044555664062
2023-04-19,163.14122346923992,165.4633789570219,162.885383237049,164.94187927246094,47720200,164.94187927246094
2023-04-20,163.42656743390464,165.1780220485777,162.90506774605808,163.9775848388672,52456400,163.9775848388672
2023-04-21,162.40322071444277,163.78076396537094,161.85220341407148,162.3737030029297,58337300,162.3737030029297
2023-04-24,162.35403159020615,162.9444158925364,161.26183114076272,162.67874145507812,41949600,162.67874145507812
2023-04-25,162.54097982284455,163.64301445601814,161.1043860925183,161.1437530517578,48714100,161.1437530517578
2023-04-26,160.44513945575562,162.6295403559192,160.1893142654478,161.1339111328125,45498800,161.1339111328125
2023-04-27,162.54101581741398,165.85696969810766,162.54101581741398,165.70938110351562,64902300,165.70938110351562
2023-04-28,165.7880799666726,167.12627144742981,165.18786139778672,166.958984375,55275900,166.958984375
2023-05-01,166.5654112090663,167.71664719399982,165.93567490070697,166.8704376220703,52472900,166.8704376220703
2023-05-02,167.3623966257795,167.6182368189597,164.85328597063295,165.83724975585938,48425700,165.83724975585938
2023-05-03,166.78186884038578,168.17909567440717,164.47939708632646,164.76473999023438,65136000,164.76473999023438
2023-05-04,162.24581661627295,164.36133312270948,161.6751157183002,163.13137817382812,81235400,163.13137817382812
2023-05-05,168.23811312336284,171.50487988988195,168.02163990321543,170.78659057617188,113453200,170.78659057617188
2023-05-08,169.71404999386525,171.06209043449635,169.34998823962542,170.7176971435547,55962800,170.7176971435547
2023-05-09,170.27494492179522,170.7570775926942,168.84820036158354,169.01547241210938,45326900,169.01547241210938
2023-05-10,170.24541483030967,171.23921282792068,169.14336520388548,170.77674865722656,53724500,170.77674865722656
2023-05-11,171.06211698775132,171.79024060925457,169.40904995436452,170.96371459960938,49514700,170.96371459960938
2023-05-12,171.07210045600348,171.50564580777203,168.49055408757272,170.0375213623047,45533100,170.0375213623047
2023-05-15,170.61881529397183,170.6680845320844,168.95361427584695,169.54481506347656,37266700,169.54481506347656
2023-05-16,169.4659872894686,170.5991045917547,169.27877320555717,169.54481506347656,42110300,169.54481506347656
2023-05-17,169.19014751327734,170.3922300756776,167.91906995533154,170.15576171875,57951600,170.15576171875
2023-05-18,170.4611756877155,172.6683084617715,170.04734111161662,172.48109436035156,65496700,172.48109436035156
2023-05-19,173.80146880445517,173.80146880445517,172.37275062180032,172.5895233154297,55809500,172.5895233154297
2023-05-22,171.42678205708316,172.1460798920396,170.90456118422298,171.6435546875,43570900,171.6435546875
2023-05-23,170.58929510312979,170.83562631420236,168.7664381272472,169.04232788085938,50747300,169.04232788085938
2023-05-24,168.57921320123526,169.8896969643689,168.01758589409968,169.31820678710938,45143500,169.31820678710938
2023-05-25,169.87983433539839,171.34795850917342,169.17039935195018,170.45132446289062,56058300,170.45132446289062
2023-05-26,170.77652387763237,173.19056694623742,170.5695990272421,172.8555450439453,54835000,172.8555450439453
2023-05-30,174.36308277683443,176.36329091292328,173.978806707213,174.69808959960938,55964400,174.69808959960938
2023-05-31,174.72766202276017,176.71802248155805,174.16601962684186,174.64883422851562,99625300,174.64883422851562
2023-06-01,175.09218771933737,177.47667157389162,174.33348352725068,177.44711303710938,68901800,177.44711303710938
2023-06-02,178.37333767160567,179.11233123154489,176.62930866038764,178.2945098876953,61996900,178.2945098876953
2023-06-05,179.9498694414483,182.23581511366768,175.42721727327233,176.9446258544922,121946500,176.9446258544922
2023-06-06,177.32895026724879,177.47674301064856,174.82621622332067,176.58010864257812,64848400,176.58010864257812
2023-06-07,175.8213457350109,178.55069942371495,174.71778685793004,175.21044921875,61944600,175.21044921875
2023-06-08,175.28927455408018,178.18613184931536,174.85574427470908,177.92010498046875,50214900,177.92010498046875
2023-06-09,178.83645110058313,179.55573399442156,177.9792233362159,178.30438232421875,48900000,178.30438232421875
2023-06-12,178.60984190485868,181.19138823156914,178.31424143935143,181.0928497314453,54274900,181.0928497314453
2023-06-13,180.11740849837264,181.4475881941565,179.76269090585708,180.6199188232422,54929100,180.6199188232422
2023-06-14,180.67899811094975,181.68403358526143,179.34881869349235,181.25048828125,57462900,181.25048828125
2023-06-15,181.26036948430115,183.78279874291368,181.08300318978328,183.2802734375,65433200,183.2802734375
2023-06-16,183.98968846409701,184.245882524342,181.56579797087073,182.2062530517578,101256200,182.2062530517578
2023-06-20,181.7037512704965,183.36895259993452,181.7037512704965,182.29493713378906,49799100,182.29493713378906
2023-06-21,182.1865534203878,182.68907870149724,179.91045548906328,181.26036071777344,49515700,181.26036071777344
2023-06-22,181.0435838743865,184.3050065515812,180.97460392176268,184.2557373046875,51245300,184.2557373046875
2023-06-23,182.82703803401998,184.80753566864925,182.29495416898448,183.94044494628906,53117000,183.94044494628906
2023-06-26,184.08822111663613,185.2903184900679,182.51169553463515,182.55111694335938,48088700,182.55111694335938
2023-06-27,183.16204815111053,185.6253604426876,182.94527546666254,185.30020141601562,50730800,185.30020141601562
2023-06-28,185.17205103547798,187.1131417649888,184.84690713731368,186.47268676757812,51216800,186.47268676757812
2023-06-29,186.30524420235466,187.28072131986815,186.1672993101183,186.80775451660156,46347300,186.80775451660156
2023-06-30,188.81780236383452,191.62596911406445,188.45322195229386,191.1234588623047,85213200,191.1234588623047
2023-07-03,190.93624105216273,191.0347795474039,188.9458807202263,189.6356201171875,31458200,189.6356201171875
2023-07-05,188.75868490984942,190.1479814937267,187.82261429340878,188.52220153808594,46920300,188.52220153808594
2023-07-06,187.05402643985758,189.2020419776709,186.4234192703351,188.9951171875,45094300,188.9951171875
2023-07-07,188.6010117511895,189.8425155087971,187.44818361165477,187.8817138671875,46815000,187.8817138671875
2023-07-10,186.4825877482977,187.20188576037833,184.29516523716504,185.84213256835938,59922200,185.84213256835938
2023-07-11,186.38402246734722,186.52196732292174,183.86159365977753,185.3198699951172,46638100,185.3198699951172
2023-07-12,186.89637100117503,188.88673098908967,185.70413660309026,186.9850616455078,60750200,186.9850616455078
2023-07-13,187.7044138054968,188.384290465804,186.99497859777333,187.7438201904297,41342300,187.7438201904297
2023-07-14,187.4383302857117,188.37438582770977,186.8471444335954,187.89158630371094,41616200,187.89158630371094
2023-07-17,189.08381775872684,191.46831693797242,188.9951421376018,191.14315795898438,50520200,191.14315795898438
2023-07-18,190.51259538947195,191.47820968287988,189.5962353183327,190.8870086669922,48288200,190.8870086669922
2023-07-19,190.26622781119138,195.32093388898534,189.82281961650222,192.23687744140625,80507300,192.23687744140625
2023-07-20,192.22701989757815,193.58677299126168,189.67503216410122,190.29579162597656,59581200,190.29579162597656
2023-07-21,191.25153499324207,192.10876269219432,188.42364281090323,189.12322998046875,71951700,189.12322998046875
2023-07-24,190.57164355889253,192.04963052919288,189.4286633601603,189.92132568359375,45377800,189.92132568359375
2023-07-25,190.49284214012596,191.58655325087184,190.08885537064708,190.77857971191406,37283200,190.77857971191406
2023-07-26,190.82785426220883,192.7689453418544,190.48299959942145,191.6456756591797,47471900,191.6456756591797
2023-07-27,193.1433729163405,194.30604897209747,189.72429463258098,190.38446044921875,47460200,190.38446044921875
2023-07-28,191.81319626670884,193.74443968391378,191.2909752730755,192.9561767578125,48291400,192.9561767578125
2023-07-31,193.1827862905988,193.60648379116893,192.39452340931743,193.5670623779297,38824100,193.5670623779297
2023-08-01,193.36016991822595,193.8429695122176,192.41425136889904,192.73941040039062,35175100,192.73941040039062
2023-08-02,192.17773571935334,192.3156805851802,189.03456234552243,189.75384521484375,50389300,189.75384521484375
2023-08-03,188.75865610470643,189.54690382056828,187.89156557542466,188.36451721191406,61235200,188.36451721191406
2023-08-04,182.79748597555601,184.63019095429203,179.25031019901363,179.3192901611328,115956800,179.3192901611328
2023-08-07,179.45720585194456,180.44253062568194,174.74735463626894,176.225341796875,97576100,176.225341796875
2023-08-08,177.0530363874442,177.6245266423458,174.97400021533483,177.1614227294922,67823000,177.1614227294922
2023-08-09,178.21570618554995,178.2748232727554,174.41235154839882,175.57504272460938,60378500,175.57504272460938
2023-08-10,176.84611157664116,178.097478428752,174.9937109597073,175.3582763671875,54686900,175.3582763671875
2023-08-11,174.95376621930987,176.2364063672045,174.19403724396824,175.41748046875,52036700,175.41748046875
2023-08-14,175.595078706152,177.2921273528478,174.94388246971033,177.06520080566406,43675600,177.06520080566406
2023-08-15,176.49291042563854,177.08489459113486,174.68732936330193,175.0819854736328,43622600,175.0819854736328
2023-08-16,174.766254405872,176.1574269074876,174.14465676238186,174.21372985839844,46964900,174.21372985839844
2023-08-17,174.77612136953763,175.14117901733323,171.16495931429398,171.6780242919922,66062900,171.6780242919922
2023-08-18,170.00070631097662,172.76334408254257,169.6652471318657,172.16148376464844,61172200,172.16148376464844
2023-08-21,172.7337554755455,173.77960771425435,171.4215020828672,173.49346923828125,46311900,173.49346923828125
2023-08-22,174.69719959083847,175.30892111024494,173.89801113995804,174.86492919921875,42038900,174.86492919921875
2023-08-23,176.13770818549477,179.12727253692543,175.95024126986627,178.7030029296875,52722800,178.7030029296875
2023-08-24,178.25903609639087,178.68330576322634,173.66121814414575,174.0262908935547,54945800,174.0262908935547
2023-08-25,175.0129196769248,176.75928869570708,173.47373983758078,176.22650146484375,51449600,176.22650146484375
2023-08-28,177.68677460091166,178.1801023209798,176.1673318473753,177.7854461669922,43820700,177.7854461669922
2023-08-29,177.3019791564373,182.43258442181371,177.10465107991652,181.66299438476562,53003900,181.66299438476562
2023-08-30,182.47204640358012,185.34321714142652,182.27471834075723,185.1458740234375,60813900,185.1458740234375
2023-08-31,185.33334709899387,186.59626480914432,184.97815055206615,185.36294555664062,60794500,185.36294555664062
2023-09-01,186.96134589549212,187.38560051082152,185.76748618147488,186.93174743652344,45766500,186.93174743652344
2023-09-05,185.7674844117445,187.44479564304942,185.1064270757959,187.1685333251953,45280000,187.1685333251953
2023-09-06,185.88585963952747,186.32986658571798,179.04834537431464,180.46913146972656,81755800,180.46913146972656
2023-09-07,172.8422616393004,175.83184093509863,171.22414761118458,175.1905059814453,112488800,175.1905059814453
2023-09-08,175.96999075471308,177.8347687964352,175.417451102765,175.80224609375,65551300,175.80224609375
2023-09-11,177.66702357259294,177.89395007164453,174.9734438173143,176.96649169921875,58953100,176.96649169921875
2023-09-12,177.09475937210624,177.72621814105926,172.48708107979573,173.94732666015625,90370200,173.94732666015625
2023-09-13,174.15453395453247,174.93400012779577,171.65829707262085,171.88523864746094,84267900,171.88523864746094
2023-09-14,171.67803539320033,173.75001770449512,171.26364194197464,173.3948211669922,60895800,173.3948211669922
2023-09-15,174.12494522635322,174.14468255030425,171.5004532372104,172.674560546875,109259500,172.674560546875
2023-09-18,174.12491003199494,176.98621921988467,173.81904932082622,175.59503173828125,67257600,175.59503173828125
2023-09-19,175.1510553991506,177.23289871202428,174.7662604292434,176.6803741455078,51826900,176.6803741455078
2023-09-20,176.8678428874874,177.3019736755132,173.0593524132158,173.14816284179688,58436200,173.14816284179688
2023-09-21,172.22069958579337,173.94734650075085,171.53990496478352,171.6089630126953,63149100,171.6089630126953
2023-09-22,172.33907993619778,174.71692282922322,171.72735846610487,172.4574737548828,56725400,172.4574737548828
2023-09-25,171.87536866413782,174.60840835340898,171.82603288281885,173.73028564453125,46172700,173.73028564453125
2023-09-26,172.48707194438137,172.86199068863868,169.36923785117082,169.6652374267578,64588900,169.6652374267578
2023-09-27,170.31646332448594,170.7308568174817,166.79411110643792,168.1556854248047,66921800,168.1556854248047
2023-09-28,167.08024048447163,169.7343462157436,165.38319180250966,168.4122314453125,56294400,168.4122314453125
2023-09-29,169.7244661753788,170.76045735672912,168.06687727418498,168.92527770996094,51861100,168.92527770996094
2023-10-02,168.93512915166482,171.9740294168616,168.6489906711008,171.43136596679688,52164500,171.43136596679688
2023-10-03,169.96126458937815,171.31299281082715,168.54049336939298,170.09939575195312,49594600,170.09939575195312
2023-10-04,168.80687858022958,171.88525384459265,168.68848474300435,171.34259033203125,53020300,171.34259033203125
2023-10-05,171.47081778563683,173.10866919518492,170.3756298015613,172.5758819580078,48527900,172.5758819580078
2023-10-06,171.48071432556827,175.61480292776608,170.8689777300858,175.12147521972656,57266700,175.12147521972656
2023-10-09,174.45050893918912,176.66062207591688,173.45399257599578,176.60142517089844,42390800,176.60142517089844
2023-10-10,175.72330653262233,177.32168322438636,175.57529921161475,176.00942993164062,43698000,176.00942993164062
2023-10-11,175.82198018511957,177.4499705441094,175.22999600880442,177.400634765625,47551100,177.400634765625
2023-10-12,177.6670640281674,179.90676118500224,176.6507950071692,178.29852294921875,56743100,178.29852294921875
2023-10-13,178.99902980590412,179.5022186651883,175.76280113660414,176.4633331298828,51427100,176.4633331298828
2023-10-16,174.3913552582801,176.6902643223361,174.15455252434904,176.33506774902344,52517000,176.33506774902344
2023-10-17,174.2926830064713,176.03906740635364,172.46737941742194,174.7860107421875,57549400,174.7860107421875
2023-10-18,173.23694427289632,175.21025492862336,172.77321506438722,173.49346923828125,54764400,173.49346923828125
2023-10-19,173.69079235758196,175.46677490830675,172.85214438582656,173.11854553222656,59302900,173.11854553222656
2023-10-20,172.9705790235715,173.07911173437196,170.33621055796252,170.57301330566406,64244000,170.57301330566406
2023-10-23,168.62928473640696,171.68790756499885,167.6623515662161,170.69139099121094,55980100,170.69139099121094
2023-10-24,170.74070856198063,171.35243005141567,169.1620540054936,171.12550354003906,43816600,171.12550354003906
2023-10-25,169.5863625938841,170.75060892905034,168.3727654144791,168.8167724609375,57157000,168.8167724609375
2023-10-26,168.0964590692853,169.09299056011605,163.45918215856796,164.66290283203125,70625300,164.66290283203125
2023-10-27,164.68264263448572,166.70528904611524,164.60370840247674,165.97515869140625,58499100,165.97515869140625
2023-10-30,166.76447575317525,168.88577853365425,166.61646843152695,168.01751708984375,51131000,168.01751708984375
2023-10-31,167.09010101577766,168.61940486913602,165.65943861592592,168.49114990234375,44846000,168.49114990234375
2023-11-01,168.71805482147735,171.9049471971035,167.84979334743332,171.64842224121094,56934900,171.64842224121094
2023-11-02,173.17776232760195,175.40759814141026,173.118565411641,175.20040893554688,77334800,175.20040893554688
2023-11-03,171.91480549386804,174.46037768725847,171.03668297815753,174.29263305664062,79829200,174.29263305664062
2023-11-06,174.02628274488598,177.0355696443862,173.85855313497558,176.83824157714844,63841300,176.83824157714844
2023-11-07,176.78889227095914,180.00539823599848,176.58170308551922,179.3936767578125,70530000,179.3936767578125
2023-11-08,179.91661457451394,181.00192645947115,179.16674685036813,180.44940185546875,49340300,180.44940185546875
2023-11-09,180.51849360423827,181.66300252138785,179.38383076688,179.975830078125,53763500,179.975830078125
2023-11-10,181.75412225306079,184.32281184408907,181.3194195461175,184.15484619140625,66133400,184.15484619140625
2023-11-13,183.58184574005094,183.78930789371245,181.99123723697815,182.57412719726562,43627500,182.57412719726562
2023-11-14,185.4391901985185,185.84425545326624,184.0560589323069,185.1823272705078,60108400,185.1823272705078
2023-11-15,185.5874067506803,187.21752694473682,185.51824264456812,185.74546813964844,53790500,185.74546813964844
2023-11-16,187.286705162902,188.65996251273407,186.37777296409004,187.42501831054688,54412900,187.42501831054688
2023-11-17,187.9584954748911,188.08693448765234,186.29873780998344,187.40524291992188,50922700,187.40524291992188
2023-11-20,187.60281994734135,189.598493753426,187.59294582194016,189.14402770996094,46505100,189.14402770996094
2023-11-21,189.1045562110786,189.21323191352622,187.4546724193767,188.3438262939453,38134500,188.3438262939453
2023-11-22,189.18357710829596,190.60622016215154,188.53152295340232,189.0057373046875,39617700,189.0057373046875
2023-11-24,188.57099258448812,188.6006300326625,186.97051008307392,187.6818389892578,24048300,187.6818389892578
2023-11-27,187.6324520630897,188.37341847212542,186.62473352580105,187.50401306152344,40552600,187.50401306152344
2023-11-28,187.49414676130317,188.77849160556613,187.11871894105684,188.10667419433594,38415400,188.10667419433594
2023-11-29,188.6006511365786,189.77632029571453,186.69390474066958,187.08908081054688,43014200,187.08908081054688
2023-11-30,187.55341843722022,188.02764780463457,185.92329832735996,187.66209411621094,48794400,187.66209411621094
2023-12-01,188.03754149609296,189.25272234216075,186.95078459310412,188.93658447265625,45704800,188.93658447265625
2023-12-04,187.69169371505666,187.76085780364798,185.19216867735597,187.1483154296875,43389500,187.1483154296875
2023-12-05,187.91898862751913,192.05850876803487,187.88933609882633,191.09031677246094,66628400,191.09031677246094
2023-12-06,192.10788966712872,192.4141533735728,189.79607806848605,190.00355529785156,41089700,190.00355529785156
2023-12-07,191.29777821822415,192.6512720749557,191.2582515665674,191.93006896972656,47477700,191.93006896972656
2023-12-08,191.86091528323507,193.629363703371,191.33730018286,193.3527374267578,53406400,193.3527374267578
2023-12-11,190.7840614125706,191.1594892758114,189.1144144313186,190.85321044921875,60943700,190.85321044921875
2023-12-12,190.75440470261375,192.3746507369947,189.4107849369075,192.36477661132812,52696900,192.36477661132812
2023-12-13,192.74018081786602,195.61513413450965,192.50308121236986,195.57562255859375,70404200,195.57562255859375
2023-12-14,195.63490356313392,197.21562292408947,193.79730618821,195.72381591796875,66831600,195.72381591796875
2023-12-15,195.1507962246044,196.01031245444227,194.62718115642724,195.19032287597656,128538400,195.19032287597656
2023-12-18,193.72812085100188,194.2616250715381,192.04860011875655,193.53053283691406,55751900,193.53053283691406
2023-12-19,193.79729775296602,194.57777573643529,193.5305456250714,194.56790161132812,40714100,194.56790161132812
2023-12-20,194.5283816611859,195.2989855460905,192.4833221435547,192.4833221435547,52242800,192.4833221435547
2023-12-21,193.73802319308166,194.70621508029078,191.16933361068988,192.33511352539062,46482500,192.33511352539062
2023-12-22,192.82909873139974,193.0563392932213,190.64572606781581,191.2681427001953,37149600,191.2681427001953
2023-12-26,191.27801448490152,191.55464074590694,190.5074106042434,190.72476196289062,28919300,190.72476196289062
2023-12-27,190.17149315937536,191.16932243864449,188.78834689776542,190.8235321044922,48087700,190.8235321044922
2023-12-28,191.80161980345068,192.3153607227681,190.8433020640508,191.2483673095703,34049900,191.2483673095703
2023-12-29,191.56450759639273,192.05848519728596,189.42064661751613,190.2110137939453,42672100,190.2110137939453
2024-01-02,184.89581391743906,186.17028459685415,181.6750853181039,183.4040069580078,82488700,183.4040069580078
2024-01-03,182.0011090098209,183.64111826756874,181.22061595613366,182.03074645996094,58414500,182.03074645996094
2024-01-04,179.95607854098168,180.8847590726459,178.7013859779921,179.71897888183594,71983600,179.71897888183594
2024-01-05,179.79799818956093,180.5587129492039,177.99991223040004,178.99774169921875,62379700,178.99774169921875
2024-01-08,179.89677561800764,183.36450834315934,179.313885613353,183.32498168945312,59144500,183.32498168945312
2024-01-09,181.7047275700206,182.9199083051763,180.52905841182087,182.9100341796875,42841800,182.9100341796875
2024-01-10,182.12955368013527,184.1548498527509,181.70472508990332,183.9473876953125,46792900,183.9473876953125
2024-01-11,184.293153408918,184.7970202008086,181.40832608034748,183.35459899902344,49128400,183.35459899902344
2024-01-12,183.81894667336306,184.49076406507768,182.95943045197853,183.68063354492188,40477800,183.68063354492188
2024-01-16,179.96593271976667,182.04062970854807,178.7507369031224,181.41822814941406,65603000,181.41822814941406
2024-01-17,179.08665457169852,180.72664884969066,178.12833676151584,180.4796600341797,47317400,180.4796600341797
2024-01-18,183.84855685122983,186.86182285419846,183.59169395794328,186.35797119140625,78005800,186.35797119140625
2024-01-19,187.0495347089121,189.6379721613495,186.5456830515668,189.25267028808594,68903000,189.25267028808594
2024-01-22,189.98378136946042,192.97728431537942,189.94425472083472,191.55462646484375,60133900,191.55462646484375
2024-01-23,192.67105542323813,193.392258603415,191.49538615178406,192.82911682128906,42355600,192.82911682128906
2024-01-24,193.06621990928542,194.01466361551059,191.99922639290756,192.1573028564453,53631300,192.1573028564453
2024-01-25,192.86862433386716,193.90598035718745,190.78403816176663,191.83126831054688,54822100,191.83126831054688
2024-01-26,191.93007928184088,192.41416772814074,189.6281416366758,190.10235595703125,44594000,190.10235595703125
2024-01-29,189.69728055859,189.88499446653958,187.29655655692048,189.420654296875,47145600,189.420654296875
2024-01-30,188.6401800108733,189.4898221386195,185.21197404804863,185.7751007080078,55859400,185.7751007080078
2024-01-31,184.78715652135838,184.84644650359252,182.12956937209933,182.178955078125,55467800,182.178955078125
2024-02-01,181.77391734166875,184.69825684937862,181.60596673463837,184.60934448242188,64885400,184.60934448242188
2024-02-02,177.6936236133024,185.07365019396582,177.09097033579843,183.61148071289062,102551700,183.61148071289062
2024-02-05,185.88377376602236,186.97053056814926,183.60159955655655,185.41943359375,69668800,185.41943359375
2024-02-06,184.60931480628852,187.02980210381148,184.5204024536245,187.01992797851562,43490800,187.01992797851562
2024-02-07,188.3437971267345,188.74886241631054,186.33824908078662,187.1286163330078,53439000,187.1286163330078
2024-02-08,187.1088468471974,187.25703410679802,185.09342474162452,186.05174255371094,40962000,186.05174255371094
2024-02-09,186.6155602859614,187.941120969739,185.9725760341758,186.81341552734375,45155200,186.81341552734375
2024-02-12,186.38806813077576,186.63537211912902,184.7756412965565,185.1317596435547,41781900,185.1317596435547
2024-02-13,183.76666370675508,184.20192116931864,181.5310258479947,183.04452514648438,56529500,183.04452514648438
2024-02-14,183.32151955824494,183.52924646908957,180.47257259846702,182.16412353515625,54630500,182.16412353515625
2024-02-15,181.57060374922136,182.50046922442786,179.39433152096026,181.87725830078125,65434500,181.87725830078125
2024-02-16,181.44196326564102,182.85654973235168,179.7108355866275,180.34393310546875,49752500,180.34393310546875
2024-02-20,179.82953567385852,180.4626331892475,178.05884601330092,179.60202026367188,53665600,179.60202026367188
2024-02-21,179.97795967071906,180.91771184255438,178.71176441081158,180.35386657714844,41371400,180.35386657714844
2024-02-22,181.50132758611662,182.9653779737103,180.49233824441416,182.38172912597656,52292200,182.38172912597656
2024-02-23,183.0148347964746,183.04451006700117,180.2648157032703,180.55169677734375,45119700,180.55169677734375
2024-02-26,180.27473021897956,180.78911167382452,178.70186529911302,179.2063751220703,40867400,179.2063751220703
2024-02-27,179.1470231922399,181.93660445629962,177.6236221032545,180.6605224609375,54318900,180.6605224609375
2024-02-28,180.54178846123017,181.14521076395337,178.1874648834917,179.4635467529297,48953900,179.4635467529297
2024-02-29,179.31517776545977,180.6011615069905,177.59393659501978,178.80078125,136682600,178.80078125
2024-03-01,177.61373507516265,178.58316252471684,175.46713817545924,177.72254943847656,73563100,177.72254943847656
2024-03-04,174.25038035125658,174.99229230011673,171.9158301484072,173.2117156982422,81510100,173.2117156982422
2024-03-05,168.91851326517738,170.18470849670402,167.79080766540406,168.28541564941406,95132400,168.28541564941406
2024-03-06,169.21526961759642,169.39333632878757,166.86093094295472,167.2961883544922,68587700,167.2961883544922
2024-03-07,167.32588185679398,168.88884496206234,166.67301076258389,167.17750549316406,71765100,167.17750549316406
2024-03-08,167.1774852017091,171.82679686006907,167.11813466346086,168.88882446289062,76267000,168.88882446289062
2024-03-11,171.07502316349817,172.49949666610803,170.19462149789052,170.88706970214844,60139500,170.88706970214844
2024-03-12,171.28272310113206,172.15323790323208,169.16580172767317,171.3618621826172,59825400,171.3618621826172
2024-03-13,170.90684419661972,171.3223130850131,168.91851047344855,169.28453063964844,52488700,169.28453063964844
2024-03-14,171.0453430786352,172.43023944819464,170.19461671040915,171.13436889648438,72913500,171.13436889648438
2024-03-15,169.3240932528417,170.75845336914062,168.45357838204507,170.75845336914062,121752700,170.75845336914062
2024-03-18,173.67662817447325,175.79354941833483,171.64873273149365,171.84657287597656,75604200,171.84657287597656
2024-03-19,172.45989598897214,174.70542030322298,171.16402557801365,174.18113708496094,55215200,174.18113708496094
2024-03-20,173.82502584048726,176.7432098388672,173.2018149693641,176.7432098388672,53423100,176.7432098388672
2024-03-21,175.14069690243886,175.57595436020992,168.9976588629672,169.52194213867188,106181300,169.52194213867188
2024-03-22,169.90773784358905,171.18383495977668,168.22607363158104,170.42213439941406,71160100,170.42213439941406
2024-03-25,168.73054337127422,170.0857641639875,167.62261143010488,169.0075225830078,54288300,169.0075225830078
2024-03-26,168.16667243595305,169.5713569473453,167.75120364477232,167.8798065185547,57388400,167.8798065185547
2024-03-27,168.5722893771007,171.72789059246503,168.27552158079686,171.44100952148438,60273300,171.44100952148438
2024-03-28,169.89786038812744,170.37267987636224,168.6712270247615,169.63076782226562,65672700,169.63076782226562
2024-04-01,169.3438746978549,169.40322523760474,167.65230884379906,168.19638061523438,46240500,168.19638061523438
2024-04-02,167.25662806803024,167.51381877100314,166.41578850586058,167.0192108154297,49329500,167.0192108154297
2024-04-03,166.96973884210524,168.83935621904524,166.76201196368757,167.82046508789062,47691700,167.82046508789062
2024-04-04,168.4535689105981,170.06599565718972,166.9994354248047,166.9994354248047,53704400,166.9994354248047
2024-04-05,167.76110742740823,168.55248310289795,167.12800990586356,167.751220703125,42104800,167.751220703125
2024-04-08,167.20716991074772,167.37533481002382,166.4256959559663,166.6334228515625,37425500,166.6334228515625
2024-04-09,166.8806999592474,168.24582257310013,166.5344834909376,167.84024047851562,42373800,167.84024047851562
2024-04-10,166.97964653177021,167.2665125006067,165.30786924976792,165.97064208984375,49709300,165.97064208984375
2024-04-11,166.52458559261675,173.56781241373886,166.34653399230652,173.15232849121094,91070300,173.15232849121094
2024-04-12,172.38075949507746,176.43655077441642,172.33131077483722,174.6460723876953,101670900,174.6460723876953
2024-04-15,173.46890241983837,174.72521085075485,170.63974431610336,170.82769775390625,73531800,170.82769775390625
2024-04-16,169.89781183493915,171.88613013777277,166.45534511410173,167.55337524414062,73711200,167.55337524414062
2024-04-17,167.7808856580398,168.8096634069807,166.18824768066406,166.18824768066406,50901200,166.18824768066406
2024-04-18,166.21796146542746,166.8213838226369,164.7539260277304,165.23863220214844,43122900,165.23863220214844
2024-04-19,164.41758473594675,164.60552308162337,162.31054999578998,163.2206268310547,68149400,163.2206268310547
2024-04-22,163.734987753996,165.45621342076493,162.99307597508283,164.05152893066406,48116400,164.05152893066406
2024-04-23,163.56685559955991,165.24851961582092,163.14148491226467,165.10012817382812,49537800,165.10012817382812
2024-04-24,164.74401450706145,167.47426013692973,164.41758653276062,167.19728088378906,48251800,167.19728088378906
2024-04-25,167.70180396406673,168.77015916171027,166.33668091803779,168.05792236328125,50558300,168.05792236328125
2024-04-26,168.04800546826704,169.49225225997063,167.35554224826544,167.47425842285156,44838400,167.47425842285156
2024-04-29,171.50034913417457,174.1316669492416,171.2332717193323,171.6289520263672,68169400,171.6289520263672
2024-04-30,171.46081207960546,173.1029142716877,168.1667209693098,168.4931640625,65934800,168.4931640625
2024-05-01,167.75123767315736,170.84748833564953,167.28630498280754,167.47425842285156,50383100,167.47425842285156
2024-05-02,170.649650682897,171.54984088638673,169.04712555589578,171.16404724121094,94214900,171.16404724121094
2024-05-03,184.6371141692426,184.98334572031666,180.6901529770176,181.4023895263672,163224100,181.4023895263672
2024-05-06,180.38352481626606,182.21356516877455,178.47433028646978,179.75042724609375,78569700,179.75042724609375
2024-05-07,181.47164781905605,182.9060078076493,179.36462828599997,180.43296813964844,77305800,180.43296813964844
2024-05-08,180.87813197889614,181.09576068278213,179.4932206728727,180.76931762695312,45057100,180.76931762695312
2024-05-09,180.5912561815798,182.66861565405213,180.14611203583203,182.57958984375,48983000,182.57958984375
2024-05-10,183.1540861312051,183.34229448527321,180.4102525825865,181.32156372070312,50759500,181.32156372070312
2024-05-13,183.68897723381502,185.33330623986973,182.87671286406248,184.5210418701172,72044800,184.5210418701172
2024-05-14,185.73944844741243,186.52199740854093,184.53096697721375,185.6602020263672,52393600,185.6602020263672
2024-05-15,186.13568203158255,188.849800179078,185.6007724639543,187.9285888671875,70400000,187.9285888671875
2024-05-16,188.67151097089564,189.29556710780693,187.86916171755817,188.04745483398438,52845200,188.04745483398438
2024-05-17,187.72059282106466,189.00832091255782,187.39370695143634,188.0771942138672,41282900,188.0771942138672
2024-05-20,187.54228461702792,190.10782534306233,187.22529890901677,189.2361297607422,44361300,189.2361297607422
2024-05-21,189.28564024416437,190.91015403566988,189.11724727296848,190.53375244140625,42309400,190.53375244140625
2024-05-22,190.45453220558076,190.99934196064652,188.47341681604038,189.0974578857422,34648500,189.0974578857422
2024-05-23,189.1766947549615,189.19651013997458,184.86777806929078,185.11541748046875,51005900,185.11541748046875
2024-05-24,187.03710655742805,188.78048261582597,186.26445766907554,188.18614196777344,36327000,188.18614196777344
2024-05-28,189.70168159973719,191.1776178733189,187.31444925751387,188.196044921875,52280100,188.196044921875
2024-05-29,187.81963788738682,190.43470949642946,187.72057607583483,188.4932098388672,53068000,188.4932098388672
2024-05-30,188.9587703074631,190.36536034504638,188.83000809203267,189.4837646484375,49889100,189.4837646484375
2024-05-31,189.63232797686064,190.75166277533643,188.1167762289514,190.43467712402344,75158300,190.43467712402344
2024-06-03,191.07855630297723,193.14883318833753,190.7021546904014,192.19789123535156,50080500,192.19789123535156
2024-06-04,192.80214765697744,193.47573474401025,191.20734917579057,192.514892578125,47471400,192.514892578125
2024-06-05,193.5549597642067,195.04079624688396,193.02996541617088,194.02052307128906,54156800,194.02052307128906
2024-06-06,193.8422276391208,194.64457691185422,192.33657578915964,192.64364624023438,41181800,192.64364624023438
2024-06-07,192.81205951087668,195.08044521695948,192.30688050093246,195.03091430664062,53103900,195.03091430664062
2024-06-10,195.04080033594326,195.43703247512377,190.33565137548777,191.29649353027344,97010200,191.29649353027344
2024-06-11,191.82147267998263,205.20391549352811,191.8016724106265,205.19400024414062,172373300,205.19400024414062
2024-06-12,205.41193016487838,218.1207863262847,204.94636687125956,211.05812072753906,198134300,211.05812072753906
2024-06-13,212.71235034689784,214.70336573665497,209.60200000148347,212.21707153320312,97862700,212.21707153320312
2024-06-14,211.8307711431916,213.13829945342002,209.30484597389386,210.48361206054688,70122700,210.48361206054688
2024-06-17,211.35527186274084,216.88258512602053,210.71141546378874,214.62411499023438,93728300,214.62411499023438
2024-06-18,215.5354294813442,216.5656178731208,210.98877362098574,212.26658630371094,79943300,212.26658630371094
2024-06-20,211.90998899500866,212.2170745602359,206.87796947703916,207.7001190185547,86172500,207.7001190185547
2024-06-21,208.40343403997312,209.8892705909824,205.15440599094305,205.53082275390625,241805100,205.53082275390625
2024-06-24,205.75861973380415,210.69159220230495,204.63928484253907,206.17465209960938,80727000,206.17465209960938
2024-06-25,207.1751328027417,209.3840873125504,206.64023830581658,207.0959014892578,55549700,207.0959014892578
2024-06-26,209.5029437835443,212.83121810497767,208.6510635966682,211.23641967773438,66213200,211.23641967773438
2024-06-27,212.66284034706985,213.70292898101007,210.34493889866226,212.0784149169922,49772700,212.0784149169922
2024-06-28,213.7326216506115,214.0297919592074,208.31427026634478,208.63124084472656,82542700,208.63124084472656
2024-07-01,210.08735196554287,215.45617219578955,209.91895899194967,214.70335388183594,60402900,214.70335388183594
2024-07-02,214.1090169642201,218.29908645117231,213.0689435868198,218.19012451171875,58046200,218.19012451171875
2024-07-03,217.92270133801432,219.45806884765625,216.96185912748342,219.45806884765625,37369800,219.45806884765625
2024-07-05,219.55708698216947,224.3117665065084,219.55708698216947,224.2028045654297,60412400,224.2028045654297
2024-07-08,224.945750993976,225.69858454124022,221.14201294311235,225.6688690185547,59085900,225.6688690185547
2024-07-09,225.77778797195694,227.23390886254342,224.23252052432466,226.5207061767578,48076100,226.5207061767578
2024-07-10,227.1348758928893,230.87918266211804,227.08534498663496,230.78012084960938,62627700,230.78012084960938
2024-07-11,229.2051258414663,230.19568345608255,223.63819688403007,225.42120361328125,64710600,225.42120361328125
2024-07-12,226.75846058686048,230.44333633793113,226.52072130415218,228.3631591796875,53046500,228.3631591796875
2024-07-15,234.24706826366577,234.9899864993383,230.88907844301437,232.18670654296875,62631300,232.18670654296875
2024-07-16,232.781045805997,234.03905824310993,230.1362587163494,232.60275268554688,43234300,232.60275268554688
2024-07-17,227.28346685481674,229.27449755440023,224.50000206743292,226.71885681152344,57345900,226.71885681152344
2024-07-18,228.10562515807683,228.26411801705945,220.17126344980832,222.06321716308594,66034600,222.06321716308594
2024-07-19,222.6971648700337,224.65846466815103,221.17169771561296,222.1919708251953,49151500,222.1919708251953
2024-07-22,224.86649525231948,225.62922890399747,220.98351093014816,221.84530639648438,48201800,221.84530639648438
2024-07-23,222.25138924131514,224.7971293607533,220.57734458918785,222.88534545898438,39960300,222.88534545898438
2024-07-24,221.88490694575157,222.67735606492835,215.0797809310421,216.47645568847656,61777600,216.47645568847656
2024-07-25,216.86279177043605,218.76467587085634,212.59349046705276,215.4364013671875,51391200,215.4364013671875
2024-07-26,216.63493468142264,217.4174836156479,213.97033243488113,215.9019317626953,41601300,215.9019317626953
2024-07-29,214.91137828370984,217.22927938341869,213.7127969665886,216.17929077148438,36311800,216.17929077148438
2024-07-30,217.1203409396055,218.24957609355639,214.07932159795172,216.73402404785156,41643800,216.73402404785156
2024-07-31,219.34910640080292,221.70663863761098,218.54675705693774,219.98306274414062,50036300,219.98306274414062
2024-08-01,222.25141811315143,222.36038006072013,214.97082835556836,216.2981719970703,62501000,216.2981719970703
2024-08-02,217.08067881945357,223.4697870434651,215.6542886583774,217.7839813232422,105568600,217.7839813232422
2024-08-05,197.210135996183,211.48407659683002,194.14931622004067,207.2940216064453,119548600,207.2940216064453
2024-08-06,203.36151564809407,208.00723406358375,199.17146046275423,205.27328491210938,69660500,205.27328491210938
2024-08-07,204.9463646139573,211.62272838414273,204.441185671316,207.83880615234375,63516400,207.83880615234375
2024-08-08,211.097744151489,212.17744837655164,206.8581585633277,211.2958526611328,47161100,211.2958526611328
2024-08-09,210.09730322074367,214.73310620037486,209.9685258775167,214.19821166992188,42201600,214.19821166992188
2024-08-12,214.27753840147545,217.68898821235913,213.81143620679725,215.7254180908203,38028100,215.7254180908203
2024-08-13,217.19314118814535,220.04925425523973,217.19314118814535,219.4344024658203,44155300,219.4344024658203
2024-08-14,218.7402072098891,221.17979111862692,217.8774142480331,219.8806610107422,41960600,219.8806610107422
2024-08-15,222.73677426147512,223.48055242779947,220.9120269929499,222.85577392578125,46414000,222.85577392578125
2024-08-16,222.0624088054674,224.94827173921567,221.7946444270254,224.17474365234375,44340200,224.17474365234375
2024-08-19,223.84747960195193,224.115243980586,221.18970440160442,224.0160675048828,40687800,224.0160675048828
2024-08-20,223.8970689622142,225.28544883578485,223.57971634413767,224.63092041015625,30299000,224.63092041015625
2024-08-21,224.64083485973637,226.08871448701353,223.1830285060583,224.52182006835938,34765500,224.52182006835938
2024-08-22,225.90030886909642,226.44574924370923,222.04257986640772,222.6673583984375,43695300,222.6673583984375
2024-08-23,223.78797197411373,226.32673228874265,222.46900358067504,224.9581756591797,38677300,224.9581756591797
2024-08-26,224.87886564108967,225.39455612332776,222.03267909150793,225.29537963867188,30602200,225.29537963867188
2024-08-27,224.1251624880706,226.95152567852384,223.02437015551794,226.13832092285156,35934600,226.13832092285156
2024-08-28,226.02921369079436,227.95312221094204,223.80779089178384,224.611083984375,38052200,224.611083984375
2024-08-29,228.1911537968638,230.98775191089825,226.9812734022471,227.8837127685547,51906300,227.8837127685547
2024-08-30,228.28038060324323,228.4886300006117,225.59285569982603,227.10025024414062,52990800,227.10025024414062
2024-09-03,226.65398476754012,227.10024860517055,219.33520335446548,220.92193603515625,50190600,220.92193603515625
2024-09-04,219.821176613538,219.9401762860646,215.6758448114514,219.0178985595703,43840200,219.0178985595703
2024-09-05,219.79140861107143,223.60946073514918,219.6823205428289,220.53518676757812,36615400,220.53518676757812
2024-09-06,222.09216799264019,223.3714749735505,217.94685141211724,218.98814392089844,48423000,218.98814392089844
2024-09-09,218.9881123209545,219.43437615112032,214.91220775865924,219.07736206054688,67180000,219.07736206054688
2024-09-10,217.10388142289187,219.6426417511051,214.9320468059923,218.2840118408203,51591000,218.2840118408203
2024-09-11,219.62280899168329,221.23927647566495,216.0824178921796,220.81285095214844,44587100,220.81285095214844
2024-09-12,220.65417167969628,221.69546405563682,217.99641184157417,220.92193603515625,37455600,220.92193603515625
2024-09-13,221.72523244234597,222.18140791181287,220.06908820245332,220.65419006347656,36766600,220.65419006347656
2024-09-16,214.74362792854853,215.4179946756504,212.14536768072225,214.5254669189453,59357400,214.5254669189453
2024-09-17,213.96016573653907,215.10061943149995,212.7205355758407,214.9915313720703,45519300,214.9915313720703
2024-09-18,215.7452565018275,220.86245391858552,215.7353297749969,218.8592071533203,59894900,218.8592071533203
2024-09-19,223.12352684243388,227.91345980340301,222.7665127356472,226.97132873535156,66781300,226.97132873535156
2024-09-20,228.06218997691118,231.15630188440372,225.73167932081682,226.30686950683594,318679900,226.30686950683594
2024-09-23,225.45401003818398,227.54650632766106,223.93670395169437,224.5912322998047,54146000,224.5912322998047
2024-09-24,226.75317542181838,227.44738051700955,223.85740076750545,225.48379516601562,43556100,225.48379516601562
2024-09-25,223.06402418257602,225.40444676008957,222.1615848378298,224.49208068847656,42308700,224.49208068847656
2024-09-26,225.41436171300208,226.60440369502516,223.54004142995942,225.63253784179688,36636700,225.63253784179688
2024-09-27,226.56475422029098,227.6159582791164,225.41437368594384,225.90029907226562,34026000,225.90029907226562
2024-09-30,228.13164162372897,231.0670928955078,227.7448775670891,231.0670928955078,54541900,231.0670928955078
2024-10-01,227.6159583693189,227.74486962890148,221.88390914906273,224.3334197998047,63285000,224.3334197998047
2024-10-02,224.0160654907427,225.48378349827837,221.16987922367838,224.898681640625,32880600,224.898681640625
2024-10-03,223.27228007150777,224.928424248049,221.46738631978812,223.79788208007812,34044200,223.79788208007812
2024-10-04,226.00939895190598,226.10857543260985,222.27068471823083,224.9185333251953,37245100,224.9185333251953
2024-10-07,222.63759275105315,223.81772316941647,219.49389225502094,219.8509063720703,39505400,219.8509063720703
2024-10-08,222.43925780658088,224.10531361949606,221.3979653574062,223.89706420898438,31855700,223.89706420898438
2024-10-09,223.36151510273743,227.84402197002447,222.96483950692257,227.63575744628906,33591100,227.63575744628906
2024-10-10,225.89038125247495,227.59611368544336,225.28544108575701,227.13992309570312,28183500,227.13992309570312
2024-10-11,227.39775944467098,227.50684750397573,225.45401269675094,225.6622772216797,31759200,225.6622772216797
2024-10-14,226.80274288926017,229.8076053434174,226.70358155060512,229.3811798095703,39882100,229.3811798095703
2024-10-15,231.67201972311165,235.51983687729248,230.44230106244424,231.9100341796875,64751400,231.9100341796875
2024-10-16,229.67870875165642,230.19438406287304,227.9332995992129,229.85720825195312,34082200,229.85720825195312
2024-10-17,231.4934859003546,231.91001494787182,228.6076384062416,230.22410583496094,32993800,230.22410583496094
2024-10-18,234.22066437649204,234.22066437649204,232.0686683201459,233.0504608154297,46431500,233.0504608154297
2024-10-21,232.5050303027995,234.8851292946414,232.5050303027995,234.5181884765625,36254500,234.5181884765625
2024-10-22,231.94970749678197,234.2603802258017,230.67041566655348,233.9033660888672,38846600,233.9033660888672
2024-10-23,232.13812257917175,233.18932661738793,225.87054472777703,228.8456573486328,52287000,228.8456573486328
2024-10-24,228.0721096303277,228.9051525928802,226.5151420282862,228.6572265625,31109500,228.6572265625
2024-10-25,227.83412074973037,231.28524701350278,227.665532857223,229.49026489257812,38802300,229.49026489257812
2024-10-28,231.38442210065006,232.78271346714027,230.62080565968694,231.4637451171875,36087100,231.4637451171875
2024-10-29,231.1662580738538,232.38605001867157,230.3927299983884,231.7315216064453,35417200,231.7315216064453
2024-10-30,230.68030356750913,231.53316974412917,227.64569128136466,228.19113159179688,47070900,228.19113159179688
2024-10-31,227.43744214117888,227.92338265648337,223.50037517792762,224.03590393066406,64370100,224.03590393066406
2024-11-01,219.1368672842602,223.4805363045207,218.44267740554844,221.06077575683594,65276700,221.06077575683594
2024-11-04,219.15671602208408,220.94177147156717,217.88733586004025,220.16824340820312,44944500,220.16824340820312
2024-11-05,219.9599772111233,222.0921350198155,219.30544885909725,221.59628295898438,28111300,221.59628295898438
2024-11-06,220.76325691115125,224.19455985797964,219.3550388628842,220.87234497070312,54561100,220.87234497070312
2024-11-07,222.7665171269793,225.9895557457087,222.7070172967094,225.59286499023438,42137700,225.59286499023438
2024-11-08,225.53330763226646,227.01257809039103,224.77878865400953,225.3248291015625,38328800,225.3248291015625
2024-11-11,223.3789433198207,224.07389700260043,219.90415975706793,222.61448669433594,42005600,222.61448669433594
2024-11-12,222.93218846295187,223.96468891324545,221.75075962779928,222.61448669433594,40398300,222.61448669433594
2024-11-13,222.39607398240116,225.0170530189228,221.15507983350162,223.49807739257812,48566200,223.49807739257812
2024-11-14,223.398802697962,227.22105551450989,223.3789425502784,226.57574462890625,44923900,226.57574462890625
2024-11-15,224.76885944610046,225.2851172657963,222.65421566813873,223.3789520263672,47923700,223.3789520263672
2024-11-18,223.62713486361545,228.08479108540536,223.54770942404784,226.37718200683594,44633700,226.37718200683594
2024-11-19,225.34466282087314,228.50175961033486,225.02697621656037,226.6352996826172,36211800,226.6352996826172
2024-11-20,226.41689814964724,228.27342054954684,224.26253412411586,227.35012817382812,35169600,227.35012817382812
2024-11-21,227.2309725554499,228.50174921258224,224.08381355701644,226.87356567382812,42108300,226.87356567382812
2024-11-22,226.41686457306912,229.05770336713667,226.41686457306912,228.2138214111328,38168300,228.2138214111328
2024-11-25,229.79240040372403,231.5694972757357,228.08479132337303,231.19223022460938,90152800,231.19223022460938
2024-11-26,231.6489234928732,233.87279036398945,231.6489234928732,233.366455078125,45986200,233.366455078125
2024-11-27,232.78070364946953,233.99191506726265,232.12545514826604,233.2373809814453,33498400,233.2373809814453
2024-11-29,233.1182385238603,236.0966241243161,232.28429419145726,235.62008666992188,28481400,235.62008666992188
2024-12-02,235.5605381566453,239.0551666028684,235.45133007089746,237.8638153076172,48137100,237.8638153076172
2024-12-03,238.08222901174219,241.01097200063165,237.17878168890522,240.90176391601562,38861000,240.90176391601562
2024-12-04,241.12019505186365,242.35126670496282,239.5118714775545,241.25918579101562,44383900,241.25918579101562
2024-12-05,242.2321233137982,242.77814859306412,240.38552350615552,241.28895568847656,40033900,241.28895568847656
2024-12-06,241.1599112680226,242.86752040520184,240.33588934668637,241.0904083251953,36870600,241.0904083251953
2024-12-09,240.08769312504634,245.4587194212017,240.00826768189094,244.9722442626953,44649200,244.9722442626953
2024-12-10,245.11121388943334,246.4217108653419,243.57237825215392,245.98487854003906,36914800,245.98487854003906
2024-12-11,246.17352158557497,248.9930565140259,244.48575750906295,244.714111328125,45205800,244.714111328125
2024-12-12,245.11123992691697,246.94791735826738,243.90995090472455,246.1735382080078,32777500,246.1735382080078
2024-12-13,246.03453629863122,247.4939314395242,244.46591792091505,246.34230041503906,33155300,246.34230041503906
2024-12-16,246.2033247964557,249.5689004337868,245.86576286364547,249.23133850097656,51694800,249.23133850097656
2024-12-17,248.27824960945253,252.00123197197036,247.98040799068028,251.65374755859375,51356400,251.65374755859375
2024-12-18,250.34326772719038,252.4479889260113,245.95511429725673,246.26287841796875,56774100,246.26287841796875
2024-12-19,245.71684652457995,250.18442555229956,245.3097967996626,247.99034118652344,60882300,247.99034118652344
2024-12-20,246.2529371403228,253.16279902630112,243.919877297432,252.65647888183594,147495300,252.65647888183594
2024-12-23,252.93446477293034,253.80811434244586,251.6239676953758,253.4308624267578,40858800,253.4308624267578
2024-12-24,253.64924013847912,256.34962902881983,253.45066898797964,256.3397216796875,23234700,256.3397216796875
2024-12-26,256.32980188696064,258.2260444048055,255.77383898408218,257.15380859375,27237100,257.15380859375
2024-12-27,255.972417613419,256.83617503774866,251.23679459279407,253.74856567382812,42355300,253.74856567382812
2024-12-30,250.41273247360002,251.67358663649517,248.94339979921563,250.38294982910156,35557500,250.38294982910156
2024-12-31,250.62123433005314,251.45517870098834,247.63291094425557,248.61578369140625,39480700,248.61578369140625
2025-01-02,247.1365264348607,247.3053149666319,240.07776640397734,242.0931396484375,55740700,242.0931396484375
2025-01-03,241.6066436767578,242.42072787413275,240.14723350152744,241.6066436767578,40244100,241.6066436767578
2025-01-06,242.5498168429892,245.54806288478193,241.4478134561986,243.23484802246094,45045600,243.23484802246094
2025-01-07,241.22940732447114,243.78089861816605,239.61116122247878,240.4649658203125,40856000,240.4649658203125
2025-01-08,240.17703689438372,241.9541489627904,238.32051453305579,240.951416015625,37628900,240.951416015625
2025-01-10,238.28080700459313,238.42973539672147,231.3213170399406,235.14358520507812,61710900,235.14358520507812
2025-01-13,231.84750029737077,232.97928640713008,228.06495238182922,232.7112274169922,49630700,232.7112274169922
2025-01-14,233.05869925952226,234.41882398797216,230.79512716232853,231.5992889404297,39435300,231.5992889404297
2025-01-15,232.94949481929564,237.2383779015073,232.74100113522098,236.15621948242188,39832000,236.15621948242188
2025-01-16,235.63995285298606,236.29518618874627,226.38709407905125,226.6154327392578,71759100,226.6154327392578
2025-01-17,230.447655820989,230.61642921557544,226.83388128979956,228.3230743408203,68488300,228.3230743408203
2025-01-21,222.38612124582832,222.80309340530198,217.79941234276583,221.03591918945312,98070400,221.03591918945312
2025-01-22,218.2064751614249,222.5052806842356,218.2064751614249,222.21737670898438,64126500,222.21737670898438
2025-01-23,223.1208199792776,225.394314538592,220.69839703644928,222.04859924316406,60234800,222.04859924316406
2025-01-24,223.160517277336,224.00439930767484,219.81480209957203,221.1749267578125,54697900,221.1749267578125
2025-01-27,222.4059977899183,230.47741293083342,222.36627749626697,228.20391845703125,94863400,228.20391845703125
2025-01-28,229.18679454547646,238.4594987479956,229.147074251248,236.54339599609375,75707600,236.54339599609375
2025-01-29,232.43322998057818,238.13188043636077,232.32402189200354,237.63548278808594,45486100,237.63548278808594
2025-01-30,236.95044029141235,239.05516137192973,235.50096771104396,235.8782196044922,55658300,235.8782196044922
2025-01-31,245.4090800423025,245.4090800423025,231.7581442550369,234.29969787597656,100959800,234.29969787597656
2025-02-03,228.33299411580026,230.15973381299622,224.0738938399255,226.36724853515625,73063300,226.36724853515625
2025-02-04,225.61271003037928,231.45035067549782,225.0170268486458,231.1227264404297,45067300,231.1227264404297
2025-02-05,226.88350440739822,230.99367626573292,226.625383087866,230.7951202392578,39620300,230.7951202392578
2025-02-06,229.62360070928509,232.11552641696264,228.76979621063217,231.53970336914062,29925300,231.53970336914062
2025-02-07,230.92416830424466,232.3140755170278,225.6226304523949,225.98997497558594,39707200,225.98997497558594
2025-02-10,228.16660736242451,229.1803610121675,225.81108525741098,226.25833129882812,33115600,226.25833129882812
2025-02-11,226.80497424991785,233.79199753404617,226.7354100570617,231.1979522705078,53718400,231.1979522705078
2025-02-12,229.78663009476247,235.51142789245534,229.26980470124647,235.42196655273438,45243300,235.42196655273438
2025-02-13,235.46174477414044,240.85854326211725,234.12993999243653,240.05349731445312,53614100,240.05349731445312
2025-02-14,239.77517912233392,244.04889519264196,239.51677402617887,243.10470581054688,40896200,243.10470581054688
2025-02-18,242.65748906255496,243.68119139214684,240.36161266967392,242.9755401611328,48822500,242.9755401611328
2025-02-19,243.16433914739287,244.50607717853558,241.67350900245088,243.373046875,32204200,243.373046875
2025-02-20,243.44262036367402,245.2713683243621,242.79658488378954,244.32717895507812,32316900,244.32717895507812
2025-02-21,244.44645306890683,247.1697083342209,243.72091995824803,244.0489044189453,53197400,244.0489044189453
2025-02-24,243.43269920852308,247.33868242018207,242.92582237394555,245.58944702148438,51326400,245.58944702148438
2025-02-25,246.48393846255715,248.47171215983582,243.41283173998391,245.52980041503906,48013300,245.52980041503906
2025-02-26,242.83637220684057,243.48239258336395,237.66816369812489,238.89064025878906,44433600,238.89064025878906
2025-02-27,237.94645181292123,240.9778097055873,235.61081167459415,235.84934997558594,41153600,235.84934997558594
2025-02-28,235.5014815283524,240.61005923211764,228.7927454203557,240.36158752441406,56833400,240.36158752441406
2025-03-03,240.31189930334125,242.53821134874983,234.66662916873,236.57489013671875,47184000,236.57489013671875
2025-03-04,236.2568645897131,238.60243830930253,233.24537329325,234.48773193359375,53798100,234.48773193359375
2025-03-05,233.9808533299346,235.10395038542654,227.82869096216822,234.2989044189453,47227600,234.2989044189453
2025-03-06,233.00684447444675,236.4059358119138,231.73467047090975,233.8914031982422,45170400,233.8914031982422
2025-03-07,233.67273718007357,239.89446338205195,233.32487071745646,237.60853576660156,46273600,237.60853576660156
2025-03-10,234.10009611136832,234.71631625547707,222.84930513729455,226.08937072753906,72071200,226.08937072753906
2025-03-11,222.44182022291236,224.45940937640347,216.12069905845206,219.48997497558594,76137400,219.48997497558594
2025-03-12,218.7942505386503,220.39440897367027,213.5962265598192,215.653564453125,62547500,215.653564453125
2025-03-13,214.62986833256545,215.51442704761877,207.14590135231947,208.398193359375,61368300,208.398193359375
2025-03-14,209.95857893569573,212.64207016591416,208.29878985935505,212.1848907470703,60107600,212.1848907470703
2025-03-17,212.00600336087763,213.9043309003415,208.68642489319868,212.69178771972656,48073400,212.69178771972656
2025-03-18,212.85080057479257,213.83473880015984,210.19712464056028,211.38978576660156,42432400,211.38978576660156
2025-03-19,212.91042558181826,217.42266485537363,212.44329758558237,213.9241943359375,54385400,213.9241943359375
2025-03-20,212.68187056105958,216.16047483161037,210.92268644075222,212.79119873046875,48862900,212.79119873046875
2025-03-21,210.26668206389348,217.50217651661012,209.98839498228966,216.9356689453125,94127800,216.9356689453125
2025-03-24,219.64899945464327,220.1260609084734,217.24379503613238,219.38064575195312,44299500,219.38064575195312
2025-03-25,219.4203781558929,222.7300227946097,218.73459388406312,222.3821563720703,34493600,222.3821563720703
2025-03-26,222.1436270366165,223.64440576884627,219.12221792138408,220.1757354736328,34466100,220.1757354736328
2025-03-27,220.03659916949772,223.61459773398053,219.21167130142226,222.4815673828125,37094800,222.4815673828125
2025-03-28,220.31488968867507,222.44180687800483,216.34927581514728,216.56793212890625,39818600,216.56793212890625
2025-03-31,215.6833836525119,224.24075018814546,214.90815310911736,220.7720947265625,65299300,220.7720947265625
2025-04-01,218.46626491168394,222.31260214779184,217.5618242432653,221.8256072998047,36412700,221.8256072998047
2025-04-02,219.9670202377264,223.81335706264446,219.6688511830836,222.52130126953125,35905900,222.52130126953125
2025-04-03,204.2835010267849,206.22159255986557,200.01973301812973,201.9478759765625,103419000,201.9478759765625
2025-04-04,192.70470416765195,198.65809134675584,186.19474282689396,187.2283935546875,125910900,187.2283935546875
2025-04-07,176.1167553732534,192.96313526897592,173.55252535537636,180.35072326660156,160466300,180.35072326660156
2025-04-08,185.55866963100107,189.17641711488596,168.175598539417,171.365966796875,120859500,171.365966796875
2025-04-09,170.89886135544037,199.38366553820262,170.83923056375815,197.63442993164062,184395900,197.63442993164062
2025-04-10,187.9141974958541,193.5892830219747,181.88129692496375,189.2559356689453,121880000,189.2559356689453
2025-04-11,184.96233608452022,198.32016168749274,184.92257212057936,196.93865966796875,87435900,196.93865966796875
2025-04-14,210.14743595954587,211.63826622013798,199.9302804535287,201.28196716308594,101352900,201.28196716308594
2025-04-15,200.6259945192588,202.26590170954893,198.57859009217825,200.90428161621094,51343900,200.90428161621094
2025-04-16,197.1473909296092,199.47308245703653,191.19400339685228,193.0823974609375,59732400,193.0823974609375
2025-04-17,195.99447418061752,197.61451451967758,193.2314700862815,195.77581787109375,52164700,195.77581787109375
2025-04-21,192.08851517151226,192.6152739871965,188.64966000796989,191.97918701171875,46742500,191.97918701171875
2025-04-22,194.92108593270402,200.3576482646354,194.77200897005906,198.5189666748047,52976400,198.5189666748047
2025-04-23,204.7406939661261,206.72846769395255,201.56025903470575,203.34925842285156,52929200,203.34925842285156
2025-04-24,203.63746952607698,207.55338601533765,201.69939326414854,207.09619140625,47311000,207.09619140625
2025-04-25,205.10841141990002,208.46775361357263,204.9394524859384,208.00062561035156,38222300,208.00062561035156
2025-04-28,208.71621839949725,210.2070485309222,206.19175271644127,208.85536193847656,38743100,208.85536193847656
2025-04-29,207.41425458581946,210.94255602883885,207.096203506044,209.91885375976562,36827600,209.91885375976562
2025-04-30,208.02050829648644,212.2743425468257,205.40658118436113,211.20094299316406,52286500,211.20094299316406
2025-05-01,207.80187477964563,213.2483707428857,207.62296725165953,212.01596069335938,57365700,212.01596069335938
2025-05-02,204.83013207172814,205.72463931330321,200.92416412992952,204.09466552734375,101010600,204.09466552734375
2025-05-05,201.85843431656065,202.8523212109494,196.99832800962005,197.67416381835938,69018500,197.67416381835938
2025-05-06,196.9983091053983,199.42338015596502,195.81558138809015,197.2964630126953,51216500,197.2964630126953
2025-05-07,197.95242524507105,198.22077891807172,192.0686174137577,195.05027770996094,68536700,195.05027770996094
2025-05-08,196.51130456752412,198.82706269335065,193.48988012199126,196.28271484375,50478900,196.28271484375
2025-05-09,197.7834732241415,199.31405222350435,196.3323918231404,197.31634521484375,36453900,197.31634521484375
2025-05-12,209.95526516858178,210.2538252478288,205.75556156059073,209.776123046875,63775800,209.776123046875
2025-05-13,209.4178625594749,212.3735786127325,207.99474788922345,211.9058380126953,51909300,211.9058380126953
2025-05-14,211.40824098508043,212.91098786371114,209.56714827780408,211.30873107910156,49325800,211.30873107910156
2025-05-15,209.9353425862246,211.9356843489774,208.5321209406448,210.4329376220703,45029500,210.4329376220703
2025-05-16,211.33858120774948,211.54757782116647,208.7610423595207,210.24386596679688,54737900,210.24386596679688
2025-05-19,206.9100072183761,208.47244800462508,203.27755371752323,207.77581787109375,46140500,207.77581787109375
2025-05-20,206.6711222878563,207.46727738969238,204.04382108157407,205.86502075195312,42496600,205.86502075195312
2025-05-21,204.18315305948536,206.04415370597744,199.74461367242378,201.1179656982422,59211800,201.1179656982422
2025-05-22,199.74464241928678,201.77482385442195,198.73949054480968,200.39151000976562,46742400,200.39151000976562
2025-05-23,192.73846975457602,196.74908474491085,192.52948833207407,194.33078002929688,78432900,194.33078002929688
2025-05-27,197.34619261173145,199.77445879612063,196.48036693049403,199.24700927734375,56288500,199.24700927734375
2025-05-28,199.62517414339177,201.75488030334262,198.9384905597645,199.45599365234375,45339700,199.45599365234375
2025-05-29,202.60081106845576,202.8297005493605,197.55518975609246,198.98826599121094,51396800,198.98826599121094
2025-05-30,198.4110493394953,200.98860329086406,195.83351057352263,199.88394165039062,70819900,199.88394165039062
2025-06-02,199.31667499872813,201.15778278546435,199.15744093584797,200.72984313964844,35423300,200.72984313964844
2025-06-03,200.38154929416936,202.78990771325485,199.99342573046133,202.2923126220703,46381600,202.2923126220703
2025-06-04,201.9340306292736,205.24801554678163,201.1279290627925,201.84446716308594,43604000,201.84446716308594
2025-06-05,202.5212149488215,203.76520275563243,199.18732155240895,199.66502380371094,55126100,199.66502380371094
2025-06-06,202.0236053289331,204.7106157617459,201.07817770068002,202.93917846679688,46607700,202.93917846679688
2025-06-09,203.40692547634254,205.0091823144686,199.05794913802782,200.48106384277344,72862600,200.48106384277344
2025-06-10,199.6351697720489,203.3671332010972,199.60531527944838,201.69520568847656,54672600,201.69520568847656
2025-06-11,202.5212126953003,203.51640292967522,197.45569804682734,197.82391357421875,60989900,197.82391357421875
2025-06-12,198.12244911144163,198.71955406677787,196.410720905765,198.2418670654297,43904600,198.2418670654297
2025-06-13,198.7693188209708,199.4062398916536,194.758703844025,195.50509643554688,51447300,195.50509643554688
2025-06-16,196.35101387226533,197.73432753277095,195.61456771612566,197.4656219482422,43020700,197.4656219482422
2025-06-17,196.2514839890114,197.43576263348734,194.27106541566712,194.69898986816406,38856200,194.69898986816406
2025-06-18,194.9975394291991,196.61970405840015,194.1317289512304,195.63446044921875,45394700,195.63446044921875
2025-06-20,197.28649906078425,200.72984844555882,195.9131318065836,200.03321838378906,96813500,200.03321838378906
2025-06-23,200.6602023375907,201.3269779408771,198.00304635957568,200.53082275390625,55814300,200.53082275390625
2025-06-24,201.61557243039425,202.46149014710028,199.23706853700068,199.3365936279297,54064000,199.3365936279297
2025-06-25,200.48105886821313,202.690382284235,199.65504919597097,200.5905303955078,39525700,200.5905303955078
2025-06-26,200.4611428555203,201.66532960796235,198.50063224789568,200.03321838378906,50799100,200.03321838378906
2025-06-27,200.91892502298623,202.2425296541318,199.03801637565215,200.11282348632812,73188600,200.11282348632812
2025-06-30,201.03834688076608,206.39247448465787,198.30157410241034,204.1831512451172,91912800,204.1831512451172
2025-07-01,205.67592638082795,209.17899961843958,205.1484768676989,206.82040405273438,78788900,206.82040405273438
2025-07-02,207.90519262679368,212.31387801499196,207.13889190503232,211.418212890625,67941800,211.418212890625
2025-07-03,211.12958235725722,213.61755770997246,210.7912213537831,212.52285766601562,34955800,212.52285766601562
2025-07-07,211.65701970580338,215.18994753990862,207.79569250723537,208.94015502929688,50229000,208.94015502929688
2025-07-08,209.08945658408672,210.41304612040562,207.4473837253886,208.9998779296875,42848900,208.9998779296875
2025-07-09,208.52217876921287,210.3135239719546,206.22329208627588,210.1244354248047,48749400,210.1244354248047
2025-07-10,209.49749609462273,212.45321238064957,209.01980902189666,211.38836669921875,44443600,211.38836669921875
2025-07-11,209.55720483784353,211.10969909895366,208.8506131239295,210.1443634033203,39765800,210.1443634033203
2025-07-14,208.92027389637033,209.89557123752414,206.54176989733165,207.6165771484375,38840100,207.6165771484375
2025-07-15,208.2137043224775,210.8708604550018,207.915144211828,208.10423278808594,42296300,208.10423278808594
2025-07-16,209.28849593835915,211.37838618562168,207.63647661047767,209.149169921875,47490500,209.149169921875
2025-07-17,209.5571995447156,210.78127919114968,208.58190225319882,209.0098419189453,48068100,209.0098419189453
2025-07-18,209.85575432940058,210.77132749863404,208.6913836081342,210.1642608642578,48974600,210.1642608642578
2025-07-21,211.07983063398711,214.74212298846783,210.61209006251647,211.45799255371094,51377400,211.45799255371094
2025-07-22,212.11484021935428,213.91613206526756,211.20921348603295,213.3687744140625,46404100,213.3687744140625
2025-07-23,213.96588230147148,214.11515474984876,211.38834345684663,213.11996459960938,46989300,213.11996459960938
2025-07-24,212.87116805528336,214.65256693634578,212.50295255730364,212.73184204101562,46022600,212.73184204101562
2025-07-25,213.6673206036272,214.2047317845148,212.37357038101962,212.8512725830078,40268800,212.8512725830078
2025-07-28,213.00055398053098,213.81661722083774,212.03521828670327,213.0204620361328,37858000,213.0204620361328
2025-07-29,213.14980632007004,213.77678093648746,209.8059821935656,210.25381469726562,51411700,210.25381469726562
2025-07-30,210.88077731884883,211.36842593737322,206.72088996610802,208.04449462890625,45512500,208.04449462890625
2025-07-31,207.4872131893059,208.83071086700429,206.1636083824018,206.57164001464844,80698400,206.57164001464844
2025-08-01,209.85574027592583,212.5527122409286,200.53081350952442,201.40658569335938,104434500,201.40658569335938
2025-08-04,203.52634207300898,206.88014336875773,200.70995198839026,202.37193298339844,75109300,202.37193298339844
2025-08-05,202.42167200915333,204.35234334482283,201.18764593221573,201.94398498535156,44155100,201.94398498535156
2025-08-06,204.6409599471833,214.3440641251077,204.60114383647723,212.22430419921875,108483100,212.22430419921875
2025-08-07,217.8272171299369,219.78774287041324,215.5382768294147,218.9716796875,90224800,218.9716796875
2025-08-08,219.76784743364436,229.88892965735022,218.19544514014734,228.2468719482422,113854000,228.2468719482422
2025-08-11,227.08116933177635,228.71513292468896,223.9327956372812,226.34388732910156,61806100,226.34388732910156
2025-08-12,227.17083074525974,229.95057099439725,226.23430307406312,228.80479431152344,55626200,228.80479431152344
2025-08-13,230.2195756343437,234.1351043372746,229.58191650034667,232.47125244140625,69878500,232.47125244140625
2025-08-14,233.1985666998313,234.25466305951576,230.0003892485326,231.92327880859375,51916300,231.92327880859375
2025-08-15,233.13880497436926,233.41777326838445,228.4959516198378,230.7376708984375,56038700,230.7376708984375
2025-08-18,230.8472538899505,232.26202593201924,229.26310933608104,230.0402374267578,37476200,230.0402374267578
2025-08-19,230.42880766374827,232.0129522601839,228.50591803460907,229.71145629882812,39402600,229.71145629882812
2025-08-20,229.13358225147155,229.6217843388592,224.93908515924198,225.17819213867188,42263900,225.17819213867188
2025-08-21,225.43723377620466,225.6863136691638,222.95639256938466,224.072265625,30621200,224.072265625
2025-08-22,225.33760837029214,228.2468598588307,224.58041092619504,226.9217529296875,42477800,226.9217529296875
2025-08-25,225.6464693442017,228.45609804536198,225.3973894325087,226.323974609375,30983100,226.323974609375
2025-08-26,226.03502689374838,228.6453946309622,223.86305742355088,228.46604919433594,54575100,228.46604919433594
2025-08-27,227.76862267507164,230.05018785299507,227.41990473660533,229.64170837402344,31259500,229.64170837402344
2025-08-28,229.9704999102399,232.55096405412047,228.4959359400532,231.70408630371094,38074700,231.70408630371094
2025-08-29,231.65426265633033,232.52107103838586,230.51845893056873,231.28562927246094,39418400,231.28562927246094
2025-09-02,228.4062708029861,230.00038826150748,226.1346633063032,228.87454223632812,44075600,228.87454223632812
2025-09-03,236.33697373754433,237.9709372370204,233.49745685978084,237.5923309326172,66427800,237.5923309326172
2025-09-04,237.57239985348932,239.0170601981439,235.8687018920251,238.8975067138672,47549400,238.8975067138672
2025-09-05,239.1167027112504,240.43185187342493,237.61226559630578,238.80784606933594,54870400,238.80784606933594
2025-09-08,238.41928864081726,239.2661511981365,235.47017586985078,237.0045166015625,48999500,237.0045166015625
2025-09-09,236.12775932745953,237.90120710535396,232.5011563745861,233.48751831054688,66313900,233.48751831054688
2025-09-10,231.33545739080094,231.56460664903227,225.118417424808,225.955322265625,83440800,225.955322265625
2025-09-11,226.04499474029723,229.60184779162614,225.81583028738913,229.1833953857422,50208600,229.1833953857422
2025-09-12,228.37638560886936,233.6469097348115,228.17712472443904,233.2085418701172,55824200,233.2085418701172
2025-09-15,236.12775635652346,237.31337916896246,234.16500543557729,235.828857421875,42699500,235.828857421875
2025-09-16,236.30708253667353,240.33222235518573,235.45026224943368,237.2735137939453,63421100,237.2735137939453
2025-09-17,238.09051246512186,239.21635855568803,236.85507060288438,238.11044311523438,46508000,238.11044311523438
2025-09-18,239.08682096339746,240.31228984200703,235.77903252032195,237.0045166015625,44249600,237.0045166015625
2025-09-19,240.342162048153,245.3935094903633,239.32592704772566,244.59645080566406,163741300,244.59645080566406
2025-09-22,247.38616206443075,255.69547916115815,247.2068166293636,255.13751220703125,105517400,255.13751220703125
2025-09-23,254.93828225227924,256.3929004583055,252.64674396870498,253.4936065673828,60275200,253.4936065673828
2025-09-24,254.2807025242173,254.79879299943292,250.11607847800005,251.38140869140625,42303700,251.38140869140625
2025-09-25,252.27811828759639,256.2235509944071,250.78363873545524,255.9246368408203,55202100,255.9246368408203
2025-09-26,253.16481067495934,256.6519291955366,252.84598111295833,254.51980590820312,46076300,254.51980590820312
2025-09-29,253.6231329894407,254.06151607705354,252.07883445903423,253.4936065673828,40127700,253.4936065673828
2025-09-30,253.92202035086734,254.97811672142575,252.17846100632588,253.69287109375,37704300,253.69287109375
2025-10-01,254.10134722927504,257.83756097799323,253.9917514638179,254.5098419189453,48713900,254.5098419189453
2025-10-02,255.63566078088252,257.229778167004,253.21461153357077,256.18365478515625,42630200,256.18365478515625
2025-10-03,253.73271197999827,258.2858846694617,253.01536064819075,257.07037353515625,49155600,257.07037353515625
2025-10-06,257.0404883747525,258.1165305885388,254.1113214696764,255.7452850341797,44664100,255.7452850341797
2025-10-07,255.86485915808862,256.4526841311554,254.48993311029045,255.5360870361328,31955800,255.5360870361328
2025-10-08,255.5758888188916,257.56852798749276,255.16739414069707,257.1102294921875,36496900,257.1102294921875
2025-10-09,256.86113993459566,257.0504430809132,252.20832947523735,253.10501098632812,38322000,253.10501098632812
2025-10-10,254.00171816056968,255.436420799504,243.10197943699816,244.3673095703125,61999100,244.3673095703125
2025-10-13,248.46217548947354,248.77103211910116,244.6562274921306,246.74850463867188,38142900,246.74850463867188
2025-10-14,245.69241642712313,247.93413549962378,243.79940008876653,246.8581085205078,35478000,246.8581085205078
2025-10-15,248.57178982967116,250.89321639065437,246.559219921403,248.42233276367188,33893600,248.42233276367188
2025-10-16,247.33635013275978,248.1234359576197,244.22783772705108,246.53929138183594,39777000,246.53929138183594
2025-10-17,247.1072067041429,252.4474806979352,246.3599669580113,251.36148071289062,49147000,251.36148071289062
2025-10-20,254.9481912125226,263.406949073437,254.68915362058422,261.2748107910156,90483000,261.2748107910156
2025-10-21,260.9161783410852,264.3136317818121,260.86634411857244,261.8028869628906,46695900,261.8028869628906
2025-10-22,261.6833338430701,261.882609922878,254.4899051977633,257.4988098144531,45015300,257.4988098144531
2025-10-23,258.9833552231903,259.66084534801524,257.06046542540827,258.6246643066406,32754900,258.6246643066406
2025-10-24,260.2287163700197,263.15789839957887,258.22610426270086,261.85272216796875,38253700,261.85272216796875
2025-10-27,263.9051197703755,268.1295048126629,263.6759553344934,267.8206481933594,44888200,267.8206481933594
2025-10-28,267.9999758056659,268.896687690681,267.16307106420925,268.00994873046875,41534800,268.00994873046875
2025-10-29,268.28892986747474,270.4110953948544,266.1269030442272,268.7073974609375,51086700,268.7073974609375
2025-10-30,270.98894793982623,273.1310593223432,267.49188695276854,270.401123046875,69886500,270.401123046875
2025-10-31,275.97053891965146,276.29934139392066,268.1693703205502,269.3749084472656,86167100,269.3749084472656
2025-11-03,269.42476736726525,269.8531775103368,265.2701011373342,268.0597839355469,50194600,268.0597839355469
2025-11-04,267.3424445625432,270.49081837885313,266.6350661079627,269.0461730957031,49274800,269.0461730957031
2025-11-05,267.6213843438783,270.70003856307255,265.94757476828966,269.1457824707031,43683100,269.1457824707031
2025-11-06,266.90407480138714,272.3937751745226,266.90407480138714,268.7771301269531,51204000,268.7771301269531
2025-11-07,268.80702532983145,271.2878818962731,265.7881780523408,267.48193359375,48227400,267.48193359375
2025-11-10,268.2298525605972,272.98692304032335,266.733924572705,268.6985778808594,41312400,268.6985778808594
2025-11-11,269.07757258136417,275.16101963639426,269.0675899882029,274.5028076171875,46208300,274.5028076171875
2025-11-12,274.2535373864602,274.9815668240292,270.96250711171905,272.7276916503906,48398000,272.7276916503906
2025-11-13,273.3658696206449,275.9488654308047,271.3513641926929,272.20904541015625,49602800,272.20904541015625
2025-11-14,270.31420819279356,275.21088338895913,268.8681625557137,271.6705322265625,47431300,271.6705322265625
2025-11-17,268.09027174019775,269.7557213346742,265.00866346949266,266.73394775390625,45018300,266.73394775390625
2025-11-18,269.25705465795,269.97510130800674,264.59974924229334,266.7139892578125,45677300,266.7139892578125
2025-11-19,264.80921977983166,271.47107967039307,264.77930243197466,267.83099365234375,40424500,267.83099365234375
2025-11-20,270.09480618650156,274.68232536305425,265.1981613886433,265.5272521972656,45823600,265.5272521972656
2025-11-21,265.2280517805383,272.5879921198442,264.9488130991126,270.75299072265625,59030800,270.75299072265625
2025-11-24,270.164627965921,276.24807542504453,270.164627965921,275.1710205078125,65585800,275.1710205078125
2025-11-25,274.52274228722064,279.6188865292943,274.5028075356392,276.2181396484375,46914200,276.2181396484375
2025-11-26,276.2082055022192,278.7712367451818,275.8791146523587,276.7966003417969,33431400,276.7966003417969
2025-11-28,276.50736791500816,278.242634823177,275.2407959413455,278.0930480957031,20135600,278.0930480957031
2025-12-01,277.2553332443013,282.65065109438723,275.3904143522869,282.3315124511719,46587700,282.3315124511719
2025-12-02,282.231773534172,286.619823290159,281.86278279875575,285.4131164550781,53669500,285.4131164550781
2025-12-03,285.4231155973949,287.8365294074879,282.5309633672564,283.378662109375,43538700,283.378662109375
2025-12-04,283.3287830094401,283.95707766942763,277.83373081751637,279.9380187988281,43989100,279.9380187988281
2025-12-05,279.77845592816414,280.37683325787106,277.2951945750906,278.0232238769531,47265800,278.0232238769531
2025-12-08,277.374989388386,278.9108174051644,275.4003533668138,277.1356506347656,38211800,277.1356506347656
2025-12-09,277.40493251311347,279.2698514894354,276.16830825817004,276.4275817871094,32193300,276.4275817871094
2025-12-10,276.9960211276047,278.9905919368044,275.68957968235776,278.0232238769531,33038300,278.0232238769531
2025-12-11,278.34237127554803,278.8310314000742,273.0667227973629,277.2752685546875,33248000,277.2752685546875
2025-12-12,277.14559334691864,278.4620173164318,276.06853855760204,277.5245666503906,39532900,277.5245666503906
2025-12-15,279.3894873363706,279.3894873363706,272.0993337942639,273.3658752441406,50409100,273.3658752441406
2025-12-16,272.07941349564567,274.752131096348,271.0522107383373,273.8645324707031,37648600,273.8645324707031
2025-12-17,274.2634587890498,275.41033087528734,270.9026119684932,271.10205078125,50138700,271.10205078125
2025-12-18,272.8672697170699,272.88723490520505,266.22537510199504,271.4511413574219,51630700,271.4511413574219
2025-12-19,271.4112306527045,273.8545921928022,269.1673383776201,272.9271240234375,144632000,272.9271240234375
2025-12-22,272.1192896847017,273.13654030849926,269.7756932559407,270.23443603515625,36571800,270.23443603515625
2025-12-23,270.1048034873943,271.7603010837797,268.8282792538215,271.62066650390625,29642000,271.62066650390625
2025-12-24,271.60070067851706,274.6823088952694,271.46109654935304,273.06671142578125,17910600,273.06671142578125
2025-12-26,273.4158142002898,274.6225212124231,272.1193247047194,272.6578674316406,21521800,272.6578674316406
2025-12-29,271.9497734782625,273.61522314661676,271.6107000753325,273.0168762207031,23715200,273.0168762207031
2025-12-30,272.06942798009953,273.3359694836473,271.54086793463244,272.33868408203125,22139600,272.33868408203125
2025-12-31,272.3187639976345,272.9370761103812,271.0123224859311,271.12200927734375,27293600,271.12200927734375
2026-01-02,271.52095990203577,277.0857995993762,268.26979943372277,270.27435302734375,37838100,270.27435302734375
2026-01-05,269.9053759278346,270.7730094869922,265.41759095171795,266.5345458984375,45647200,266.5345458984375
2026-01-06,266.27524679504927,266.8237416838396,261.4084883511094,261.6478271484375,52352100,261.6478271484375
2026-01-07,262.485556491205,262.96423405428067,259.10474402829175,259.6233215332031,48309800,259.6233215332031
2026-01-08,256.3222864925608,258.58614386359903,255.00587765735156,258.3368225097656,50419300,258.3368225097656
2026-01-09,258.3767027680543,259.5036402038468,255.52448097015204,258.6659240722656,39997000,258.6659240722656
2026-01-12,258.45648066308013,260.5906555331263,256.1028713590674,259.54351806640625,45263800,259.54351806640625
2026-01-13,258.01770778709204,261.0993163539261,257.68861696081353,260.34136962890625,45730800,260.34136962890625
2026-01-14,258.78557762508564,261.1092696408236,256.0131254420647,259.2543029785156,40019400,259.2543029785156
2026-01-15,259.94247342351326,260.3314293980394,256.35223934409396,257.50909423828125,39388600,257.50909423828125
2026-01-16,257.1998957308392,258.1971811198186,254.23795690818102,254.83633422851562,72142800,254.83633422851562
2026-01-20,252.04394930256512,254.09835490933511,242.75922413209136,246.0303192138672,80267500,246.0303192138672
2026-01-21,248.02489020045314,250.87712721718017,244.51444112970407,246.9777374267578,54641700,246.9777374267578
2026-01-22,248.52352576906395,250.31864258405668,247.47637302553753,247.67584228515625,39708300,247.67584228515625
2026-01-23,246.64863719927277,248.73296007338791,244.0157890837153,247.36666870117188,41689000,247.36666870117188
2026-01-26,250.7973501838168,255.86356228737432,249.121917868832,254.71669006347656,55969200,254.71669006347656
2026-01-27,258.4664899667647,261.2389423700868,257.5090739976807,257.56890869140625,49648300,257.56890869140625
2026-01-28,256.9505880888889,258.1572949521919,253.81911240916085,255.74388122558594,41288000,255.74388122558594
2026-01-29,257.29964922744847,258.94516415300217,253.7193980705993,257.5788879394531,67253000,257.5788879394531
2026-01-30,254.4773517832236,261.1890792690021,251.49546251262876,258.7756652832031,92443400,258.7756652832031
2026-02-02,259.3241194003358,269.7557160843994,258.50633807413067,269.27703857421875,73913400,269.27703857421875
2026-02-03,268.4692659190308,271.1419837262723,266.88355520832346,268.7485046386719,64394700,268.7485046386719
2026-02-04,271.55083028665655,278.19275421850585,271.55083028665655,275.7394104003906,90545700,275.7394104003906
2026-02-05,277.37501624935936,278.7412924914769,272.48832346973,275.1610412597656,52977400,275.1610412597656
2026-02-06,276.3677049075235,280.1474248180158,276.1782182606431,277.364990234375,50453400,277.364990234375
2026-02-09,277.41494619870406,277.70443813431814,271.2160169672847,274.13079833984375,44623400,274.13079833984375
2026-02-10,274.40031021957236,274.87943562430115,272.4537718732244,273.19244384765625,34376900,273.19244384765625
2026-02-11,274.2106536370846,279.6808719096702,273.9610989943363,275.00921630859375,51931300,275.00921630859375
2026-02-12,275.09909064411113,275.22886395053104,259.7165366668213,261.2637939453125,81077200,261.2637939453125
2026-02-13,261.5432690161623,261.7628783299504,254.9949421084194,255.32435607910156,56290700,255.32435607910156
2026-02-17,257.5903108294174,265.8156532326085,255.08478749757862,263.4099426269531,58469100,263.4099426269531
2026-02-18,263.13045584681157,266.3447212846438,261.9825104325609,263.8791198730469,34203300,263.8791198730469
2026-02-19,262.13220471573277,264.00886051677537,259.5867290635135,260.11578369140625,30845300,260.11578369140625
2026-02-20,258.50868117461044,264.2783836675007,257.7001265171608,264.1086730957031,42070500,264.1086730957031
2026-02-23,263.0206001676805,268.95002088588865,262.91081074777924,265.705810546875,37308200,265.705810546875
2026-02-24,267.38283777638213,274.4003442568012,267.233111068832,271.6552429199219,47014600,271.6552429199219
2026-02-25,271.29586819299504,274.45024283739696,270.567157599074,273.74151611328125,33714300,273.74151611328125
2026-02-26,274.4602128097023,275.61811956353745,270.31758130113775,272.4637756347656,32345100,272.4637756347656
2026-02-27,272.3240124520744,272.3240124520744,262.4217010495403,263.7093811035156,72366500,263.7093811035156
2026-03-02,261.94253069595567,266.05518620599753,259.73647625260065,264.2484130859375,41827900,264.2484130859375
2026-03-03,263.0106738027697,265.08695529305965,259.6666350681776,263.2801818847656,38568900,263.2801818847656
2026-03-04,264.17854815272653,265.67587606267574,260.95432154975975,262.0523376464844,39803100,262.0523376464844
2026-03-05,260.3254337562426,261.09405110124777,256.79173142961054,259.8263244628906,49658600,259.8263244628906
2026-03-06,258.16927189629365,258.3090066542827,253.916851068475,257.0013427734375,41120000,257.0013427734375
2026-03-09,255.2345148744848,260.68477987096253,253.22808575123491,259.41705322265625,38218500,259.41705322265625
2026-03-10,257.19102845716964,262.01244158439727,256.4922936817907,260.3653564453125,30590800,260.3653564453125
2026-03-11,260.62486739620806,261.6630231774062,259.08760235948154,260.3453674316406,26218900,260.3453674316406
2026-03-12,258.1992253881205,258.48871731031414,253.72719511663234,255.30438232421875,40794000,255.30438232421875
2026-03-13,255.024890934378,255.87336762960538,249.07551643845036,249.6744384765625,36930000,249.6744384765625
2026-03-16,251.66090222791988,253.43773019062647,249.4348789230203,252.36964416503906,32074200,252.36964416503906
2026-03-17,252.5093881906664,254.67552076289968,251.7307636559193,253.77711486816406,32361600,253.77711486816406
2026-03-18,252.1799767808244,254.48585937367065,248.55643828829037,249.49476623535156,35757900,249.49476623535156
2026-03-19,248.95572868612365,251.38140795985734,246.85947863088072,248.5165252685547,34864100,248.5165252685547
2026-03-20,247.53824109812177,248.75606899357115,245.56177255944445,247.54823303222656,88331100,247.54823303222656
2026-03-23,253.51758537106093,254.14646797882926,249.83415620831627,251.04200744628906,40546100,251.04200744628906
2026-03-24,249.90403139868116,254.37604644028636,249.10545347620703,251.1917266845703,45152300,251.1917266845703
2026-03-25,253.6473574345128,254.5457480998694,251.15181088451408,252.16998291015625,28476700,252.16998291015625
2026-03-26,251.67088153367666,256.5421934269488,250.32329549316128,252.43951416015625,41796700,252.43951416015625
2026-03-27,253.4477020992108,255.03488128462607,247.6281009352486,248.35679626464844,47900000,248.35679626464844
2026-03-30,249.62453299565456,250.4230956915925,245.07264337813007,246.19065856933594,39446200,246.19065856933594
2026-03-31,247.46837564153284,255.02488248828539,246.65982101631488,253.337890625,49598100,253.337890625
2026-04-01,253.62737973002484,255.7236296181179,252.8787157917901,255.17462158203125,40059400,255.17462158203125
2026-04-02,253.74717405681358,255.6737439434535,250.20349485503914,255.464111328125,31289400,255.464111328125
2026-04-06,256.053045051996,261.6929736576745,256.003115847535,258.3988342285156,29329900,258.3988342285156
2026-04-07,255.70368128016966,255.7436185540334,245.2623079794448,253.0484161376953,62148000,253.0484161376953
2026-04-08,257.98960165960847,259.2872736156141,256.0730086009651,258.43878173828125,41032800,258.43878173828125
2026-04-09,258.5386040524215,260.65482250105316,255.6138310165902,260.02593994140625,28121600,260.02593994140625
2026-04-10,259.5168819122501,261.7229364827484,258.5585701252562,260.0159912109375,31291500,260.0159912109375
2026-04-13,259.2673359057164,259.71651601158027,256.2027973984465,258.73828125,36234700,258.73828125
2026-04-14,258.78816168339415,261.4633801130582,256.73183388682423,258.368896484375,48370700,258.368896484375
2026-04-15,257.7001261657452,266.08515659729386,257.35074355126085,265.95538330078125,49913500,265.95538330078125
2026-04-16,266.3246925362851,266.6840670491935,260.804545264895,262.9307556152344,43323100,262.9307556152344
2026-04-17,266.4844323486072,271.8149160854778,266.24486962975914,269.7486267089844,61436200,269.7486267089844
2026-04-20,269.84841238867654,273.7913879220191,269.80850557942483,272.5635681152344,36590200,272.5635681152344
2026-04-21,271.0163536236942,272.3140256362382,264.9272139873882,265.69586181640625,50209800,265.69586181640625
2026-04-22,267.3429346055621,273.2523721409737,266.39461467279705,272.68341064453125,43249200,272.68341064453125
2026-04-23,274.56001085217736,275.2787294551341,271.1660737405759,272.9429016113281,33399600,272.9429016113281
2026-04-24,272.2741016414235,272.5735550213531,269.16962610782736,270.5771179199219,38157100,270.5771179199219
2026-04-27,265.6159889280984,267.88193422863776,264.59781690250213,267.1332702636719,41466800,267.1332702636719
2026-04-28,271.8548539018017,272.7432830913257,268.181416710472,270.2277526855469,40018900,270.2277526855469
2026-04-29,267.07336249706583,270.55716597281076,266.56429174844374,269.688720703125,30047900,269.688720703125
2026-04-30,270.018146234023,275.50834883767226,267.6623648300734,270.86663818359375,91848200,270.86663818359375
2026-05-01,278.36321169794013,286.7083346607987,277.87409435408995,279.6409606933594,79915400,279.6409606933594
2026-05-04,279.16182884121525,280.13010214166496,274.3703610857382,276.33685302734375,46668400,276.33685302734375
2026-05-05,276.43668191704,284.0630869835518,276.00745521106614,283.67376708984375,49311700,283.67376708984375
2026-05-06,281.4177950537395,287.5168959460148,280.5693031693742,286.9978332519531,58336100,286.9978332519531
2026-05-07,288.75467457606095,291.60959552514373,285.2709015174152,286.9279479980469,45224300,286.9279479980469
2026-05-08,289.49338424193445,294.2349225642168,289.48339230776435,292.7974853515625,52692800,292.7974853515625
2026-05-11,291.72841688276577,293.6267735875138,289.979924827367,292.42779541015625,42247300,292.42779541015625
2026-05-12,292.3078994315659,295.0155556946294,292.3078994315659,294.54595947265625,45748100,294.54595947265625
2026-05-13,293.24708951115105,300.6607090744109,293.24708951115105,298.6124572753906,52684300,298.6124572753906
2026-05-14,299.5616620172475,300.1911240450107,295.12548538387824,297.9530334472656,35324900,297.9530334472656
2026-05-15,297.643304079477,302.93875555297063,296.26448829773227,299.9713134765625,54862800,299.9713134765625
2026-05-18,299.98126929450746,300.4009207908792,294.6558756451712,297.5833435058594,34483000,297.5833435058594
2026-05-19,296.7140952726279,300.2510533099592,296.09463441963413,298.7123718261719,42243600,298.7123718261719
2026-05-20,297.9230626302997,302.5390768782648,297.82314269813475,301.98956298828125,38229800,301.98956298828125
2026-05-21,300.80056674721834,305.27671719779084,300.1411318265125,304.7271728515625,42965100,304.7271728515625
2026-05-22,305.85620846339293,311.13165741506583,305.57645096183757,308.55389404296875,43670200,308.55389404296875
2026-05-26,309.29325163060713,311.5513139598484,307.4048960873393,308.0643005371094,48000500,308.0643005371094
2026-05-27,308.0643052358437,312.9900803339556,308.0343323058515,310.5821533203125,50430900,310.5821533203125
2026-05-28,310.412282475935,312.5304508120942,309.30325358892543,312.24072265625,48220400,312.24072265625
2026-05-29,311.5113496628706,314.7285763294451,309.2632884033746,311.7911071777344,70026800,311.7911071777344
2026-06-01,309.363197507879,310.67206624496237,304.7571540774977,306.0460510253906,48849900,306.0460510253906
2026-06-02,307.1950545511415,315.1781903378333,306.42572903356995,314.92840576171875,44534700,314.92840576171875
2026-06-03,313.9092501546009,316.6668815001487,308.5838566628498,309.9926452636719,50836700,309.9926452636719
2026-06-04,312.96009909963743,313.26982953176514,309.38316692864953,310.9618225097656,44869100,310.9618225097656
2026-06-05,312.5903972939029,314.8984348439246,306.8853260765596,307.0751647949219,65310500,307.0751647949219
2026-06-08,308.4739595974908,317.1265012321255,300.9105055796523,301.2801818847656,77949100,301.2801818847656
2026-06-09,300.0212482417878,300.4908444635933,287.5320194610898,290.29962158203125,70108800,290.29962158203125
2026-06-10,290.4894628291428,294.4960172141002,287.1323727394638,291.3287353515625,52793300,291.3287353515625
2026-06-11,293.4668864344149,296.7440586571729,289.3404406054596,295.375244140625,42572500,295.375244140625
2026-06-12,295.7749221682621,296.88398158337014,289.3704417369658,290.879150390625,38742100,290.879150390625
2026-06-15,293.8665449684006,297.5233947188816,291.4486474146935,296.1645812988281,45732600,296.1645812988281
2026-06-16,294.99559499590845,300.2210994929347,293.71669913987887,298.9821472167969,39874400,298.9821472167969
2026-06-17,300.59074812548096,301.8096980081642,294.10632015937927,295.6949768066406,42745100,295.6949768066406
2026-06-18,297.8530937792582,300.31099586682666,295.3652492546472,297.7532043457031,85962200,297.7532043457031
2026-06-22,297.05381866220307,302.1594314563154,296.5043047694293,296.75408935546875,44879900,296.75408935546875
2026-06-23,297.2836155142734,301.3800886038737,293.9264950024863,294.04638671875,52010900,294.04638671875
2026-06-24,295.1054570720635,299.4417438827621,292.68755959702736,292.8274230957031,53081900,292.8274230957031
2026-06-25,287.1523472601469,288.55113481081804,273.5141152813601,274.91290283203125,107013700,274.91290283203125
2026-06-26,274.7630284991681,285.70360492137456,273.9737007161028,283.53546142578125,261775500,283.53546142578125
2026-06-29,286.4829438934296,288.12151489662153,279.6088673150861,281.4972229003906,66427000,281.4972229003906
2026-06-30,280.9277417485351,289.69017405322865,280.45814550695326,289.11065673828125,65100200,289.11065673828125
2026-07-01,293.1871503157195,296.33442991747245,288.95081360688545,294.1263427734375,50164200,294.1263427734375
2026-07-02,293.866538367699,309.15337194761725,293.4269150966668,308.3640441894531,75352800,308.3640441894531
2026-07-06,307.0951430290638,313.9292760509671,306.7354678654279,312.3905944824219,53590000,312.3905944824219
2026-07-07,315.0183186077797,315.20815732134815,309.88273318392555,310.3923034667969,42490000,310.3923034667969
2026-07-08,311.6412289475945,314.5487250421545,306.7854009831778,313.1199645996094,41323500,313.1199645996094
2026-07-09,310.24243869469103,316.2572401947346,307.8944576262147,315.947509765625,48124500,315.947509765625
2026-07-10,314.4488202226986,316.6369356310425,311.9010296470402,315.0483093261719,34132300,315.0483093261719
2026-07-13,316.7468014245228,323.171283634363,315.5078797345754,317.03656005859375,43257800,317.03656005859375
2026-07-14,313.48965629761443,315.91755515351207,311.64124426456783,314.58868408203125,36336800,314.58868408203125
2026-07-15,317.34631234952286,328.44675508114506,317.0465830462295,327.2178039550781,60957600,327.2178039550781
2026-07-16,327.72736328456057,334.3915986652446,326.50841333986017,332.97283935546875,62970600,332.97283935546875
2026-07-17,331.693929977533,334.7013154010385,328.71648699084636,333.452392578125,63407100,333.452392578125
2026-07-20,333.2226134619852,333.4224228207836,323.4010672140761,326.3085632324219,53468000,326.3085632324219
2026-07-21,322.85156758462244,329.3159936819017,321.94234806189104,327.45758056640625,41338900,327.45758056640625
2026-07-22,327.58746619388995,328.7164973399543,323.0613709608057,325.60919189453125,38755900,325.60919189453125
2026-07-23,321.4527900194849,323.0214140443725,319.0748358849152,321.3828430175781,40840800,321.3828430175781
2026-07-24,321.5127284115298,334.0818750563203,321.3428614810286,332.7330322265625,47489400,332.7330322265625
2026-07-27,334.2517370375488,339.277401491225,333.73216560461384,336.61968994140625,49604300,336.61968994140625
2026-07-28,339.73698155301014,342.59453283396704,335.31080637618777,339.78692626953125,51859000,339.78692626953125
2026-07-29,339.43727163464206,344.2730974331505,337.0593175600121,337.8985900878906,56090800,337.8985900878906
2026-07-30,332.8129674612056,334.4615395264105,329.30598233808786,333.1426696777344,74817800,333.1426696777344
2026-07-31,304.54735603914753,310.4222943774597,299.7415030462749,308.6438293457031,132489100,308.6438293457031
2026-08-03,309.313234694189,311.5313230344714,302.29929450581176,303.1585693359375,75052000,303.1585693359375
2026-08-04,302.46913991298527,310.1525156602479,301.0603512911937,309.1134033203125,68001000,309.1134033203125
2026-08-05,309.09342362565195,311.4414048335362,305.40663118634393,310.7320251464844,49438800,310.7320251464844
2026-08-06,314.06913775686996,316.0174696892129,308.96355554648414,312.14080810546875,46139900,312.14080810546875
2026-08-07,311.1816431226555,314.53873325457766,310.47223295908327,313.05999755859375,34437200,313.05999755859375
2026-08-10,306.8299865722656,308.260009765625,304.6099853515625,308.260009765625,44812500,308.260009765625
2026-08-11,307.75,309.9700012207031,302.7900085449219,304.9100036621094,37476700,304.9100036621094
2026-08-12,305.1000061035156,305.6600036621094,300.57000732421875,302.25,41657800,302.25
2026-08-13,304.2099914550781,306.0,302.04998779296875,305.260009765625,40349300,305.260009765625
2026-08-14,306.0,307.489990234375,304.29998779296875,305.92999267578125,28229400,305.92999267578125
2026-08-17,306.2099914550781,307.6600036621094,302.94000244140625,305.5899963378906,38169300,305.5899963378906
2026-08-18,307.5799865722656,311.489990234375,305.739990234375,310.0299987792969,53424500,310.0299987792969
2026-08-19,310.1400146484375,319.2799987792969,309.6000061035156,316.8299865722656,50505600,316.8299865722656
2026-08-20,317.4599914550781,320.2799987792969,310.6499938964844,311.29998779296875,40959200,311.29998779296875
2026-08-21,312.04998779296875,312.3800048828125,307.010009765625,309.3500061035156,46876800,309.3500061035156
2026-08-24,311.4700012207031,313.3599853515625,309.9700012207031,310.3399963378906,34673600,310.3399963378906
2026-08-25,310.7900085449219,313.5899963378906,308.2099914550781,309.8999938964844,25869800,309.8999938964844
2026-08-26,310.29998779296875,315.42999267578125,308.79998779296875,313.45001220703125,34024500,313.45001220703125
2026-08-27,310.54998779296875,315.3999938964844,309.3999938964844,314.5799865722656,32419200,314.5799865722656
2026-08-28,316.8500061035156,322.3699951171875,315.45001220703125,319.70001220703125,38649400,319.70001220703125
2026-08-31,319.6000061035156,321.239990234375,312.79998779296875,316.8500061035156,41242700,316.8500061035156
2026-09-01,316.9800109863281,327.29998779296875,314.7300109863281,325.1300048828125,53167400,325.1300048828125
2026-09-02,326.8699951171875,328.3999938964844,323.5299987792969,324.9599914550781,33776400,324.9599914550781
2026-09-03,324.8699951171875,330.80999755859375,324.1099853515625,328.2099914550781,37225800,328.2099914550781
2026-09-04,328.30999755859375,328.92999267578125,317.8599853515625,319.9700012207031,39606900,319.9700012207031
2026-09-08,317.1000061035156,320.70001220703125,314.8999938964844,316.2200012207031,35477100,316.2200012207031
2026-09-09,315.489990234375,319.1499938964844,309.8999938964844,315.3399963378906,65640000,315.3399963378906
2026-09-10,316.6700134277344,326.739990234375,316.510009765625,326.57000732421875,70011900,326.57000732421875
2026-09-11,327.45001220703125,336.2200012207031,326.29998779296875,332.2699890136719,50716900,332.2699890136719
2026-09-14,334.7900085449219,335.5,331.3399963378906,333.0799865722656,39269100,333.0799865722656
2026-09-15,330.1400146484375,331.7799987792969,328.3500061035156,331.3399963378906,31748200,331.3399963378906
2026-09-16,332.5299987792969,335.4800109863281,330.70001220703125,332.4100036621094,35981000,332.4100036621094
2026-09-17,334.7699890136719,338.3399963378906,330.17999267578125,337.0,36700200,337.0
2026-09-18,337.9100036621094,338.489990234375,332.5299987792969,336.1300048828125,86588200,336.1300048828125
2026-09-21,335.2799987792969,339.6400146484375,333.04998779296875,338.9800109863281,34999200,338.9800109863281
2026-09-22,340.1400146484375,345.3399963378906,338.75,339.75,40711800,339.75
2026-09-23,341.0799865722656,341.79998779296875,335.5,337.0199890136719,31658800,337.0199890136719
2026-09-24,336.7200012207031,338.9100036621094,334.29998779296875,335.9200134277344,24733100,335.9200134277344
2026-09-25,336.0400085449219,341.6700134277344,334.5299987792969,341.07000732421875,30002500,341.07000732421875
2026-09-28,340.3699951171875,342.989990234375,338.0400085449219,338.3999938964844,32820800,338.3999938964844
2026-09-29,336.9700012207031,337.0899963378906,328.70001220703125,329.3999938964844,38427200,329.3999938964844
